date,q.holcanco,h.holcanco
3/1/1999,31,0.5
3/2/1999,41.6,0.68
3/3/1999,90,1.07
3/4/1999,119,1.31
3/5/1999,111,1.27
3/6/1999,125,1.36
3/7/1999,143,1.48
3/8/1999,142,1.47
3/9/1999,140,1.46
3/10/1999,110,1.25
3/11/1999,82.8,1.05
3/12/1999,80.8,1.04
3/13/1999,101,1.19
3/14/1999,115,1.28
3/15/1999,0,0
3/16/1999,0,0
3/17/1999,0,0
3/18/1999,0,0
3/19/1999,0,0
3/20/1999,38.1,0.51
3/21/1999,56.2,0.75
3/22/1999,0,0
3/23/1999,0,0
3/24/1999,0,0
3/25/1999,0,0
3/26/1999,0,0
3/27/1999,0,0
3/28/1999,0,0
3/29/1999,0,0
3/30/1999,0,0
3/31/1999,0,0
4/1/1999,0,0
4/2/1999,0,0
4/3/1999,0,0
4/4/1999,0,0
4/5/1999,0,0
4/6/1999,0,0
4/7/1999,0,0
4/8/1999,0,0
4/9/1999,121,1.23
4/10/1999,155,1.56
4/11/1999,155,1.56
4/12/1999,373,2.61
4/13/1999,233,1.96
4/14/1999,145,1.46
4/15/1999,0,0
4/16/1999,0,0
4/17/1999,0,0
4/18/1999,0,0
4/19/1999,0,0
4/20/1999,0,0
4/21/1999,0,0
4/22/1999,0,0
4/23/1999,0,0
4/24/1999,101,1
4/25/1999,45.8,0.46
4/26/1999,0,0
4/27/1999,0,0
4/28/1999,0,0
4/29/1999,119,1.08
4/30/1999,137,1.31
5/1/1999,0,0
5/2/1999,0,0
5/3/1999,0,0
5/4/1999,0,0
5/5/1999,0,0
5/6/1999,0,0
5/7/1999,0,0
5/8/1999,0,0
5/9/1999,0,0
5/10/1999,0,0
5/11/1999,0,0
5/12/1999,0.006,0
5/13/1999,0.042,0.01
5/14/1999,0.05,0.01
5/15/1999,0.05,0.01
5/16/1999,0.05,0.01
5/17/1999,0.05,0.01
5/18/1999,0.05,0.01
5/19/1999,166,1.47
5/20/1999,225,1.97
5/21/1999,225,1.97
5/22/1999,234,2.01
5/23/1999,277,2.24
5/24/1999,276,2.23
5/25/1999,250,2.1
5/26/1999,225,1.97
5/27/1999,198,1.81
5/28/1999,179,1.7
5/29/1999,174,1.67
5/30/1999,173,1.67
5/31/1999,182,1.72
6/1/1999,236,2.02
6/2/1999,257,2.14
6/3/1999,246,2.08
6/4/1999,242,2.06
6/5/1999,241,2.05
6/6/1999,239,2.04
6/7/1999,238,2.04
6/8/1999,262,2.16
6/9/1999,281,2.26
6/10/1999,308,2.39
6/11/1999,338,2.54
6/12/1999,333,2.51
6/13/1999,269,2.19
6/14/1999,229,1.99
6/15/1999,203,1.84
6/16/1999,184,1.73
6/17/1999,175,1.68
6/18/1999,167,1.63
6/19/1999,174,1.67
6/20/1999,177,1.69
6/21/1999,200,1.82
6/22/1999,253,2.12
6/23/1999,269,2.2
6/24/1999,250,2.1
6/25/1999,240,2.05
6/26/1999,240,2.05
6/27/1999,240,2.05
6/28/1999,242,2.06
6/29/1999,258,2.14
6/30/1999,294,2.32
7/1/1999,307,2.39
7/2/1999,297,2.34
7/3/1999,282,2.26
7/4/1999,284,2.28
7/5/1999,275,2.23
7/6/1999,283,2.27
7/7/1999,295,2.33
7/8/1999,301,2.36
7/9/1999,280,2.25
7/10/1999,253,2.11
7/11/1999,180,1.7
7/12/1999,155,1.56
7/13/1999,154,1.55
7/14/1999,154,1.55
7/15/1999,156,1.56
7/16/1999,158,1.58
7/17/1999,127,1.37
7/18/1999,100,1.19
7/19/1999,35,0.42
7/20/1999,0,0
7/21/1999,0,0
7/22/1999,0,0
7/23/1999,0,0
7/24/1999,0,0
7/25/1999,111,1.11
7/26/1999,57.6,0.58
7/27/1999,0,0
7/28/1999,44.7,0.6
7/29/1999,52.1,0.79
7/30/1999,14.4,0.22
7/31/1999,0,0
8/1/1999,103,1.02
8/2/1999,156,1.56
8/3/1999,155,1.56
8/4/1999,143,1.48
8/5/1999,128,1.38
8/6/1999,106,1.23
8/7/1999,100,1.19
8/8/1999,99.4,1.18
8/9/1999,100,1.18
8/10/1999,110,1.26
8/11/1999,114,1.29
8/12/1999,114,1.29
8/13/1999,122,1.34
8/14/1999,127,1.37
8/15/1999,127,1.37
8/16/1999,148,1.51
8/17/1999,160,1.59
8/18/1999,162,1.6
8/19/1999,163,1.61
8/20/1999,163,1.61
8/21/1999,168,1.64
8/22/1999,169,1.65
8/23/1999,159,1.58
8/24/1999,161,1.59
8/25/1999,180,1.71
8/26/1999,181,1.71
8/27/1999,181,1.71
8/28/1999,180,1.71
8/29/1999,180,1.71
8/30/1999,190,1.77
8/31/1999,199,1.82
9/1/1999,200,1.83
9/2/1999,204,1.85
9/3/1999,203,1.84
9/4/1999,203,1.84
9/5/1999,203,1.84
9/6/1999,202,1.84
9/7/1999,201,1.83
9/8/1999,201,1.83
9/9/1999,197,1.79
9/10/1999,0,0
9/11/1999,0,0
9/12/1999,0,0
9/13/1999,0,0
9/14/1999,0,0
9/15/1999,0,0
9/16/1999,0,0
9/17/1999,0,0
9/18/1999,0,0
9/19/1999,2.35,0.03
9/20/1999,161,1.6
9/21/1999,164,1.61
9/22/1999,170,1.65
9/23/1999,173,1.67
9/24/1999,220,1.94
9/25/1999,249,2.1
9/26/1999,NA,NA
9/27/1999,NA,NA
9/28/1999,64.9,0.75
9/29/1999,-34,-82.69
9/30/1999,-530.3,-541.02
10/1/1999,132,1.41
10/2/1999,124,1.36
10/3/1999,122,1.34
10/4/1999,122,1.34
10/5/1999,122,1.34
10/6/1999,124,1.36
10/7/1999,125,1.36
10/8/1999,109,1.25
10/9/1999,109,1.25
10/10/1999,105,1.22
10/11/1999,100,1.19
10/12/1999,115,1.29
10/13/1999,158,1.57
10/14/1999,162,1.6
10/15/1999,119,1.31
10/16/1999,98.4,1.17
10/17/1999,98.3,1.17
10/18/1999,98,1.17
10/19/1999,98.4,1.17
10/20/1999,106,1.23
10/21/1999,111,1.27
10/22/1999,111,1.27
10/23/1999,111,1.27
10/24/1999,111,1.27
10/25/1999,148,1.51
10/26/1999,130,1.39
10/27/1999,104,1.21
10/28/1999,94.5,1.14
10/29/1999,92.3,1.13
10/30/1999,92.6,1.13
10/31/1999,92.4,1.13
11/1/1999,92.2,1.13
11/2/1999,94.9,1.15
11/3/1999,92.5,1.13
11/4/1999,92.5,1.13
11/5/1999,92.5,1.13
11/6/1999,92.4,1.13
11/7/1999,92.5,1.13
11/8/1999,92.6,1.13
11/9/1999,92.3,1.13
11/10/1999,92.5,1.13
11/11/1999,91.4,1.12
11/12/1999,17.8,0.25
11/13/1999,0,0
11/14/1999,0,0
11/15/1999,0,0
11/16/1999,97.1,0.98
11/17/1999,157,1.57
11/18/1999,155,1.56
11/19/1999,155,1.56
11/20/1999,148,1.51
11/21/1999,140,1.46
11/22/1999,142,1.48
11/23/1999,159,1.59
11/24/1999,160,1.59
11/25/1999,161,1.59
11/26/1999,160,1.59
11/27/1999,161,1.59
11/28/1999,161,1.59
11/29/1999,160,1.59
11/30/1999,159,1.58
12/1/1999,159,1.58
12/2/1999,61.7,0.62
12/3/1999,0,0
12/4/1999,0,0
12/5/1999,0,0
12/6/1999,0,0
12/7/1999,0,0
12/8/1999,0,0
12/9/1999,0,0
12/10/1999,0,0
12/11/1999,0,0
12/12/1999,0,0
12/13/1999,0,0
12/14/1999,0,0
12/15/1999,0,0
12/16/1999,0,0
12/17/1999,0,0
12/18/1999,0,0
12/19/1999,0,0
12/20/1999,0,0
12/21/1999,0,0
12/22/1999,0,0
12/23/1999,0,0
12/24/1999,0,0
12/25/1999,0,0
12/26/1999,0,0
12/27/1999,0,0
12/28/1999,0,0
12/29/1999,0,0
12/30/1999,0,0
12/31/1999,0,0
1/1/2000,0,0
1/2/2000,0,0
1/3/2000,0,0
1/4/2000,0,0
1/5/2000,NA,NA
1/6/2000,0,0
1/7/2000,0,0
1/8/2000,0,0
1/9/2000,0,0
1/10/2000,0,0
1/11/2000,0,0
1/12/2000,0,0
1/13/2000,0,0
1/14/2000,0,0
1/15/2000,0,0
1/16/2000,0,0
1/17/2000,0,0
1/18/2000,0,0
1/19/2000,0,0
1/20/2000,0,0
1/21/2000,0,0
1/22/2000,0,0
1/23/2000,0,0
1/24/2000,NA,NA
1/25/2000,NA,NA
1/26/2000,150,1.53
1/27/2000,144,1.49
1/28/2000,143,1.48
1/29/2000,158,1.57
1/30/2000,163,1.61
1/31/2000,-535.7,121.48
2/1/2000,NA,199.99
2/2/2000,NA,199.99
2/3/2000,NA,199.99
2/4/2000,NA,199.99
2/5/2000,NA,199.99
2/6/2000,NA,199.99
2/7/2000,-917.5,185.5
2/8/2000,144,1.49
2/9/2000,157,1.57
2/10/2000,166,1.63
2/11/2000,180,1.71
2/12/2000,176,1.68
2/13/2000,174,1.67
2/14/2000,174,1.68
2/15/2000,166,1.63
2/16/2000,158,1.58
2/17/2000,154,1.55
2/18/2000,146,1.5
2/19/2000,140,1.46
2/20/2000,138,1.45
2/21/2000,138,1.45
2/22/2000,154,1.55
2/23/2000,167,1.63
2/24/2000,169,1.64
2/25/2000,169,1.65
2/26/2000,169,1.64
2/27/2000,170,1.65
2/28/2000,177,1.69
2/29/2000,149,1.51
3/1/2000,180,1.71
3/2/2000,191,1.78
3/3/2000,169,1.64
3/4/2000,159,1.58
3/5/2000,153,1.54
3/6/2000,154,1.55
3/7/2000,105,1.06
3/8/2000,0,0
3/9/2000,0,0
3/10/2000,-593.2,118.74
3/11/2000,NA,199.99
3/12/2000,NA,199.99
3/13/2000,NA,199.99
3/14/2000,NA,199.99
3/15/2000,NA,199.99
3/16/2000,NA,199.99
3/17/2000,NA,199.99
3/18/2000,NA,199.99
3/19/2000,NA,199.99
3/20/2000,-287.8,71.61
3/21/2000,102,1.2
3/22/2000,102,1.2
3/23/2000,101,1.2
3/24/2000,36.8,0.43
3/25/2000,0,0
3/26/2000,0,0
3/27/2000,0,0
3/28/2000,0,0
3/29/2000,0,0
3/30/2000,0,0
3/31/2000,37.9,0.38
4/1/2000,NA,NA
4/2/2000,NA,NA
4/3/2000,NA,NA
4/4/2000,157,1.57
4/5/2000,157,1.57
4/6/2000,144,1.48
4/7/2000,141,1.47
4/8/2000,154,1.55
4/9/2000,159,1.58
4/10/2000,159,1.58
4/11/2000,91.3,0.91
4/12/2000,108,1.08
4/13/2000,157,1.57
4/14/2000,171,1.65
4/15/2000,180,1.71
4/16/2000,176,1.69
4/17/2000,133,1.41
4/18/2000,-661.9,139.96
4/19/2000,NA,199.99
4/20/2000,NA,199.99
4/21/2000,NA,199.99
4/22/2000,NA,199.99
4/23/2000,NA,199.99
4/24/2000,NA,199.99
4/25/2000,NA,199.99
4/26/2000,NA,199.99
4/27/2000,NA,199.99
4/28/2000,NA,199.99
4/29/2000,NA,199.99
4/30/2000,NA,199.99
5/1/2000,NA,199.99
5/2/2000,NA,NA
5/3/2000,NA,NA
5/4/2000,NA,NA
5/5/2000,0,0
5/6/2000,0,0
5/7/2000,0,0
5/8/2000,0,0
5/9/2000,90.9,0.91
5/10/2000,160,1.59
5/11/2000,254,2.1
5/12/2000,271,2.19
5/13/2000,45.8,0.46
5/14/2000,89.8,0.89
5/15/2000,154,1.55
5/16/2000,139,1.45
5/17/2000,78.5,1
5/18/2000,156,1.56
5/19/2000,155,1.56
5/20/2000,155,1.56
5/21/2000,265,2.16
5/22/2000,303,2.37
5/23/2000,258,2.14
5/24/2000,179,1.7
5/25/2000,155,1.56
5/26/2000,246,2.05
5/27/2000,371,2.68
5/28/2000,412,2.87
5/29/2000,327,2.48
5/30/2000,183,1.72
5/31/2000,180,1.69
6/1/2000,362,2.64
6/2/2000,374,2.7
6/3/2000,223,1.91
6/4/2000,292,2.28
6/5/2000,213,1.87
6/6/2000,157,1.57
6/7/2000,259,2.13
6/8/2000,294,2.33
6/9/2000,189,1.75
6/10/2000,156,1.56
6/11/2000,123,1.32
6/12/2000,29.7,0.35
6/13/2000,0,0
6/14/2000,0,0
6/15/2000,0,0
6/16/2000,88.6,0.88
6/17/2000,157,1.57
6/18/2000,157,1.57
6/19/2000,158,1.58
6/20/2000,157,1.57
6/21/2000,156,1.56
6/22/2000,156,1.56
6/23/2000,156,1.56
6/24/2000,156,1.57
6/25/2000,158,1.58
6/26/2000,155,1.55
6/27/2000,155,1.55
6/28/2000,155,1.55
6/29/2000,155,1.55
6/30/2000,154,1.55
7/1/2000,155,1.55
7/2/2000,155,1.56
7/3/2000,94.9,0.98
7/4/2000,0,0
7/5/2000,0,0
7/6/2000,0,0
7/7/2000,0,0
7/8/2000,0,0
7/9/2000,20.1,0.19
7/10/2000,191,1.77
7/11/2000,192,1.78
7/12/2000,191,1.78
7/13/2000,164,1.61
7/14/2000,163,1.61
7/15/2000,163,1.61
7/16/2000,195,1.8
7/17/2000,192,1.78
7/18/2000,160,1.59
7/19/2000,165,1.62
7/20/2000,165,1.62
7/21/2000,164,1.61
7/22/2000,163,1.61
7/23/2000,163,1.6
7/24/2000,163,1.61
7/25/2000,163,1.6
7/26/2000,162,1.6
7/27/2000,155,1.55
7/28/2000,153,1.54
7/29/2000,153,1.54
7/30/2000,153,1.54
7/31/2000,152,1.54
8/1/2000,154,1.55
8/2/2000,155,1.56
8/3/2000,155,1.56
8/4/2000,154,1.54
8/5/2000,0.086,0
8/6/2000,0,0
8/7/2000,0,0
8/8/2000,0,0
8/9/2000,0,0
8/10/2000,0,0
8/11/2000,0,0
8/12/2000,0,0
8/13/2000,4.77,0.58
8/14/2000,151,1.53
8/15/2000,152,1.54
8/16/2000,153,1.54
8/17/2000,154,1.55
8/18/2000,153,1.54
8/19/2000,NA,NA
8/20/2000,NA,NA
8/21/2000,154,1.55
8/22/2000,153,1.54
8/23/2000,153,1.54
8/24/2000,155,1.55
8/25/2000,153,1.54
8/26/2000,153,1.54
8/27/2000,153,1.54
8/28/2000,153,1.54
8/29/2000,150,1.51
8/30/2000,99.4,1
8/31/2000,54.1,0.55
9/1/2000,0,0
9/2/2000,0,0
9/3/2000,0,0
9/4/2000,0,0
9/5/2000,0,0
9/6/2000,0,0
9/7/2000,0,0
9/8/2000,0,0
9/9/2000,0,0
9/10/2000,0,0
9/11/2000,0,0
9/12/2000,0,0
9/13/2000,0,0
9/14/2000,0,0
9/15/2000,0,0
9/16/2000,0,0
9/17/2000,0,0
9/18/2000,0,0
9/19/2000,0,0
9/20/2000,0,0
9/21/2000,0,0
9/22/2000,0,0
9/23/2000,0,0
9/24/2000,0,0
9/25/2000,0,0
9/26/2000,0,0
9/27/2000,0,0
9/28/2000,0,0
9/29/2000,0,0
9/30/2000,0,0
10/1/2000,0,0
10/2/2000,0,0
10/3/2000,0,0
10/4/2000,0,0
10/5/2000,0,0
10/6/2000,0,0
10/7/2000,0,0
10/8/2000,0,0
10/9/2000,0,0
10/10/2000,0,0
10/11/2000,0,0
10/12/2000,0,0
10/13/2000,0,0
10/14/2000,0,0
10/15/2000,0,0
10/16/2000,0,0
10/17/2000,0,0
10/18/2000,0,0
10/19/2000,0,0
10/20/2000,0,0
10/21/2000,0,0
10/22/2000,0,0
10/23/2000,0,0
10/24/2000,0,0
10/25/2000,0,0
10/26/2000,0,0
10/27/2000,0,0
10/28/2000,0,0
10/29/2000,-894.9,179.16
10/30/2000,NA,199.99
10/31/2000,NA,199.99
11/1/2000,NA,199.99
11/2/2000,NA,199.99
11/3/2000,NA,199.99
11/4/2000,NA,199.99
11/5/2000,NA,199.99
11/6/2000,NA,199.99
11/7/2000,NA,199.99
11/8/2000,NA,199.99
11/9/2000,NA,199.99
11/10/2000,NA,199.99
11/11/2000,NA,199.99
11/12/2000,NA,199.99
11/13/2000,NA,199.99
11/14/2000,NA,199.99
11/15/2000,NA,199.99
11/16/2000,NA,199.99
11/17/2000,NA,199.99
11/18/2000,NA,199.99
11/19/2000,NA,199.99
11/20/2000,NA,199.99
11/21/2000,NA,199.99
11/22/2000,NA,199.99
11/23/2000,NA,199.99
11/24/2000,NA,199.99
11/25/2000,NA,199.99
11/26/2000,NA,199.99
11/27/2000,NA,199.99
11/28/2000,NA,199.99
11/29/2000,NA,199.99
11/30/2000,NA,199.99
12/1/2000,NA,199.99
12/2/2000,NA,199.99
12/3/2000,NA,199.99
12/4/2000,-115,46.99
12/5/2000,128,1.38
12/6/2000,113,1.28
12/7/2000,113,1.28
12/8/2000,112,1.27
12/9/2000,111,1.27
12/10/2000,111,1.27
12/11/2000,118,1.31
12/12/2000,113,1.15
12/13/2000,10.9,0.3
12/14/2000,11.7,0.3
12/15/2000,66,0.91
12/16/2000,105,1.21
12/17/2000,89,1.09
12/18/2000,68.1,0.93
12/19/2000,44.4,0.69
12/20/2000,74.9,0.95
12/21/2000,79.3,0.97
12/22/2000,105,1.21
12/23/2000,135,1.42
12/24/2000,174,1.67
12/25/2000,159,1.55
12/26/2000,86.9,1.08
12/27/2000,60.9,0.82
12/28/2000,10.5,0.29
12/29/2000,135,1.37
12/30/2000,151,1.53
12/31/2000,145,1.5
1/1/2001,157,1.57
1/2/2001,139,1.45
1/3/2001,113,1.28
1/4/2001,102,1.2
1/5/2001,98.5,1.17
1/6/2001,99.1,1.18
1/7/2001,31.5,0.38
1/8/2001,0,0
1/9/2001,0,0
1/10/2001,0,0
1/11/2001,0,0
1/12/2001,0,0
1/13/2001,0,0
1/14/2001,0,0
1/15/2001,0,0
1/16/2001,0,0
1/17/2001,0,0
1/18/2001,0,0
1/19/2001,0,0
1/20/2001,0,0
1/21/2001,0,0
1/22/2001,0,0
1/23/2001,0,0
1/24/2001,0,0
1/25/2001,0,0
1/26/2001,0,0
1/27/2001,0,0
1/28/2001,0,0
1/29/2001,0,0
1/30/2001,0,0
1/31/2001,0,0
2/1/2001,0,0
2/2/2001,0,0
2/3/2001,0,0
2/4/2001,0,0
2/5/2001,0,0
2/6/2001,0,0
2/7/2001,0,0
2/8/2001,0,0
2/9/2001,0,0
2/10/2001,0,0
2/11/2001,0,0
2/12/2001,0,0
2/13/2001,0,0
2/14/2001,0,0
2/15/2001,0,0
2/16/2001,0,0
2/17/2001,0,0
2/18/2001,0,0
2/19/2001,0,0
2/20/2001,0,0
2/21/2001,0,0
2/22/2001,0,0
2/23/2001,0,0
2/24/2001,0,0
2/25/2001,0,0
2/26/2001,0,0
2/27/2001,0,0
2/28/2001,0,0
3/1/2001,0,0
3/2/2001,0,0
3/3/2001,0,0
3/4/2001,0,0
3/5/2001,0,0
3/6/2001,0,0
3/7/2001,0,0
3/8/2001,0,0
3/9/2001,0,0
3/10/2001,0,0
3/11/2001,0,0
3/12/2001,0,0
3/13/2001,0,0
3/14/2001,0,0
3/15/2001,0,0
3/16/2001,0,0
3/17/2001,0,0
3/18/2001,150,1.52
3/19/2001,117,7.15
3/20/2001,96.1,1.03
3/21/2001,0,0
3/22/2001,0,0
3/23/2001,0,0
3/24/2001,0,0
3/25/2001,0,0
3/26/2001,0,0
3/27/2001,-12.5,6.94
3/28/2001,0,0
3/29/2001,0,0
3/30/2001,-10.4,5.79
3/31/2001,-30.7,17.09
4/1/2001,0,0
4/2/2001,0,0
4/3/2001,0,0
4/4/2001,0,0
4/5/2001,0,0
4/6/2001,0,0
4/7/2001,0,0
4/8/2001,0,0
4/9/2001,0,0
4/10/2001,0,0
4/11/2001,0,0
4/12/2001,0,0
4/13/2001,0,0
4/14/2001,0,0
4/15/2001,0,0
4/16/2001,40.2,0.42
4/17/2001,167,1.63
4/18/2001,165,1.62
4/19/2001,163,1.61
4/20/2001,163,1.61
4/21/2001,162,1.6
4/22/2001,160,1.59
4/23/2001,144,10.25
4/24/2001,161,1.59
4/25/2001,160,1.59
4/26/2001,158,1.58
4/27/2001,NA,NA
4/28/2001,NA,NA
4/29/2001,NA,NA
4/30/2001,159,1.58
5/1/2001,158,1.58
5/2/2001,162,1.6
5/3/2001,162,1.6
5/4/2001,164,1.61
5/5/2001,62.3,7.18
5/6/2001,-395,94.47
5/7/2001,156,1.56
5/8/2001,153,1.54
5/9/2001,159,1.58
5/10/2001,158,1.58
5/11/2001,157,1.57
5/12/2001,156,1.56
5/13/2001,156,1.56
5/14/2001,157,1.57
5/15/2001,157,1.57
5/16/2001,-110.4,119.09
5/17/2001,142,16.62
5/18/2001,233,19.46
5/19/2001,423,2.92
5/20/2001,437,2.98
5/21/2001,444,3.01
5/22/2001,410,2.86
5/23/2001,347,2.58
5/24/2001,267,2.12
5/25/2001,154,1.55
5/26/2001,153,1.54
5/27/2001,152,1.54
5/28/2001,177,1.69
5/29/2001,197,1.81
5/30/2001,240,2.04
5/31/2001,262,2.16
6/1/2001,286,2.29
6/2/2001,279,2.25
6/3/2001,246,2.08
6/4/2001,242,2.06
6/5/2001,236,2.03
6/6/2001,239,2.04
6/7/2001,230,1.99
6/8/2001,240,2.05
6/9/2001,245,2.07
6/10/2001,238,2.04
6/11/2001,239,2.04
6/12/2001,264,2.17
6/13/2001,292,2.32
6/14/2001,298,2.35
6/15/2001,299,2.35
6/16/2001,299,2.35
6/17/2001,300,2.35
6/18/2001,313,2.42
6/19/2001,-14.6,0.26
6/20/2001,0,0
6/21/2001,0,0
6/22/2001,0,0
6/23/2001,0,0
6/24/2001,0,0
6/25/2001,0,0
6/26/2001,0,0
6/27/2001,0,0
6/28/2001,6.46,0.06
6/29/2001,161,1.6
6/30/2001,159,1.58
7/1/2001,158,1.58
7/2/2001,156,1.56
7/3/2001,157,1.57
7/4/2001,157,1.57
7/5/2001,157,1.57
7/6/2001,157,1.57
7/7/2001,157,1.57
7/8/2001,155,1.55
7/9/2001,156,1.56
7/10/2001,158,1.58
7/11/2001,123,18.89
7/12/2001,159,1.58
7/13/2001,158,1.57
7/14/2001,158,1.57
7/15/2001,157,1.57
7/16/2001,186,1.74
7/17/2001,181,1.71
7/18/2001,157,1.57
7/19/2001,157,1.57
7/20/2001,156,1.56
7/21/2001,155,1.56
7/22/2001,153,1.54
7/23/2001,152,1.54
7/24/2001,157,1.57
7/25/2001,153,1.55
7/26/2001,NA,NA
7/27/2001,155,1.56
7/28/2001,150,1.53
7/29/2001,153,1.54
7/30/2001,152,1.54
7/31/2001,155,1.56
8/1/2001,156,1.56
8/2/2001,155,1.56
8/3/2001,154,1.55
8/4/2001,154,1.55
8/5/2001,156,1.56
8/6/2001,150,1.53
8/7/2001,154,1.55
8/8/2001,154,1.55
8/9/2001,NA,NA
8/10/2001,NA,NA
8/11/2001,153,1.55
8/12/2001,154,1.55
8/13/2001,NA,NA
8/14/2001,148,1.51
8/15/2001,149,1.52
8/16/2001,38.9,0.4
8/17/2001,0,0
8/18/2001,0,0
8/19/2001,0,0
8/20/2001,-10.4,5.79
8/21/2001,0,0
8/22/2001,0,0
8/23/2001,0,0
8/24/2001,-31.2,14.13
8/25/2001,-10.4,5.79
8/26/2001,-31.2,14.13
8/27/2001,0,0
8/28/2001,-10.4,5.79
8/29/2001,-20.7,7.92
8/30/2001,-31.2,17.36
8/31/2001,0,0
9/1/2001,0,0
9/2/2001,0,0
9/3/2001,-20.8,11.57
9/4/2001,0,0
9/5/2001,0,0
9/6/2001,0,0
9/7/2001,-10.4,5.79
9/8/2001,0,0
9/9/2001,0,0
9/10/2001,0,0
9/11/2001,0,0
9/12/2001,-10.4,5.79
9/13/2001,-10.4,5.79
9/14/2001,0,0
9/15/2001,0,0
9/16/2001,28.2,0.3
9/17/2001,0,0
9/18/2001,-10.4,5.79
9/19/2001,0,0
9/20/2001,0,0
9/21/2001,0,0
9/22/2001,0,0
9/23/2001,0,0
9/24/2001,0,0
9/25/2001,0,0
9/26/2001,0,0
9/27/2001,-10.4,5.79
9/28/2001,-10.4,5.79
9/29/2001,0,0
9/30/2001,0,0
10/1/2001,0,0
10/2/2001,-20.8,11.57
10/3/2001,0,0
10/4/2001,0,0
10/5/2001,-31.2,17.36
10/6/2001,0,0
10/7/2001,0,0
10/8/2001,0,0
10/9/2001,0,0
10/10/2001,-41.6,20.77
10/11/2001,0,0
10/12/2001,0,0
10/13/2001,0,0
10/14/2001,0,0
10/15/2001,0,0
10/16/2001,0,0
10/17/2001,0,0
10/18/2001,0,0
10/19/2001,0,0
10/20/2001,0,0
10/21/2001,0,0
10/22/2001,0,0
10/23/2001,0,0
10/24/2001,0,0
10/25/2001,0,0
10/26/2001,0,0
10/27/2001,0,0
10/28/2001,0,0
10/29/2001,0.004,0
10/30/2001,0.006,0
10/31/2001,0.004,0
11/1/2001,-20.8,11.57
11/2/2001,0.009,0
11/3/2001,0.012,0
11/4/2001,0.016,0
11/5/2001,0.001,0
11/6/2001,0,0
11/7/2001,-34.8,16.73
11/8/2001,0,0
11/9/2001,-58.8,32.93
11/10/2001,0,0
11/11/2001,0,0
11/12/2001,-52,28.93
11/13/2001,0,0
11/14/2001,0,0
11/15/2001,0,0
11/16/2001,0,0
11/17/2001,0,0
11/18/2001,0,0
11/19/2001,0,0
11/20/2001,0,0
11/21/2001,NA,NA
11/22/2001,NA,NA
11/23/2001,NA,NA
11/24/2001,NA,NA
11/25/2001,NA,NA
11/26/2001,NA,NA
11/27/2001,NA,NA
11/28/2001,NA,NA
11/29/2001,NA,NA
11/30/2001,NA,NA
12/1/2001,NA,NA
12/2/2001,NA,NA
12/3/2001,0,0
12/4/2001,0,0
12/5/2001,0,0
12/6/2001,NA,NA
12/7/2001,NA,NA
12/8/2001,NA,NA
12/9/2001,NA,NA
12/10/2001,NA,NA
12/11/2001,NA,NA
12/12/2001,NA,NA
12/13/2001,NA,NA
12/14/2001,NA,NA
12/15/2001,NA,NA
12/16/2001,NA,NA
12/17/2001,NA,NA
12/18/2001,NA,NA
12/19/2001,NA,NA
12/20/2001,NA,NA
12/21/2001,NA,NA
12/22/2001,NA,NA
12/23/2001,NA,NA
12/24/2001,NA,NA
12/25/2001,NA,NA
12/26/2001,NA,NA
12/27/2001,NA,NA
12/28/2001,NA,NA
12/29/2001,NA,NA
12/30/2001,NA,NA
12/31/2001,NA,NA
1/1/2002,NA,NA
1/2/2002,NA,NA
1/3/2002,0,0
1/4/2002,0,0
1/5/2002,0,0
1/6/2002,-10.4,5.79
1/7/2002,76.3,6.71
1/8/2002,127,1.37
1/9/2002,128,1.38
1/10/2002,128,1.38
1/11/2002,122,1.34
1/12/2002,117,1.3
1/13/2002,115,1.29
1/14/2002,110,1.26
1/15/2002,111,1.26
1/16/2002,112,1.27
1/17/2002,108,1.23
1/18/2002,107,1.22
1/19/2002,118,1.31
1/20/2002,111,1.26
1/21/2002,110,1.26
1/22/2002,112,1.27
1/23/2002,101,1.19
1/24/2002,87.8,1.08
1/25/2002,121,1.33
1/26/2002,113,1.28
1/27/2002,104,1.21
1/28/2002,99.9,1.18
1/29/2002,94.5,1.15
1/30/2002,86.6,1.08
1/31/2002,11.1,26.4
2/1/2002,76.1,0.99
2/2/2002,84.2,1.03
2/3/2002,95.7,1.11
2/4/2002,125,1.34
2/5/2002,128,1.38
2/6/2002,96,7.01
2/7/2002,103,1.21
2/8/2002,103,1.21
2/9/2002,27.6,0.34
2/10/2002,0,0
2/11/2002,0.019,0
2/12/2002,0.018,0
2/13/2002,0,0
2/14/2002,0,0
2/15/2002,0,0
2/16/2002,0,0
2/17/2002,-20.8,4.17
2/18/2002,0,0
2/19/2002,0,0
2/20/2002,0,0
2/21/2002,0,0
2/22/2002,0,0
2/23/2002,0,0
2/24/2002,0,0
2/25/2002,0,0
2/26/2002,0,0
2/27/2002,0,0
2/28/2002,0,0
3/1/2002,0,0
3/2/2002,0,0
3/3/2002,0,0
3/4/2002,-104.1,20.83
3/5/2002,-93.7,18.75
3/6/2002,0,0
3/7/2002,0,0
3/8/2002,0,0
3/9/2002,0,0
3/10/2002,0,0
3/11/2002,75,0.85
3/12/2002,126,1.36
3/13/2002,102,1.16
3/14/2002,0,0
3/15/2002,0,0
3/16/2002,0,0
3/17/2002,0,0
3/18/2002,0,0
3/19/2002,0,0
3/20/2002,0,0
3/21/2002,0,0
3/22/2002,0,0
3/23/2002,0,0
3/24/2002,0,0
3/25/2002,0,0
3/26/2002,0,0
3/27/2002,0,0
3/28/2002,0,0
3/29/2002,0,0
3/30/2002,0,0
3/31/2002,0,0
4/1/2002,0,0
4/2/2002,0,0
4/3/2002,0,0
4/4/2002,0,0
4/5/2002,0,0
4/6/2002,0,0
4/7/2002,0,0
4/8/2002,0,0
4/9/2002,0,0
4/10/2002,0,0
4/11/2002,0,0
4/12/2002,0,0
4/13/2002,0,0
4/14/2002,0,0
4/15/2002,0,0
4/16/2002,0,0
4/17/2002,0.021,0
4/18/2002,0.05,0.01
4/19/2002,0.05,0.01
4/20/2002,0.05,0.01
4/21/2002,0.05,0.01
4/22/2002,0.05,0.01
4/23/2002,0.05,0.01
4/24/2002,0.05,0.01
4/25/2002,0.05,0.01
4/26/2002,0.05,0.01
4/27/2002,0.05,0.01
4/28/2002,0.05,0.01
4/29/2002,0.05,0.01
4/30/2002,0.05,0.01
5/1/2002,0.05,0.01
5/2/2002,0.05,0.01
5/3/2002,0.05,0.01
5/4/2002,0.05,0.01
5/5/2002,23.4,0.25
5/6/2002,167,1.63
5/7/2002,165,1.62
5/8/2002,164,1.61
5/9/2002,164,1.61
5/10/2002,166,1.62
5/11/2002,188,1.76
5/12/2002,189,1.77
5/13/2002,187,1.75
5/14/2002,186,1.75
5/15/2002,188,1.76
5/16/2002,189,1.76
5/17/2002,168,1.63
5/18/2002,159,1.58
5/19/2002,158,1.57
5/20/2002,158,1.58
5/21/2002,94.4,3.16
5/22/2002,87.1,0.87
5/23/2002,164,1.61
5/24/2002,161,1.6
5/25/2002,11.1,0.16
5/26/2002,0,0
5/27/2002,11.3,0.12
5/28/2002,158,1.58
5/29/2002,157,1.57
5/30/2002,151,1.53
5/31/2002,94.7,1.1
6/1/2002,-905.3,181.24
6/2/2002,NA,199.99
6/3/2002,NA,199.99
6/4/2002,-447.5,89.58
6/5/2002,0,0
6/6/2002,0,0
6/7/2002,0,0
6/8/2002,0,0
6/9/2002,0,0
6/10/2002,26.4,0.27
6/11/2002,155,1.56
6/12/2002,152,1.53
6/13/2002,0,0
6/14/2002,0,0
6/15/2002,0,0
6/16/2002,0,0
6/17/2002,0,0
6/18/2002,101,0.77
6/19/2002,0.05,0.01
6/20/2002,0.047,0.01
6/21/2002,0.045,0.01
6/22/2002,0.05,0.01
6/23/2002,0.05,0.01
6/24/2002,0.05,0.01
6/25/2002,0.05,0.01
6/26/2002,0.05,0.01
6/27/2002,0.05,0.01
6/28/2002,0.05,0.01
6/29/2002,0.05,0.01
6/30/2002,0.05,0.01
7/1/2002,0.05,0.01
7/2/2002,0.05,0.01
7/3/2002,0.05,0.01
7/4/2002,0.05,0.01
7/5/2002,0.05,0.01
7/6/2002,0.05,0.01
7/7/2002,0.05,0.01
7/8/2002,0.05,0.01
7/9/2002,0.05,0.01
7/10/2002,0.05,0.01
7/11/2002,0.05,0.01
7/12/2002,0.05,0.01
7/13/2002,0.05,0.01
7/14/2002,0.05,0.01
7/15/2002,0.05,0.01
7/16/2002,0.05,0.01
7/17/2002,0.05,0.01
7/18/2002,0.05,0.01
7/19/2002,0.05,0.01
7/20/2002,0.05,0.01
7/21/2002,0.05,0.01
7/22/2002,0.05,0.01
7/23/2002,0.05,0.01
7/24/2002,0.05,0.01
7/25/2002,0.05,0.01
7/26/2002,0.05,0.01
7/27/2002,0.05,0.01
7/28/2002,0.05,0.01
7/29/2002,0.05,0.01
7/30/2002,0.05,0.01
7/31/2002,0.05,0.01
8/1/2002,0.05,0.01
8/2/2002,0.05,0.01
8/3/2002,0.05,0.01
8/4/2002,0.05,0.01
8/5/2002,0.05,0.01
8/6/2002,0.05,0.01
8/7/2002,0.05,0.01
8/8/2002,0.05,0.01
8/9/2002,0.05,0.01
8/10/2002,0.05,0.01
8/11/2002,0.05,0.01
8/12/2002,0.05,0.01
8/13/2002,0.05,0.01
8/14/2002,0.05,0.01
8/15/2002,0.05,0.01
8/16/2002,0.05,0.01
8/17/2002,0.05,0.01
8/18/2002,0.05,0.01
8/19/2002,0.05,0.01
8/20/2002,0.05,0.01
8/21/2002,0.05,0.01
8/22/2002,0.05,0.01
8/23/2002,0.05,0.01
8/24/2002,0.05,0.01
8/25/2002,0.05,0.01
8/26/2002,0.05,0.01
8/27/2002,0.05,0.01
8/28/2002,0.05,0.01
8/29/2002,0.05,0.01
8/30/2002,0.05,0.01
8/31/2002,0.05,0.01
9/1/2002,0.05,0.01
9/2/2002,0.05,0.01
9/3/2002,0.05,0.01
9/4/2002,0.05,0.01
9/5/2002,0.05,0.01
9/6/2002,0.05,0.01
9/7/2002,0.05,0.01
9/8/2002,0.05,0.01
9/9/2002,0.05,0.01
9/10/2002,0.05,0.01
9/11/2002,0.05,0.01
9/12/2002,0.048,0.01
9/13/2002,0.046,0.01
9/14/2002,0.002,0
9/15/2002,0.009,0
9/16/2002,0.028,0.01
9/17/2002,0.05,0.01
9/18/2002,0.041,0.01
9/19/2002,0.014,0
9/20/2002,0.047,0.01
9/21/2002,0.05,0.01
9/22/2002,0.05,0.01
9/23/2002,0.05,0.01
9/24/2002,0.05,0.01
9/25/2002,0.05,0.01
9/26/2002,0.05,0.01
9/27/2002,0.05,0.01
9/28/2002,0.05,0.01
9/29/2002,0.05,0.01
9/30/2002,0.05,0.01
10/1/2002,0.05,0.01
10/2/2002,0.009,0
10/3/2002,0,0
10/4/2002,0,0
10/5/2002,0,0
10/6/2002,0,0
10/7/2002,0,0
10/8/2002,0,0
10/9/2002,0,0
10/10/2002,0,0
10/11/2002,0,0
10/12/2002,0,0
10/13/2002,0,0
10/14/2002,0,0
10/15/2002,0.004,0
10/16/2002,0,0
10/17/2002,0.007,0
10/18/2002,0.013,0
10/19/2002,-20.8,-83.84
10/20/2002,0.013,0
10/21/2002,0.017,0
10/22/2002,0.004,0
10/23/2002,0,0
10/24/2002,0,0
10/25/2002,0,0
10/26/2002,0,0
10/27/2002,0,0
10/28/2002,0,0
10/29/2002,0,0
10/30/2002,0,0
10/31/2002,0,0
11/1/2002,0,0
11/2/2002,0,0
11/3/2002,0,0
11/4/2002,0,0
11/5/2002,0,0
11/6/2002,0,0
11/7/2002,0,0
11/8/2002,0,0
11/9/2002,0,0
11/10/2002,0,0
11/11/2002,0,0
11/12/2002,0,0
11/13/2002,0,0
11/14/2002,1.45,0.02
11/15/2002,167,1.63
11/16/2002,76,0.89
11/17/2002,0,0
11/18/2002,0,0
11/19/2002,0,0
11/20/2002,0,0
11/21/2002,0,0
11/22/2002,0,0
11/23/2002,0,0
11/24/2002,0,0
11/25/2002,0,0
11/26/2002,0,0
11/27/2002,0,0
11/28/2002,0,0
11/29/2002,0,0
11/30/2002,0,0
12/1/2002,0,0
12/2/2002,0,0
12/3/2002,0,0
12/4/2002,0,0
12/5/2002,0,0
12/6/2002,0,0
12/7/2002,0,0
12/8/2002,0,0
12/9/2002,0,0
12/10/2002,0,0
12/11/2002,0,0
12/12/2002,0,0
12/13/2002,0,0
12/14/2002,0,0
12/15/2002,0,0
12/16/2002,0,0
12/17/2002,0,0
12/18/2002,0,0
12/19/2002,0,0
12/20/2002,0,0
12/21/2002,0,0
12/22/2002,0,0
12/23/2002,0,0
12/24/2002,0,0
12/25/2002,0,0
12/26/2002,0,0
12/27/2002,0,0
12/28/2002,0,0
12/29/2002,0,0
12/30/2002,34.2,0.43
12/31/2002,84.7,1.07
1/1/2003,72,0.96
1/2/2003,63.1,0.89
1/3/2003,60.7,0.87
1/4/2003,59.8,0.86
1/5/2003,58.5,0.85
1/6/2003,41.8,0.61
1/7/2003,0,0
1/8/2003,0,0
1/9/2003,0,0
1/10/2003,0,0
1/11/2003,0,0
1/12/2003,0,0
1/13/2003,9.77,0.15
1/14/2003,62.6,0.88
1/15/2003,59.1,0.85
1/16/2003,51.2,0.78
1/17/2003,51.3,0.78
1/18/2003,49.5,0.76
1/19/2003,50.3,0.77
1/20/2003,49.7,0.76
1/21/2003,9.2,0.18
1/22/2003,0,0
1/23/2003,0,0
1/24/2003,0,0
1/25/2003,-114.5,22.92
1/26/2003,0,0
1/27/2003,0,0
1/28/2003,0,0
1/29/2003,0,0
1/30/2003,0,0
1/31/2003,0,0
2/1/2003,0,0
2/2/2003,0,0
2/3/2003,0,0
2/4/2003,0,0
2/5/2003,0,0
2/6/2003,0,0
2/7/2003,0,0
2/8/2003,0,0
2/9/2003,0,0
2/10/2003,31.1,2.56
2/11/2003,91.1,1.12
2/12/2003,79.1,1.02
2/13/2003,69.3,0.94
2/14/2003,63.2,0.89
2/15/2003,59.8,0.86
2/16/2003,53.8,0.78
2/17/2003,0,0
2/18/2003,0,0
2/19/2003,0,0
2/20/2003,0,0
2/21/2003,0,0
2/22/2003,0,0
2/23/2003,0,0
2/24/2003,0,0
2/25/2003,0,0
2/26/2003,42,0.5
2/27/2003,83.2,1.06
2/28/2003,69,0.94
3/1/2003,63.1,0.89
3/2/2003,61.3,0.87
3/3/2003,58.1,0.84
3/4/2003,24.2,0.44
3/5/2003,0,0
3/6/2003,0,0
3/7/2003,0,0
3/8/2003,0,0
3/9/2003,0,0
3/10/2003,0,0
3/11/2003,0,0
3/12/2003,0,0
3/13/2003,0,0
3/14/2003,0,0
3/15/2003,0,0
3/16/2003,0,0
3/17/2003,0,0
3/18/2003,0,0
3/19/2003,-343.4,68.75
3/20/2003,NA,199.99
3/21/2003,NA,199.99
3/22/2003,NA,199.99
3/23/2003,NA,199.99
3/24/2003,NA,199.99
3/25/2003,NA,199.99
3/26/2003,NA,199.99
3/27/2003,NA,199.99
3/28/2003,NA,199.99
3/29/2003,NA,199.99
3/30/2003,NA,199.99
3/31/2003,NA,199.99
4/1/2003,-988.6,197.91
4/2/2003,-457.9,91.66
4/3/2003,0,0
4/4/2003,0,0
4/5/2003,0,0
4/6/2003,0,0
4/7/2003,0,0
4/8/2003,0,0
4/9/2003,0,0
4/10/2003,0,0
4/11/2003,0,0
4/12/2003,0,0
4/13/2003,0,0
4/14/2003,0,0
4/15/2003,0,0
4/16/2003,0,0
4/17/2003,0,0
4/18/2003,0,0
4/19/2003,-31.2,6.25
4/20/2003,-688.9,148.36
4/21/2003,196,1.8
4/22/2003,196,1.8
4/23/2003,195,1.8
4/24/2003,195,1.8
4/25/2003,195,1.8
4/26/2003,194,1.8
4/27/2003,107,1.12
4/28/2003,18.5,0.41
4/29/2003,21,0.45
4/30/2003,7.17,0.15
5/1/2003,0,0
5/2/2003,0,0
5/3/2003,0,0
5/4/2003,0,0
5/5/2003,0,0
5/6/2003,0,0
5/7/2003,0,0
5/8/2003,0,0
5/9/2003,0,0
5/10/2003,0,0
5/11/2003,0,0
5/12/2003,0,0
5/13/2003,0,0
5/14/2003,0.002,0
5/15/2003,0.002,0
5/16/2003,0,0
5/17/2003,0,0
5/18/2003,0,0
5/19/2003,0.044,0.01
5/20/2003,0.05,0.01
5/21/2003,0.05,0.01
5/22/2003,0.05,0.01
5/23/2003,0.05,0.01
5/24/2003,0.05,0.01
5/25/2003,0.05,0.01
5/26/2003,0.05,0.01
5/27/2003,44.9,0.46
5/28/2003,153,1.54
5/29/2003,154,1.55
5/30/2003,153,1.54
5/31/2003,153,1.54
6/1/2003,288,2.26
6/2/2003,520,3.3
6/3/2003,641,3.79
6/4/2003,648,3.81
6/5/2003,648,3.81
6/6/2003,623,3.72
6/7/2003,312,2.34
6/8/2003,166,1.59
6/9/2003,49.4,0.76
6/10/2003,49.3,0.76
6/11/2003,51.6,0.78
6/12/2003,98.1,1.16
6/13/2003,110,1.25
6/14/2003,-396.7,85.76
6/15/2003,NA,199.99
6/16/2003,-637.9,137.98
6/17/2003,152,1.54
6/18/2003,299,2.3
6/19/2003,327,2.44
6/20/2003,150,1.52
6/21/2003,254,2.05
6/22/2003,228,1.93
6/23/2003,148,1.51
6/24/2003,152,1.53
6/25/2003,51.9,0.53
6/26/2003,0,0
6/27/2003,0,0
6/28/2003,0,0
6/29/2003,0,0
6/30/2003,0,0
7/1/2003,0,0
7/2/2003,0,0
7/3/2003,0,0
7/4/2003,0,0
7/5/2003,0,0
7/6/2003,52.9,0.5
7/7/2003,193,1.79
7/8/2003,189,1.76
7/9/2003,185,1.74
7/10/2003,160,1.59
7/11/2003,153,1.55
7/12/2003,147,1.51
7/13/2003,3.04,0.03
7/14/2003,0,0
7/15/2003,0,0
7/16/2003,49.5,0.67
7/17/2003,71.9,0.96
7/18/2003,73.4,0.98
7/19/2003,21.5,0.31
7/20/2003,0,0
7/21/2003,0,0
7/22/2003,42.7,0.6
7/23/2003,61.4,0.87
7/24/2003,17,0.24
7/25/2003,-447.5,89.58
7/26/2003,-676.4,135.41
7/27/2003,NA,199.99
7/28/2003,NA,199.99
7/29/2003,-353.8,70.83
7/30/2003,0,0
7/31/2003,0,0
8/1/2003,0,0
8/2/2003,0,0
8/3/2003,0,0
8/4/2003,0,0
8/5/2003,0,0
8/6/2003,0,0
8/7/2003,0,0
8/8/2003,0,0
8/9/2003,0,0
8/10/2003,0,0
8/11/2003,0,0
8/12/2003,0,0
8/13/2003,0,0
8/14/2003,0,0
8/15/2003,0,0
8/16/2003,0,0
8/17/2003,0,0
8/18/2003,0,0
8/19/2003,0,0
8/20/2003,0,0
8/21/2003,0,0
8/22/2003,0,0
8/23/2003,0,0
8/24/2003,0,0
8/25/2003,0,0
8/26/2003,0,0
8/27/2003,0,0
8/28/2003,0,0
8/29/2003,0,0
8/30/2003,0,0
8/31/2003,0,0
9/1/2003,0,0
9/2/2003,0,0
9/3/2003,0,0
9/4/2003,0,0
9/5/2003,0,0
9/6/2003,0,0
9/7/2003,0,0
9/8/2003,0,0
9/9/2003,0,0
9/10/2003,0,0
9/11/2003,0,0
9/12/2003,0,0
9/13/2003,0,0
9/14/2003,0,0
9/15/2003,0,0
9/16/2003,0,0
9/17/2003,0,0
9/18/2003,0,0
9/19/2003,0,0
9/20/2003,0,0
9/21/2003,0,0
9/22/2003,0,0
9/23/2003,0,0
9/24/2003,0,0
9/25/2003,0,0
9/26/2003,0,0
9/27/2003,0,0
9/28/2003,0,0
9/29/2003,0,0
9/30/2003,0,0
10/1/2003,0,0
10/2/2003,0,0
10/3/2003,0,0
10/4/2003,0,0
10/5/2003,0,0
10/6/2003,0,0
10/7/2003,0,0
10/8/2003,0,0
10/9/2003,0,0
10/10/2003,0,0
10/11/2003,0,0
10/12/2003,0,0
10/13/2003,0,0
10/14/2003,0,0
10/15/2003,0,0
10/16/2003,0,0
10/17/2003,0,0
10/18/2003,0,0
10/19/2003,0,0
10/20/2003,0,0
10/21/2003,0,0
10/22/2003,0,0
10/23/2003,0,0
10/24/2003,0,0
10/25/2003,0,0
10/26/2003,0,0
10/27/2003,0,0
10/28/2003,0,0
10/29/2003,0,0
10/30/2003,0,0
10/31/2003,0,0
11/1/2003,0,0
11/2/2003,0,0
11/3/2003,0,0
11/4/2003,0,0
11/5/2003,0,0
11/6/2003,0,0
11/7/2003,0,0
11/8/2003,0,0
11/9/2003,0,0
11/10/2003,0,0
11/11/2003,0,0
11/12/2003,0,0
11/13/2003,0,0
11/14/2003,0,0
11/15/2003,0,0
11/16/2003,0,0
11/17/2003,0,0
11/18/2003,0,0
11/19/2003,0,0
11/20/2003,0,0
11/21/2003,0,0
11/22/2003,0,0
11/23/2003,0,0
11/24/2003,0,0
11/25/2003,0,0
11/26/2003,0,0
11/27/2003,0,0
11/28/2003,0,0
11/29/2003,0,0
11/30/2003,0,0
12/1/2003,0,0
12/2/2003,0,0
12/3/2003,0,0
12/4/2003,0,0
12/5/2003,0,0
12/6/2003,0,0
12/7/2003,0,0
12/8/2003,0,0
12/9/2003,0,0
12/10/2003,0,0
12/11/2003,0,0
12/12/2003,0,0
12/13/2003,0,0
12/14/2003,0,0
12/15/2003,0,0
12/16/2003,0,0
12/17/2003,0,0
12/18/2003,0,0
12/19/2003,0,0
12/20/2003,0,0
12/21/2003,0,0
12/22/2003,0,0
12/23/2003,0,0
12/24/2003,0,0
12/25/2003,0,0
12/26/2003,0,0
12/27/2003,0,0
12/28/2003,0,0
12/29/2003,0,0
12/30/2003,0,0
12/31/2003,0,0
1/1/2004,0,0
1/2/2004,0,0
1/3/2004,0,0
1/4/2004,0,0
1/5/2004,0,0
1/6/2004,0,0
1/7/2004,0,0
1/8/2004,0,0
1/9/2004,0,0
1/10/2004,0,0
1/11/2004,0,0
1/12/2004,0,0
1/13/2004,0,0
1/14/2004,0,0
1/15/2004,0,0
1/16/2004,0,0
1/17/2004,0,0
1/18/2004,0,0
1/19/2004,0,0
1/20/2004,0,0
1/21/2004,0,0
1/22/2004,0,0
1/23/2004,0,0
1/24/2004,0,0
1/25/2004,0,0
1/26/2004,0,0
1/27/2004,0,0
1/28/2004,0,0
1/29/2004,0,0
1/30/2004,0,0
1/31/2004,0,0
2/1/2004,0,0
2/2/2004,0,0
2/3/2004,0,0
2/4/2004,0,0
2/5/2004,0,0
2/6/2004,0,0
2/7/2004,0,0
2/8/2004,0,0
2/9/2004,0,0
2/10/2004,0,0
2/11/2004,0,0
2/12/2004,0,0
2/13/2004,0,0
2/14/2004,0,0
2/15/2004,0,0
2/16/2004,0,0
2/17/2004,0,0
2/18/2004,0,0
2/19/2004,0,0
2/20/2004,0,0
2/21/2004,0,0
2/22/2004,0,0
2/23/2004,0,0
2/24/2004,0,0
2/25/2004,0,0
2/26/2004,0,0
2/27/2004,0,0
2/28/2004,0,0
2/29/2004,0,0
3/1/2004,0,0
3/2/2004,0,0
3/3/2004,0,0
3/4/2004,0,0
3/5/2004,0,0
3/6/2004,0,0
3/7/2004,0,0
3/8/2004,0,0
3/9/2004,0,0
3/10/2004,0,0
3/11/2004,0,0
3/12/2004,0,0
3/13/2004,0,0
3/14/2004,0,0
3/15/2004,0,0
3/16/2004,0,0
3/17/2004,0,0
3/18/2004,0,0
3/19/2004,0,0
3/20/2004,0,0
3/21/2004,0,0
3/22/2004,0,0
3/23/2004,0,0
3/24/2004,0,0
3/25/2004,0,0
3/26/2004,0,0
3/27/2004,0,0
3/28/2004,0,0
3/29/2004,0,0
3/30/2004,0,0
3/31/2004,0,0
4/1/2004,0,0
4/2/2004,0,0
4/3/2004,0,0
4/4/2004,0,0
4/5/2004,0,0
4/6/2004,0,0
4/7/2004,0,0
4/8/2004,0,0
4/9/2004,0,0
4/10/2004,0,0
4/11/2004,0,0
4/12/2004,0,0
4/13/2004,0,0
4/14/2004,0,0
4/15/2004,0,0
4/16/2004,0,0
4/17/2004,0,0
4/18/2004,0,0
4/19/2004,0,0
4/20/2004,0,0
4/21/2004,0,0
4/22/2004,0,0
4/23/2004,0,0
4/24/2004,0,0
4/25/2004,0,0
4/26/2004,-260.2,52.08
4/27/2004,-655.6,131.24
4/28/2004,0,0
4/29/2004,0,0
4/30/2004,0,0
5/1/2004,0,0
5/2/2004,0,0
5/3/2004,0,0
5/4/2004,0,0
5/5/2004,0,0
5/6/2004,0,0
5/7/2004,0,0
5/8/2004,0,0
5/9/2004,77.5,0.78
5/10/2004,156,1.56
5/11/2004,158,1.57
5/12/2004,163,1.61
5/13/2004,167,1.63
5/14/2004,168,1.64
5/15/2004,168,1.64
5/16/2004,169,1.64
5/17/2004,168,1.64
5/18/2004,194,1.79
5/19/2004,202,1.84
5/20/2004,201,1.83
5/21/2004,199,1.82
5/22/2004,199,1.82
5/23/2004,166,1.62
5/24/2004,156,1.56
5/25/2004,39,0.39
5/26/2004,0,0
5/27/2004,0,0
5/28/2004,0,0
5/29/2004,0,0
5/30/2004,0,0
5/31/2004,0,0
6/1/2004,0,0
6/2/2004,0,0
6/3/2004,0,0
6/4/2004,0,0
6/5/2004,0,0
6/6/2004,0,0
6/7/2004,0,0
6/8/2004,0,0
6/9/2004,0,0
6/10/2004,0,0
6/11/2004,0,0
6/12/2004,0,0
6/13/2004,0,0
6/14/2004,0,0
6/15/2004,0,0
6/16/2004,0,0
6/17/2004,0,0
6/18/2004,0,0
6/19/2004,0,0
6/20/2004,0,0
6/21/2004,93.8,0.95
6/22/2004,78.9,0.79
6/23/2004,44.4,0.45
6/24/2004,0,0
6/25/2004,0,0
6/26/2004,0,0
6/27/2004,0,0
6/28/2004,0,0
6/29/2004,107,1.09
6/30/2004,106,1.07
7/1/2004,0,0
7/2/2004,-353.8,70.83
7/3/2004,0,0
7/4/2004,0,0
7/5/2004,0,0
7/6/2004,0.014,0
7/7/2004,0.05,0.01
7/8/2004,0.05,0.01
7/9/2004,0.05,0.01
7/10/2004,0.05,0.01
7/11/2004,0.05,0.01
7/12/2004,0.05,0.01
7/13/2004,0.05,0.01
7/14/2004,0.031,0.01
7/15/2004,0,0
7/16/2004,0,0
7/17/2004,0,0
7/18/2004,422,2.58
7/19/2004,321,2.36
7/20/2004,44.2,0.47
7/21/2004,0,0
7/22/2004,0,0
7/23/2004,0,0
7/24/2004,99.4,1
7/25/2004,157,1.57
7/26/2004,115,1.16
7/27/2004,0,0
7/28/2004,0,0
7/29/2004,0,0
7/30/2004,0,0
7/31/2004,0,0
8/1/2004,-10.4,2.08
8/2/2004,0,0
8/3/2004,0,0
8/4/2004,0,0
8/5/2004,0,0
8/6/2004,0,0
8/7/2004,0,0
8/8/2004,0,0
8/9/2004,0,0
8/10/2004,0,0
8/11/2004,0,0
8/12/2004,-738.8,147.91
8/13/2004,NA,199.99
8/14/2004,NA,199.99
8/15/2004,NA,199.99
8/16/2004,NA,199.99
8/17/2004,NA,199.99
8/18/2004,NA,199.99
8/19/2004,-359.6,86.11
8/20/2004,324,2.41
8/21/2004,220,1.88
8/22/2004,42.6,0.43
8/23/2004,-842.9,168.73
8/24/2004,NA,199.98
8/25/2004,-374.6,74.99
8/26/2004,0.029,0.01
8/27/2004,0.047,0.01
8/28/2004,0.05,0.01
8/29/2004,0.05,0.01
8/30/2004,0.05,0.01
8/31/2004,0.05,0.01
9/1/2004,0.05,0.01
9/2/2004,0.05,0.01
9/3/2004,0.05,0.01
9/4/2004,0.05,0.01
9/5/2004,0.05,0.01
9/6/2004,0.05,0.01
9/7/2004,0.027,0.01
9/8/2004,0,0
9/9/2004,0,0
9/10/2004,0,0
9/11/2004,0,0
9/12/2004,0,0
9/13/2004,0,0
9/14/2004,0,0
9/15/2004,0,0
9/16/2004,0,0
9/17/2004,0,0
9/18/2004,0,0
9/19/2004,0,0
9/20/2004,0,0
9/21/2004,0,0
9/22/2004,0,0
9/23/2004,0,0
9/24/2004,0,0
9/25/2004,0,0
9/26/2004,0,0
9/27/2004,0,0
9/28/2004,0,0
9/29/2004,0,0
9/30/2004,0,0
10/1/2004,0,0
10/2/2004,0,0
10/3/2004,0,0
10/4/2004,0,0
10/5/2004,0,0
10/6/2004,0,0
10/7/2004,0,0
10/8/2004,0,0
10/9/2004,0,0
10/10/2004,0,0
10/11/2004,0,0
10/12/2004,0,0
10/13/2004,0,0
10/14/2004,0,0
10/15/2004,0,0
10/16/2004,0,0
10/17/2004,0,0
10/18/2004,0,0
10/19/2004,0,0
10/20/2004,0,0
10/21/2004,0,0
10/22/2004,0,0
10/23/2004,0,0
10/24/2004,0,0
10/25/2004,0,0
10/26/2004,0,0
10/27/2004,0,0
10/28/2004,0,0
10/29/2004,0,0
10/30/2004,0,0
10/31/2004,0,0
11/1/2004,0,0
11/2/2004,0,0
11/3/2004,0,0
11/4/2004,0,0
11/5/2004,0.608,0.04
11/6/2004,1.08,0.07
11/7/2004,1.08,0.07
11/8/2004,1.08,0.07
11/9/2004,1.08,0.07
11/10/2004,0.529,0.03
11/11/2004,0,0
11/12/2004,0,0
11/13/2004,0,0
11/14/2004,0,0
11/15/2004,0,0
11/16/2004,0,0
11/17/2004,0,0
11/18/2004,0,0
11/19/2004,0,0
11/20/2004,0,0
11/21/2004,0,0
11/22/2004,0,0
11/23/2004,0,0
11/24/2004,0,0
11/25/2004,0,0
11/26/2004,0,0
11/27/2004,0,0
11/28/2004,0,0
11/29/2004,0,0
11/30/2004,0,0
12/1/2004,0,0
12/2/2004,0,0
12/3/2004,0,0
12/4/2004,0,0
12/5/2004,0,0
12/6/2004,0,0
12/7/2004,0,0
12/8/2004,0,0
12/9/2004,0,0
12/10/2004,0,0
12/11/2004,0,0
12/12/2004,0,0
12/13/2004,0,0
12/14/2004,0,0
12/15/2004,0,0
12/16/2004,0,0
12/17/2004,0,0
12/18/2004,0,0
12/19/2004,0,0
12/20/2004,0,0
12/21/2004,0,0
12/22/2004,0,0
12/23/2004,0,0
12/24/2004,0,0
12/25/2004,0,0
12/26/2004,0,0
12/27/2004,0,0
12/28/2004,0,0
12/29/2004,0,0
12/30/2004,0,0
12/31/2004,0,0
1/1/2005,0,0
1/2/2005,0,0
1/3/2005,0,0
1/4/2005,0,0
1/5/2005,0,0
1/6/2005,0,0
1/7/2005,0,0
1/8/2005,0,0
1/9/2005,0,0
1/10/2005,0,0
1/11/2005,0,0
1/12/2005,0,0
1/13/2005,0,0
1/14/2005,0,0
1/15/2005,0,0
1/16/2005,0,0
1/17/2005,0,0
1/18/2005,0,0
1/19/2005,0,0
1/20/2005,0,0
1/21/2005,0,0
1/22/2005,0,0
1/23/2005,0,0
1/24/2005,0,0
1/25/2005,0,0
1/26/2005,0,0
1/27/2005,0,0
1/28/2005,0,0
1/29/2005,0,0
1/30/2005,0,0
1/31/2005,0,0
2/1/2005,0,0
2/2/2005,0,0
2/3/2005,0,0
2/4/2005,0,0
2/5/2005,0,0
2/6/2005,0,0
2/7/2005,0,0
2/8/2005,0,0
2/9/2005,0,0
2/10/2005,0,0
2/11/2005,0,0
2/12/2005,0,0
2/13/2005,0,0
2/14/2005,0,0
2/15/2005,0,0
2/16/2005,0,0
2/17/2005,0,0
2/18/2005,0,0
2/19/2005,0,0
2/20/2005,0,0
2/21/2005,0,0
2/22/2005,0,0
2/23/2005,0,0
2/24/2005,0,0
2/25/2005,0,0
2/26/2005,0,0
2/27/2005,0,0
2/28/2005,0,0
3/1/2005,0,0
3/2/2005,0,0
3/3/2005,0,0
3/4/2005,0,0
3/5/2005,0,0
3/6/2005,0,0
3/7/2005,0,0
3/8/2005,0,0
3/9/2005,0,0
3/10/2005,0,0
3/11/2005,0,0
3/12/2005,15.8,0.18
3/13/2005,159,1.58
3/14/2005,166,1.62
3/15/2005,184,1.73
3/16/2005,180,1.71
3/17/2005,180,1.71
3/18/2005,128,1.22
3/19/2005,0,0
3/20/2005,0,0
3/21/2005,0,0
3/22/2005,0,0
3/23/2005,0,0
3/24/2005,0,0
3/25/2005,0,0
3/26/2005,0,0
3/27/2005,0,0
3/28/2005,0,0
3/29/2005,0,0
3/30/2005,0,0
3/31/2005,0,0
4/1/2005,-166.5,33.33
4/2/2005,-770.8,156.39
4/3/2005,76.2,1
4/4/2005,83.5,1.06
4/5/2005,108,1.21
4/6/2005,182,1.68
4/7/2005,173,1.63
4/8/2005,76.5,1
4/9/2005,73,0.97
4/10/2005,74.1,0.98
4/11/2005,73.7,0.97
4/12/2005,72.5,0.97
4/13/2005,73.2,0.97
4/14/2005,73.7,0.98
4/15/2005,75.4,0.99
4/16/2005,73.1,0.97
4/17/2005,73.3,0.98
4/18/2005,79.2,1.02
4/19/2005,83.6,1.06
4/20/2005,84,1.06
4/21/2005,83.7,1.06
4/22/2005,79.8,1.03
4/23/2005,74.8,0.99
4/24/2005,74.9,0.99
4/25/2005,74.5,0.99
4/26/2005,132,1.39
4/27/2005,217,1.92
4/28/2005,175,1.68
4/29/2005,175,1.68
4/30/2005,174,1.67
5/1/2005,174,1.67
5/2/2005,169,1.64
5/3/2005,90.2,1.08
5/4/2005,63.7,0.89
5/5/2005,64.6,0.9
5/6/2005,64.8,0.9
5/7/2005,27,0.38
5/8/2005,0,0
5/9/2005,63.8,0.64
5/10/2005,161,1.59
5/11/2005,157,1.57
5/12/2005,160,1.59
5/13/2005,160,1.59
5/14/2005,160,1.59
5/15/2005,160,1.59
5/16/2005,176,1.69
5/17/2005,183,1.73
5/18/2005,181,1.72
5/19/2005,45,0.43
5/20/2005,0,0
5/21/2005,0,0
5/22/2005,0,0
5/23/2005,13.4,0.14
5/24/2005,158,1.57
5/25/2005,186,1.73
5/26/2005,543,3.41
5/27/2005,401,2.79
5/28/2005,456,3.04
5/29/2005,550,3.44
5/30/2005,576,3.54
5/31/2005,651,3.82
6/1/2005,602,3.63
6/2/2005,505,3.26
6/3/2005,474,3.13
6/4/2005,249,2.01
6/5/2005,158,1.57
6/6/2005,164,1.61
6/7/2005,153,1.54
6/8/2005,35,2.54
6/9/2005,0,0
6/10/2005,0,0
6/11/2005,0,0
6/12/2005,0,0
6/13/2005,0,0
6/14/2005,0,0
6/15/2005,0,0
6/16/2005,0,0
6/17/2005,0,0
6/18/2005,0,0
6/19/2005,0,0
6/20/2005,0,0
6/21/2005,0,0
6/22/2005,113,1.13
6/23/2005,155,1.56
6/24/2005,45.2,0.45
6/25/2005,0,0
6/26/2005,0,0
6/27/2005,0,0
6/28/2005,0,0
6/29/2005,0,0
6/30/2005,76.1,0.75
7/1/2005,164,1.61
7/2/2005,162,1.6
7/3/2005,161,1.6
7/4/2005,161,1.6
7/5/2005,161,1.59
7/6/2005,161,1.6
7/7/2005,175,1.68
7/8/2005,179,1.71
7/9/2005,180,1.71
7/10/2005,170,1.65
7/11/2005,48.5,0.48
7/12/2005,0,0
7/13/2005,0,0
7/14/2005,0,0
7/15/2005,0,0
7/16/2005,0,0
7/17/2005,0,0
7/18/2005,0,0
7/19/2005,0,0
7/20/2005,0,0
7/21/2005,0,0
7/22/2005,0,0
7/23/2005,0,0
7/24/2005,0,0
7/25/2005,0,0
7/26/2005,0,0
7/27/2005,0,0
7/28/2005,0,0
7/29/2005,0,0
7/30/2005,0,0
7/31/2005,0,0
8/1/2005,0,0
8/2/2005,0,0
8/3/2005,0,0
8/4/2005,0,0
8/5/2005,0,0
8/6/2005,0,0
8/7/2005,0,0
8/8/2005,0,0
8/9/2005,0,0
8/10/2005,0,0
8/11/2005,0,0
8/12/2005,0,0
8/13/2005,-749.2,149.99
8/14/2005,NA,199.99
8/15/2005,NA,199.99
8/16/2005,NA,199.99
8/17/2005,NA,199.99
8/18/2005,NA,199.99
8/19/2005,NA,199.99
8/20/2005,-978.2,195.82
8/21/2005,-770.1,154.16
8/22/2005,-124.9,25
8/23/2005,-10.4,2.08
8/24/2005,-31.2,6.25
8/25/2005,0,0
8/26/2005,0,0
8/27/2005,0,0
8/28/2005,31.5,0.47
8/29/2005,61.1,0.87
8/30/2005,59.3,0.85
8/31/2005,14.4,0.21
9/1/2005,0,0
9/2/2005,0,0
9/3/2005,11.4,2.47
9/4/2005,40.2,0.67
9/5/2005,32.5,0.59
9/6/2005,33.7,0.6
9/7/2005,33.3,0.6
9/8/2005,32.9,0.59
9/9/2005,31.2,0.57
9/10/2005,30.3,0.56
9/11/2005,30.1,0.56
9/12/2005,29,0.55
9/13/2005,12.2,0.25
9/14/2005,0,0
9/15/2005,0,0
9/16/2005,0,0
9/17/2005,0,0
9/18/2005,0,0
9/19/2005,0,0
9/20/2005,0,0
9/21/2005,0,0
9/22/2005,0,0
9/23/2005,34.5,0.54
9/24/2005,52.5,0.79
9/25/2005,52.9,0.8
9/26/2005,52.7,0.79
9/27/2005,53.1,0.8
9/28/2005,32.2,0.48
9/29/2005,0,0
9/30/2005,0,0
10/1/2005,0,0
10/2/2005,0,0
10/3/2005,0,0
10/4/2005,0,0
10/5/2005,0.014,0
10/6/2005,0.002,0
10/7/2005,0.014,0
10/8/2005,22.7,0.38
10/9/2005,39.5,0.66
10/10/2005,39.5,0.66
10/11/2005,39.4,0.66
10/12/2005,3.37,0.06
10/13/2005,0,0
10/14/2005,0,0
10/15/2005,0,0
10/16/2005,0,0
10/17/2005,0,0
10/18/2005,0,0
10/19/2005,0,0
10/20/2005,0,0
10/21/2005,0,0
10/22/2005,0,0
10/23/2005,0,0
10/24/2005,0,0
10/25/2005,0,0
10/26/2005,0,0
10/27/2005,0,0
10/28/2005,0,0
10/29/2005,0,0
10/30/2005,0,0
10/31/2005,0,0
11/1/2005,0,0
11/2/2005,0,0
11/3/2005,0,0
11/4/2005,0,0
11/5/2005,0,0
11/6/2005,0,0
11/7/2005,0,0
11/8/2005,0,0
11/9/2005,0,0
11/10/2005,0,0
11/11/2005,0,0
11/12/2005,0,0
11/13/2005,0,0
11/14/2005,0,0
11/15/2005,0,0
11/16/2005,0,0
11/17/2005,0,0
11/18/2005,0,0
11/19/2005,0,0
11/20/2005,0,0
11/21/2005,0,0
11/22/2005,0,0
11/23/2005,0,0
11/24/2005,0,0
11/25/2005,0,0
11/26/2005,0,0
11/27/2005,0,0
11/28/2005,0,0
11/29/2005,0,0
11/30/2005,0,0
12/1/2005,0,0
12/2/2005,0,0
12/3/2005,0,0
12/4/2005,0,0
12/5/2005,0,0
12/6/2005,0,0
12/7/2005,0,0
12/8/2005,0,0
12/9/2005,0,0
12/10/2005,0,0
12/11/2005,0,0
12/12/2005,0,0
12/13/2005,0,0
12/14/2005,0,0
12/15/2005,0,0
12/16/2005,0,0
12/17/2005,0,0
12/18/2005,0,0
12/19/2005,0,0
12/20/2005,0,0
12/21/2005,0,0
12/22/2005,0,0
12/23/2005,0,0
12/24/2005,0,0
12/25/2005,0,0
12/26/2005,0,0
12/27/2005,0,0
12/28/2005,0,0
12/29/2005,0,0
12/30/2005,0,0
12/31/2005,0,0
1/1/2006,0,0
1/2/2006,0,0
1/3/2006,0,0
1/4/2006,0,0
1/5/2006,0,0
1/6/2006,0,0
1/7/2006,0,0
1/8/2006,0,0
1/9/2006,0,0
1/10/2006,0,0
1/11/2006,0,0
1/12/2006,0,0
1/13/2006,0,0
1/14/2006,0,0
1/15/2006,0,0
1/16/2006,0,0
1/17/2006,0,0
1/18/2006,0,0
1/19/2006,0,0
1/20/2006,0,0
1/21/2006,0,0
1/22/2006,0,0
1/23/2006,0,0
1/24/2006,0,0
1/25/2006,0,0
1/26/2006,0,0
1/27/2006,0,0
1/28/2006,0,0
1/29/2006,0,0
1/30/2006,0,0
1/31/2006,0,0
2/1/2006,0,0
2/2/2006,0,0
2/3/2006,0,0
2/4/2006,0,0
2/5/2006,0,0
2/6/2006,0,0
2/7/2006,0,0
2/8/2006,0,0
2/9/2006,0,0
2/10/2006,0,0
2/11/2006,0,0
2/12/2006,0,0
2/13/2006,0,0
2/14/2006,0,0
2/15/2006,0,0
2/16/2006,0,0
2/17/2006,0,0
2/18/2006,0,0
2/19/2006,0,0
2/20/2006,0,0
2/21/2006,0,0
2/22/2006,0,0
2/23/2006,0,0
2/24/2006,0,0
2/25/2006,0,0
2/26/2006,0,0
2/27/2006,0,0
2/28/2006,0,0
3/1/2006,0,0
3/2/2006,0,0
3/3/2006,0,0
3/4/2006,0,0
3/5/2006,0,0
3/6/2006,0,0
3/7/2006,0,0
3/8/2006,0,0
3/9/2006,0,0
3/10/2006,0,0
3/11/2006,0,0
3/12/2006,0,0
3/13/2006,0,0
3/14/2006,0,0
3/15/2006,0,0
3/16/2006,0,0
3/17/2006,0,0
3/18/2006,0,0
3/19/2006,0,0
3/20/2006,0,0
3/21/2006,0,0
3/22/2006,0,0
3/23/2006,0,0
3/24/2006,0,0
3/25/2006,0,0
3/26/2006,0,0
3/27/2006,0,0
3/28/2006,0,0
3/29/2006,0,0
3/30/2006,0,0
3/31/2006,0,0
4/1/2006,0,0
4/2/2006,44.5,0.69
4/3/2006,61.4,0.87
4/4/2006,57.1,0.83
4/5/2006,31.4,0.46
4/6/2006,0,0
4/7/2006,0,0
4/8/2006,0,0
4/9/2006,42.7,0.62
4/10/2006,59,0.85
4/11/2006,59.3,0.85
4/12/2006,59.6,0.86
4/13/2006,59.1,0.85
4/14/2006,57.8,0.84
4/15/2006,52.6,0.79
4/16/2006,50.4,0.77
4/17/2006,48.6,0.75
4/18/2006,40.7,0.67
4/19/2006,10.9,0.19
4/20/2006,0,0
4/21/2006,0,0
4/22/2006,0,0
4/23/2006,120,1.06
4/24/2006,299,2.35
4/25/2006,303,2.37
4/26/2006,301,2.36
4/27/2006,290,2.31
4/28/2006,160,1.59
4/29/2006,166,1.63
4/30/2006,162,1.6
5/1/2006,158,1.57
5/2/2006,78.5,1.02
5/3/2006,79.6,1.03
5/4/2006,80.2,1.03
5/5/2006,78.8,1.02
5/6/2006,0.824,0.01
5/7/2006,0,0
5/8/2006,0,0
5/9/2006,0,0
5/10/2006,0,0
5/11/2006,0,0
5/12/2006,0,0
5/13/2006,0,0
5/14/2006,0,0
5/15/2006,0,0
5/16/2006,0,0
5/17/2006,0,0
5/18/2006,0,0
5/19/2006,0,0
5/20/2006,0,0
5/21/2006,97.2,0.76
5/22/2006,301,2.36
5/23/2006,299,2.35
5/24/2006,297,2.34
5/25/2006,277,2.24
5/26/2006,277,2.24
5/27/2006,277,2.24
5/28/2006,61.5,2.67
5/29/2006,0,0
5/30/2006,0,0
5/31/2006,0,0
6/1/2006,0,0
6/2/2006,0,0
6/3/2006,0,0
6/4/2006,0,0
6/5/2006,0,0
6/6/2006,0,0
6/7/2006,19.8,0.23
6/8/2006,115,1.29
6/9/2006,154,1.55
6/10/2006,153,1.54
6/11/2006,298,2.34
6/12/2006,252,2.09
6/13/2006,155,1.54
6/14/2006,0,0
6/15/2006,0,0
6/16/2006,0,0
6/17/2006,0,0
6/18/2006,0,0
6/19/2006,0,0
6/20/2006,0,0
6/21/2006,0,0
6/22/2006,0,0
6/23/2006,0,0
6/24/2006,0,0
6/25/2006,0,0
6/26/2006,0,0
6/27/2006,0,0
6/28/2006,0,0
6/29/2006,0,0
6/30/2006,0,0
7/1/2006,0,0
7/2/2006,0,0
7/3/2006,0,0
7/4/2006,0,0
7/5/2006,0,0
7/6/2006,28.9,0.29
7/7/2006,115,1.05
7/8/2006,582,3.55
7/9/2006,318,2.1
7/10/2006,235,1.5
7/11/2006,648,3.81
7/12/2006,621,3.71
7/13/2006,176,1.38
7/14/2006,0,0
7/15/2006,0,0
7/16/2006,0,0
7/17/2006,0,0
7/18/2006,0,0
7/19/2006,0,0
7/20/2006,0,0
7/21/2006,0,0
7/22/2006,0,0
7/23/2006,0,0
7/24/2006,0,0
7/25/2006,0,0
7/26/2006,0,0
7/27/2006,0,0
7/28/2006,0,0
7/29/2006,0,0
7/30/2006,0,0
7/31/2006,0,0
8/1/2006,0,0
8/2/2006,0,0
8/3/2006,0,0
8/4/2006,0,0
8/5/2006,0,0
8/6/2006,0,0
8/7/2006,0,0
8/8/2006,0,0
8/9/2006,0,0
8/10/2006,0,0
8/11/2006,0,0
8/12/2006,0,0
8/13/2006,0,0
8/14/2006,0,0
8/15/2006,0,0
8/16/2006,0,0
8/17/2006,0,0
8/18/2006,0,0
8/19/2006,283,1.79
8/20/2006,361,2.54
8/21/2006,43.1,0.44
8/22/2006,0,0
8/23/2006,0,0
8/24/2006,0,0
8/25/2006,0,0
8/26/2006,0,0
8/27/2006,171,1.24
8/28/2006,546,3.42
8/29/2006,268,2.1
8/30/2006,43.8,0.44
8/31/2006,0,0
9/1/2006,0,0
9/2/2006,0,0
9/3/2006,0,0
9/4/2006,0,0
9/5/2006,0,0
9/6/2006,0,0
9/7/2006,0,0
9/8/2006,0,0
9/9/2006,0,0
9/10/2006,0,0
9/11/2006,0,0
9/12/2006,0,0
9/13/2006,0,0
9/14/2006,0,0
9/15/2006,0,0
9/16/2006,0,0
9/17/2006,0,0
9/18/2006,0,0
9/19/2006,-141.2,-141.16
9/20/2006,0,0
9/21/2006,0,0
9/22/2006,0,0
9/23/2006,0,0
9/24/2006,0,0
9/25/2006,0,0
9/26/2006,0,0
9/27/2006,0,0
9/28/2006,0,0
9/29/2006,0,0
9/30/2006,0,0
10/1/2006,0,0
10/2/2006,0,0
10/3/2006,0,0
10/4/2006,0,0
10/5/2006,0,0
10/6/2006,0,0
10/7/2006,0,0
10/8/2006,0,0
10/9/2006,0,0
10/10/2006,0,0
10/11/2006,0,0
10/12/2006,0,0
10/13/2006,0,0
10/14/2006,0,0
10/15/2006,0,0
10/16/2006,0,0
10/17/2006,0,0
10/18/2006,0,0
10/19/2006,0,0
10/20/2006,0,0
10/21/2006,0,0
10/22/2006,0,0
10/23/2006,0,0
10/24/2006,0,0
10/25/2006,0,0
10/26/2006,0,0
10/27/2006,76.4,0.8
10/28/2006,153,1.55
10/29/2006,152,1.54
10/30/2006,151,1.54
10/31/2006,48.3,0.49
11/1/2006,0,0
11/2/2006,0,0
11/3/2006,0,0
11/4/2006,0,0
11/5/2006,0,0
11/6/2006,0,0
11/7/2006,0,0
11/8/2006,0,0
11/9/2006,0,0
11/10/2006,0,0
11/11/2006,0,0
11/12/2006,0,0
11/13/2006,0,0
11/14/2006,89.9,0.76
11/15/2006,0.109,0
11/16/2006,0,0
11/17/2006,0,0
11/18/2006,0,0
11/19/2006,0,0
11/20/2006,0,0
11/21/2006,0,0
11/22/2006,0,0
11/23/2006,0,0
11/24/2006,0,0
11/25/2006,0,0
11/26/2006,0,0
11/27/2006,0,0
11/28/2006,0,0
11/29/2006,0,0
11/30/2006,0,0
12/1/2006,0,0
12/2/2006,0,0
12/3/2006,0,0
12/4/2006,0,0
12/5/2006,0,0
12/6/2006,0,0
12/7/2006,0,0
12/8/2006,0,0
12/9/2006,0,0
12/10/2006,0,0
12/11/2006,0,0
12/12/2006,0,0
12/13/2006,0,0
12/14/2006,0,0
12/15/2006,0,0
12/16/2006,0,0
12/17/2006,0,0
12/18/2006,0,0
12/19/2006,0,0
12/20/2006,0,0
12/21/2006,0,0
12/22/2006,0,0
12/23/2006,0,0
12/24/2006,0,0
12/25/2006,0,0
12/26/2006,0,0
12/27/2006,0,0
12/28/2006,0,0
12/29/2006,0,0
12/30/2006,0,0
12/31/2006,0,0
1/1/2007,0,0
1/2/2007,0,0
1/3/2007,0,0
1/4/2007,0,0
1/5/2007,0,0
1/6/2007,0,0
1/7/2007,0,0
1/8/2007,0,0
1/9/2007,0,0
1/10/2007,0,0
1/11/2007,0,0
1/12/2007,0,0
1/13/2007,0,0
1/14/2007,0,0
1/15/2007,0,0
1/16/2007,0,0
1/17/2007,0,0
1/18/2007,0,0
1/19/2007,0,0
1/20/2007,0,0
1/21/2007,0,0
1/22/2007,0,0
1/23/2007,0,0
1/24/2007,0,0
1/25/2007,0,0
1/26/2007,0,0
1/27/2007,0,0
1/28/2007,0,0
1/29/2007,0,0
1/30/2007,0,0
1/31/2007,0,0
2/1/2007,-10.4,-10.41
2/2/2007,0,0
2/3/2007,0,0
2/4/2007,0,0
2/5/2007,0,0
2/6/2007,0,0
2/7/2007,0,0
2/8/2007,0,0
2/9/2007,0,0
2/10/2007,0,0
2/11/2007,0,0
2/12/2007,0,0
2/13/2007,0,0
2/14/2007,0,0
2/15/2007,0,0
2/16/2007,0,0
2/17/2007,0,0
2/18/2007,0,0
2/19/2007,0,0
2/20/2007,0,0
2/21/2007,0,0
2/22/2007,0,0
2/23/2007,0,0
2/24/2007,0,0
2/25/2007,0,0
2/26/2007,0,0
2/27/2007,0,0
2/28/2007,0,0
3/1/2007,0,0
3/2/2007,0,0
3/3/2007,0,0
3/4/2007,0,0
3/5/2007,0,0
3/6/2007,0,0
3/7/2007,0,0
3/8/2007,0,0
3/9/2007,0,0
3/10/2007,0,0
3/11/2007,0,0
3/12/2007,0,0
3/13/2007,0,0
3/14/2007,0,0
3/15/2007,0,0
3/16/2007,0,0
3/17/2007,0,0
3/18/2007,87.3,0.88
3/19/2007,153,1.55
3/20/2007,36.1,0.41
3/21/2007,94.4,0.98
3/22/2007,156,1.57
3/23/2007,56.3,0.57
3/24/2007,0,0
3/25/2007,0,0
3/26/2007,0,0
3/27/2007,0,0
3/28/2007,0,0
3/29/2007,0,0
3/30/2007,0,0
3/31/2007,0,0
4/1/2007,0,0
4/2/2007,0,0
4/3/2007,0,0
4/4/2007,0,0
4/5/2007,0,0
4/6/2007,0,0
4/7/2007,0,0
4/8/2007,26.4,0.43
4/9/2007,21.3,0.34
4/10/2007,0,0
4/11/2007,0,0
4/12/2007,0,0
4/13/2007,0,0
4/14/2007,0,0
4/15/2007,0,0
4/16/2007,0,0
4/17/2007,6.54,0.07
4/18/2007,346,2.52
4/19/2007,188,1.58
4/20/2007,0,0
4/21/2007,0,0
4/22/2007,0,0
4/23/2007,0,0
4/24/2007,39.7,0.4
4/25/2007,87.4,0.88
4/26/2007,349,2.53
4/27/2007,181,1.71
4/28/2007,184,1.72
4/29/2007,155,1.56
4/30/2007,155,1.56
5/1/2007,155,1.56
5/2/2007,155,1.56
5/3/2007,218,1.9
5/4/2007,428,2.93
5/5/2007,234,1.96
5/6/2007,156,1.56
5/7/2007,155,1.56
5/8/2007,451,2.95
5/9/2007,599,3.63
5/10/2007,440,2.96
5/11/2007,94,0.76
5/12/2007,19.1,0.19
5/13/2007,211,1.88
5/14/2007,187,1.74
5/15/2007,156,1.56
5/16/2007,458,2.97
5/17/2007,320,2.33
5/18/2007,484,3.09
5/19/2007,601,3.63
5/20/2007,601,3.63
5/21/2007,600,3.63
5/22/2007,601,3.63
5/23/2007,364,2.61
5/24/2007,260,2.15
5/25/2007,260,2.15
5/26/2007,260,2.15
5/27/2007,248,2.08
5/28/2007,45.1,0.46
5/29/2007,80.1,0.8
5/30/2007,157,1.57
5/31/2007,155,1.56
6/1/2007,231,1.98
6/2/2007,200,1.8
6/3/2007,155,1.56
6/4/2007,156,1.57
6/5/2007,156,1.56
6/6/2007,157,1.57
6/7/2007,154,1.55
6/8/2007,176,1.68
6/9/2007,196,1.81
6/10/2007,196,1.81
6/11/2007,197,1.81
6/12/2007,69.9,0.65
6/13/2007,54.7,0.55
6/14/2007,198,1.81
6/15/2007,228,1.99
6/16/2007,228,1.98
6/17/2007,228,1.99
6/18/2007,228,1.99
6/19/2007,228,1.98
6/20/2007,208,1.87
6/21/2007,154,1.55
6/22/2007,50.5,0.51
6/23/2007,114,1.14
6/24/2007,81.4,0.82
6/25/2007,0,0
6/26/2007,0,0
6/27/2007,187,1.51
6/28/2007,337,2.53
6/29/2007,355,2.62
6/30/2007,179,1.53
7/1/2007,0,0
7/2/2007,0,0
7/3/2007,0,0
7/4/2007,0,0
7/5/2007,0,0
7/6/2007,0,0
7/7/2007,0,0
7/8/2007,0,0
7/9/2007,0,0
7/10/2007,8.71,0.09
7/11/2007,140,1.46
7/12/2007,140,1.46
7/13/2007,156,1.56
7/14/2007,162,1.6
7/15/2007,161,1.59
7/16/2007,160,1.59
7/17/2007,160,1.59
7/18/2007,160,1.59
7/19/2007,163,1.61
7/20/2007,161,1.59
7/21/2007,160,1.59
7/22/2007,160,1.59
7/23/2007,160,1.59
7/24/2007,161,1.6
7/25/2007,151,1.52
7/26/2007,162,1.6
7/27/2007,163,1.61
7/28/2007,162,1.6
7/29/2007,163,1.61
7/30/2007,163,1.6
7/31/2007,163,1.61
8/1/2007,163,1.61
8/2/2007,163,1.6
8/3/2007,163,1.61
8/4/2007,164,1.61
8/5/2007,164,1.61
8/6/2007,164,1.61
8/7/2007,165,1.62
8/8/2007,254,2.1
8/9/2007,211,1.86
8/10/2007,157,1.57
8/11/2007,157,1.57
8/12/2007,29.4,0.29
8/13/2007,0,0
8/14/2007,0,0
8/15/2007,0,0
8/16/2007,0,0
8/17/2007,0,0
8/18/2007,0,0
8/19/2007,0,0
8/20/2007,0,0
8/21/2007,0,0
8/22/2007,0,0
8/23/2007,0,0
8/24/2007,0,0
8/25/2007,0,0
8/26/2007,0,0
8/27/2007,0,0
8/28/2007,0,0
8/29/2007,0,0
8/30/2007,0,0
8/31/2007,0,0
9/1/2007,0,0
9/2/2007,9.14,0.09
9/3/2007,157,1.57
9/4/2007,157,1.57
9/5/2007,157,1.57
9/6/2007,157,1.57
9/7/2007,157,1.57
9/8/2007,157,1.57
9/9/2007,157,1.57
9/10/2007,157,1.57
9/11/2007,157,1.57
9/12/2007,157,1.57
9/13/2007,157,1.56
9/14/2007,157,1.57
9/15/2007,144,1.49
9/16/2007,140,1.46
9/17/2007,105,1.22
9/18/2007,96.1,1.16
9/19/2007,47.8,0.56
9/20/2007,0,0
9/21/2007,0,0
9/22/2007,0,0
9/23/2007,0,0
9/24/2007,0,0
9/25/2007,0,0
9/26/2007,0,0
9/27/2007,0,0
9/28/2007,0,0
9/29/2007,0,0
9/30/2007,0,0
10/1/2007,0,0
10/2/2007,0,0
10/3/2007,0,0
10/4/2007,0,0
10/5/2007,0,0
10/6/2007,0,0
10/7/2007,0,0
10/8/2007,0,0
10/9/2007,0,0
10/10/2007,0,0
10/11/2007,0,0
10/12/2007,0,0
10/13/2007,0,0
10/14/2007,0,0
10/15/2007,0,0
10/16/2007,0,0
10/17/2007,0,0
10/18/2007,0,0
10/19/2007,0,0
10/20/2007,0,0
10/21/2007,0,0
10/22/2007,0,0
10/23/2007,0,0
10/24/2007,0,0
10/25/2007,0,0
10/26/2007,0,0
10/27/2007,0,0
10/28/2007,0,0
10/29/2007,0,0
10/30/2007,0,0
10/31/2007,0,0
11/1/2007,0,0
11/2/2007,0,0
11/3/2007,0,0
11/4/2007,0,0
11/5/2007,0,0
11/6/2007,0,0
11/7/2007,0,0
11/8/2007,0,0
11/9/2007,0,0
11/10/2007,0,0
11/11/2007,0,0
11/12/2007,0,0
11/13/2007,0,0
11/14/2007,0,0
11/15/2007,0,0
11/16/2007,0,0
11/17/2007,0,0
11/18/2007,0,0
11/19/2007,0,0
11/20/2007,0,0
11/21/2007,0,0
11/22/2007,0,0
11/23/2007,0,0
11/24/2007,0,0
11/25/2007,0,0
11/26/2007,0,0
11/27/2007,0,0
11/28/2007,0,0
11/29/2007,0,0
11/30/2007,0,0
12/1/2007,0,0
12/2/2007,0,0
12/3/2007,0,0
12/4/2007,0,0
12/5/2007,0,0
12/6/2007,0,0
12/7/2007,0,0
12/8/2007,0,0
12/9/2007,0,0
12/10/2007,0,0
12/11/2007,0,0
12/12/2007,0,0
12/13/2007,0,0
12/14/2007,0,0
12/15/2007,0,0
12/16/2007,0,0
12/17/2007,0,0
12/18/2007,0,0
12/19/2007,0,0
12/20/2007,0,0
12/21/2007,0,0
12/22/2007,0,0
12/23/2007,0,0
12/24/2007,0,0
12/25/2007,0,0
12/26/2007,0,0
12/27/2007,0,0
12/28/2007,0,0
12/29/2007,0,0
12/30/2007,0,0
12/31/2007,0,0
1/1/2008,0,0
1/2/2008,0,0
1/3/2008,0,0
1/4/2008,0,0
1/5/2008,0,0
1/6/2008,0,0
1/7/2008,0,0
1/8/2008,0,0
1/9/2008,0,0
1/10/2008,0,0
1/11/2008,0,0
1/12/2008,0,0
1/13/2008,0,0
1/14/2008,0,0
1/15/2008,0,0
1/16/2008,0,0
1/17/2008,0,0
1/18/2008,0,0
1/19/2008,0,0
1/20/2008,0,0
1/21/2008,0,0
1/22/2008,0,0
1/23/2008,0,0
1/24/2008,0,0
1/25/2008,0,0
1/26/2008,0,0
1/27/2008,0,0
1/28/2008,0,0
1/29/2008,0,0
1/30/2008,0,0
1/31/2008,0,0
2/1/2008,0,0
2/2/2008,0,0
2/3/2008,0,0
2/4/2008,0,0
2/5/2008,0,0
2/6/2008,0,0
2/7/2008,0,0
2/8/2008,0,0
2/9/2008,0,0
2/10/2008,0,0
2/11/2008,0.085,0.01
2/12/2008,0.146,0.02
2/13/2008,0.146,0.02
2/14/2008,0.146,0.02
2/15/2008,0.146,0.02
2/16/2008,0.146,0.02
2/17/2008,0.146,0.02
2/18/2008,0.146,0.02
2/19/2008,0.146,0.02
2/20/2008,0.146,0.02
2/21/2008,0.146,0.02
2/22/2008,0.146,0.02
2/23/2008,0.146,0.02
2/24/2008,0.146,0.02
2/25/2008,0.146,0.02
2/26/2008,0.146,0.02
2/27/2008,0.146,0.02
2/28/2008,0.146,0.02
2/29/2008,0.146,0.02
3/1/2008,0.146,0.02
3/2/2008,0.146,0.02
3/3/2008,0.146,0.02
3/4/2008,0.146,0.02
3/5/2008,0.146,0.02
3/6/2008,0.146,0.02
3/7/2008,0.146,0.02
3/8/2008,0.146,0.02
3/9/2008,0.146,0.02
3/10/2008,0.082,0.01
3/11/2008,0,0
3/12/2008,0,0
3/13/2008,0,0
3/14/2008,0,0
3/15/2008,0,0
3/16/2008,0,0
3/17/2008,0,0
3/18/2008,0,0
3/19/2008,0,0
3/20/2008,0,0
3/21/2008,0,0
3/22/2008,0,0
3/23/2008,0,0
3/24/2008,0,0
3/25/2008,0,0
3/26/2008,0,0
3/27/2008,0,0
3/28/2008,0,0
3/29/2008,0,0
3/30/2008,0,0
3/31/2008,0,0
4/1/2008,0,0
4/2/2008,0,0
4/3/2008,0,0
4/4/2008,0,0
4/5/2008,0,0
4/6/2008,77.7,0.76
4/7/2008,161,1.59
4/8/2008,158,1.57
4/9/2008,160,1.59
4/10/2008,159,1.58
4/11/2008,159,1.58
4/12/2008,161,1.6
4/13/2008,161,1.59
4/14/2008,159,1.58
4/15/2008,161,1.59
4/16/2008,161,1.59
4/17/2008,160,1.59
4/18/2008,161,1.59
4/19/2008,161,1.59
4/20/2008,161,1.59
4/21/2008,161,1.59
4/22/2008,162,1.6
4/23/2008,164,1.61
4/24/2008,103,-42.31
4/25/2008,0,-118.85
4/26/2008,25,-100.03
4/27/2008,160,1.59
4/28/2008,160,1.59
4/29/2008,160,1.59
4/30/2008,160,1.59
5/1/2008,158,1.58
5/2/2008,160,1.59
5/3/2008,160,1.59
5/4/2008,160,1.59
5/5/2008,160,1.59
5/6/2008,158,1.58
5/7/2008,148,1.51
5/8/2008,161,1.59
5/9/2008,160,1.59
5/10/2008,160,1.59
5/11/2008,160,1.59
5/12/2008,160,1.59
5/13/2008,160,1.59
5/14/2008,160,1.59
5/15/2008,160,1.59
5/16/2008,160,1.59
5/17/2008,160,1.59
5/18/2008,160,1.59
5/19/2008,160,1.59
5/20/2008,160,1.59
5/21/2008,159,1.58
5/22/2008,160,1.59
5/23/2008,160,1.59
5/24/2008,160,1.59
5/25/2008,160,1.59
5/26/2008,15.3,0.17
5/27/2008,0.146,0.02
5/28/2008,0.146,0.02
5/29/2008,0.146,0.02
5/30/2008,0.146,0.02
5/31/2008,2.84,0.05
6/1/2008,157,1.57
6/2/2008,157,1.57
6/3/2008,154,1.55
6/4/2008,154,1.55
6/5/2008,154,1.55
6/6/2008,397,2.69
6/7/2008,603,3.64
6/8/2008,302,2.25
6/9/2008,153,1.55
6/10/2008,55.7,0.68
6/11/2008,106,1.13
6/12/2008,152,1.54
6/13/2008,152,1.54
6/14/2008,152,1.54
6/15/2008,152,1.54
6/16/2008,152,1.54
6/17/2008,153,1.54
6/18/2008,152,1.54
6/19/2008,152,1.54
6/20/2008,154,1.55
6/21/2008,179,1.68
6/22/2008,416,2.8
6/23/2008,411,2.87
6/24/2008,510,3.27
6/25/2008,588,3.58
6/26/2008,153,1.54
6/27/2008,155,1.55
6/28/2008,155,1.56
6/29/2008,155,1.56
6/30/2008,154,1.55
7/1/2008,155,1.56
7/2/2008,154,1.55
7/3/2008,154,1.55
7/4/2008,154,1.55
7/5/2008,154,1.55
7/6/2008,154,1.55
7/7/2008,155,1.55
7/8/2008,155,1.56
7/9/2008,155,1.56
7/10/2008,155,1.56
7/11/2008,155,1.56
7/12/2008,155,1.56
7/13/2008,155,1.56
7/14/2008,155,1.56
7/15/2008,155,1.56
7/16/2008,155,1.56
7/17/2008,155,1.56
7/18/2008,155,1.56
7/19/2008,155,1.56
7/20/2008,155,1.56
7/21/2008,155,1.56
7/22/2008,155,1.56
7/23/2008,155,1.56
7/24/2008,155,1.56
7/25/2008,155,1.56
7/26/2008,155,1.56
7/27/2008,156,1.56
7/28/2008,155,1.56
7/29/2008,156,1.56
7/30/2008,156,1.56
7/31/2008,157,1.57
8/1/2008,156,1.57
8/2/2008,157,1.57
8/3/2008,152,1.54
8/4/2008,151,1.53
8/5/2008,157,1.57
8/6/2008,160,1.59
8/7/2008,158,1.58
8/8/2008,158,1.58
8/9/2008,158,1.57
8/10/2008,158,1.58
8/11/2008,158,1.58
8/12/2008,158,1.57
8/13/2008,158,1.58
8/14/2008,157,1.57
8/15/2008,158,1.58
8/16/2008,158,1.57
8/17/2008,300,2.31
8/18/2008,449,3.03
8/19/2008,263,2.09
8/20/2008,156,1.57
8/21/2008,59.1,0.73
8/22/2008,5.19,0.16
8/23/2008,0.87,0.06
8/24/2008,0.846,0.06
8/25/2008,0.846,0.06
8/26/2008,0.846,0.06
8/27/2008,0.846,0.06
8/28/2008,0.846,0.06
8/29/2008,0.846,0.06
8/30/2008,0.846,0.06
8/31/2008,0.846,0.06
9/1/2008,0.846,0.06
9/2/2008,0.467,0.03
9/3/2008,0,0
9/4/2008,0,0
9/5/2008,0,0
9/6/2008,0,0
9/7/2008,0,0
9/8/2008,0,0
9/9/2008,0,0
9/10/2008,0,0
9/11/2008,0,0
9/12/2008,0,0
9/13/2008,27.4,0.28
9/14/2008,78.1,0.8
9/15/2008,0,0
9/16/2008,0,0
9/17/2008,0,0
9/18/2008,0,0
9/19/2008,0,0
9/20/2008,0,0
9/21/2008,0,0
9/22/2008,0,0
9/23/2008,0,0
9/24/2008,0,0
9/25/2008,0,0
9/26/2008,0,0
9/27/2008,0,0
9/28/2008,0,0
9/29/2008,0,0
9/30/2008,0,0
10/1/2008,0,0
10/2/2008,0,0
10/3/2008,0,0
10/4/2008,0,0
10/5/2008,0,0
10/6/2008,0,0
10/7/2008,0,0
10/8/2008,0,0
10/9/2008,0,0
10/10/2008,0,0
10/11/2008,0,0
10/12/2008,0,0
10/13/2008,0,0
10/14/2008,0,0
10/15/2008,0,0
10/16/2008,0,0
10/17/2008,0,0
10/18/2008,0,0
10/19/2008,0,0
10/20/2008,0,0
10/21/2008,0,0
10/22/2008,0,0
10/23/2008,0,0
10/24/2008,0,0
10/25/2008,0,0
10/26/2008,0,0
10/27/2008,0,0
10/28/2008,0,0
10/29/2008,0,0
10/30/2008,0,0
10/31/2008,0,0
11/1/2008,0,0
11/2/2008,0,0
11/3/2008,0,0
11/4/2008,0,0
11/5/2008,0,0
11/6/2008,0,0
11/7/2008,0,0
11/8/2008,0,0
11/9/2008,0,0
11/10/2008,0,0
11/11/2008,0,0
11/12/2008,0,0
11/13/2008,0,0
11/14/2008,0,0
11/15/2008,0,0
11/16/2008,0,0
11/17/2008,0,0
11/18/2008,0,0
11/19/2008,0,0
11/20/2008,0,0
11/21/2008,0,0
11/22/2008,0,0
11/23/2008,0,0
11/24/2008,0,0
11/25/2008,0,0
11/26/2008,0,0
11/27/2008,0,0
11/28/2008,0,0
11/29/2008,0,0
11/30/2008,0,0
12/1/2008,0,0
12/2/2008,0,0
12/3/2008,0,0
12/4/2008,0,0
12/5/2008,0,0
12/6/2008,0,0
12/7/2008,0,0
12/8/2008,0,0
12/9/2008,0,0
12/10/2008,0,0
12/11/2008,0,0
12/12/2008,0,0
12/13/2008,0,0
12/14/2008,0,0
12/15/2008,0,0
12/16/2008,0,0
12/17/2008,0,0
12/18/2008,0,0
12/19/2008,0,0
12/20/2008,0,0
12/21/2008,0,0
12/22/2008,0,0
12/23/2008,0,0
12/24/2008,0,0
12/25/2008,0,0
12/26/2008,0,0
12/27/2008,0,0
12/28/2008,0,0
12/29/2008,0,0
12/30/2008,0,0
12/31/2008,0,0
1/1/2009,0,0
1/2/2009,0,0
1/3/2009,0,0
1/4/2009,0,0
1/5/2009,0,0
1/6/2009,0,0
1/7/2009,0,0
1/8/2009,0,0
1/9/2009,0,0
1/10/2009,0,0
1/11/2009,0,0
1/12/2009,0,0
1/13/2009,0,0
1/14/2009,0,0
1/15/2009,0,0
1/16/2009,0,0
1/17/2009,0,0
1/18/2009,0,0
1/19/2009,0,0
1/20/2009,0,0
1/21/2009,0,0
1/22/2009,0,0
1/23/2009,0,0
1/24/2009,0,0
1/25/2009,0,0
1/26/2009,0,0
1/27/2009,0,0
1/28/2009,0,0
1/29/2009,0,0
1/30/2009,0,0
1/31/2009,0,0
2/1/2009,0,0
2/2/2009,0,0
2/3/2009,0,0
2/4/2009,0,0
2/5/2009,0,0
2/6/2009,0,0
2/7/2009,0,0
2/8/2009,0,0
2/9/2009,0,0
2/10/2009,0,0
2/11/2009,0,0
2/12/2009,0,0
2/13/2009,0,0
2/14/2009,0,0
2/15/2009,0,0
2/16/2009,0,0
2/17/2009,0,0
2/18/2009,0,0
2/19/2009,0,0
2/20/2009,0,0
2/21/2009,0,0
2/22/2009,0,0
2/23/2009,0,0
2/24/2009,0,0
2/25/2009,0,0
2/26/2009,0,0
2/27/2009,0,0
2/28/2009,0,0
3/1/2009,0,0
3/2/2009,0,0
3/3/2009,0,0
3/4/2009,0,0
3/5/2009,0,0
3/6/2009,0,0
3/7/2009,0,0
3/8/2009,0,0
3/9/2009,0,0
3/10/2009,0,0
3/11/2009,0,0
3/12/2009,0,0
3/13/2009,0,0
3/14/2009,0,0
3/15/2009,0,0
3/16/2009,0,0
3/17/2009,0,0
3/18/2009,0,0
3/19/2009,0,0
3/20/2009,0,0
3/21/2009,0,0
3/22/2009,0,0
3/23/2009,0,0
3/24/2009,0,0
3/25/2009,0,0
3/26/2009,0,0
3/27/2009,71.3,0.68
3/28/2009,157,1.56
3/29/2009,27.6,0.37
3/30/2009,0,0
3/31/2009,55.4,0.57
4/1/2009,151,1.53
4/2/2009,44.2,0.46
4/3/2009,0,-0.03
4/4/2009,0,-0.03
4/5/2009,0,-0.03
4/6/2009,0,-0.03
4/7/2009,0,-0.03
4/8/2009,0,-0.03
4/9/2009,0,-0.03
4/10/2009,0,-0.03
4/11/2009,0,-0.03
4/12/2009,0,-0.03
4/13/2009,0,-0.03
4/14/2009,0,-0.03
4/15/2009,0,-0.03
4/16/2009,0,-0.03
4/17/2009,0,-0.03
4/18/2009,0,-0.03
4/19/2009,54.1,0.53
4/20/2009,40.1,0.38
4/21/2009,0,-0.04
4/22/2009,0,-0.04
4/23/2009,0,-0.04
4/24/2009,0,-0.04
4/25/2009,0,-0.04
4/26/2009,0,-0.04
4/27/2009,132,1.36
4/28/2009,162,1.6
4/29/2009,161,1.6
4/30/2009,160,1.59
5/1/2009,160,1.59
5/2/2009,160,1.59
5/3/2009,160,1.59
5/4/2009,160,1.59
5/5/2009,160,1.59
5/6/2009,160,1.59
5/7/2009,160,1.59
5/8/2009,160,1.59
5/9/2009,160,1.59
5/10/2009,160,1.59
5/11/2009,160,1.59
5/12/2009,160,1.59
5/13/2009,160,1.59
5/14/2009,160,1.59
5/15/2009,160,1.59
5/16/2009,160,1.59
5/17/2009,157,1.57
5/18/2009,158,1.57
5/19/2009,160,1.59
5/20/2009,160,1.59
5/21/2009,160,1.59
5/22/2009,380,2.65
5/23/2009,418,2.87
5/24/2009,252,2.07
5/25/2009,445,3
5/26/2009,609,3.66
5/27/2009,611,3.67
5/28/2009,432,2.85
5/29/2009,156,1.56
5/30/2009,156,1.57
5/31/2009,156,1.57
6/1/2009,156,1.56
6/2/2009,313,2.36
6/3/2009,410,2.86
6/4/2009,425,2.93
6/5/2009,425,2.93
6/6/2009,425,2.93
6/7/2009,305,2.32
6/8/2009,155,1.56
6/9/2009,155,1.56
6/10/2009,144,1.48
6/11/2009,155,1.56
6/12/2009,155,1.56
6/13/2009,49.8,0.54
6/14/2009,32.5,0.33
6/15/2009,154,1.55
6/16/2009,155,1.56
6/17/2009,156,1.56
6/18/2009,156,1.56
6/19/2009,156,1.56
6/20/2009,45.8,0.46
6/21/2009,0,0
6/22/2009,105,1.05
6/23/2009,155,1.56
6/24/2009,155,1.56
6/25/2009,155,1.56
6/26/2009,156,1.56
6/27/2009,155,1.56
6/28/2009,155,1.56
6/29/2009,155,1.56
6/30/2009,155,1.56
7/1/2009,155,1.56
7/2/2009,155,1.56
7/3/2009,156,1.56
7/4/2009,155,1.56
7/5/2009,269,2.17
7/6/2009,315,2.43
7/7/2009,315,2.42
7/8/2009,315,2.43
7/9/2009,215,1.89
7/10/2009,160,1.59
7/11/2009,160,1.59
7/12/2009,160,1.59
7/13/2009,160,1.59
7/14/2009,156,1.56
7/15/2009,159,1.58
7/16/2009,160,1.59
7/17/2009,159,1.58
7/18/2009,159,1.59
7/19/2009,160,1.59
7/20/2009,159,1.59
7/21/2009,161,1.59
7/22/2009,163,1.6
7/23/2009,161,1.6
7/24/2009,161,1.59
7/25/2009,160,1.59
7/26/2009,160,1.59
7/27/2009,183,1.72
7/28/2009,190,1.76
7/29/2009,161,1.59
7/30/2009,161,1.59
7/31/2009,187,1.74
8/1/2009,208,1.87
8/2/2009,162,1.6
8/3/2009,160,1.59
8/4/2009,160,1.59
8/5/2009,160,1.59
8/6/2009,160,1.59
8/7/2009,158,1.58
8/8/2009,155,1.56
8/9/2009,155,1.56
8/10/2009,153,1.54
8/11/2009,122,1.34
8/12/2009,88.8,1.1
8/13/2009,27.9,0.35
8/14/2009,0,0
8/15/2009,0,0
8/16/2009,0,0
8/17/2009,0,0
8/18/2009,0,0
8/19/2009,0,0
8/20/2009,0,0
8/21/2009,0,0
8/22/2009,0,0
8/23/2009,0,0
8/24/2009,0,0
8/25/2009,0,0
8/26/2009,0,0
8/27/2009,0,0
8/28/2009,0,0
8/29/2009,0,0
8/30/2009,0,0
8/31/2009,0,0
9/1/2009,0,0
9/2/2009,0,0
9/3/2009,0,0
9/4/2009,0,0
9/5/2009,0,0
9/6/2009,0,0
9/7/2009,0,0
9/8/2009,0,0
9/9/2009,0,0
9/10/2009,0,0
9/11/2009,0,0
9/12/2009,0,0
9/13/2009,15.8,0.18
9/14/2009,160,1.59
9/15/2009,160,1.59
9/16/2009,157,1.57
9/17/2009,159,1.59
9/18/2009,160,1.59
9/19/2009,160,1.59
9/20/2009,159,1.59
9/21/2009,160,1.59
9/22/2009,162,1.6
9/23/2009,162,1.6
9/24/2009,140,1.39
9/25/2009,0.762,0.05
9/26/2009,0.146,0.02
9/27/2009,0.146,0.02
9/28/2009,0.146,0.02
9/29/2009,0.146,0.02
9/30/2009,0.146,0.02
10/1/2009,0.146,0.02
10/2/2009,0.146,0.02
10/3/2009,0.146,0.02
10/4/2009,0.146,0.02
10/5/2009,0.146,0.02
10/6/2009,0.062,0.01
10/7/2009,0,0
10/8/2009,0,0
10/9/2009,0,0
10/10/2009,0,0
10/11/2009,0,0
10/12/2009,0,0
10/13/2009,0,0
10/14/2009,0,0
10/15/2009,0,0
10/16/2009,0,0
10/17/2009,0,0
10/18/2009,0,0
10/19/2009,0,0
10/20/2009,0,0
10/21/2009,0,0
10/22/2009,0,0
10/23/2009,0,0
10/24/2009,0,0
10/25/2009,0,0
10/26/2009,0,0
10/27/2009,0,0
10/28/2009,0,0
10/29/2009,0,0
10/30/2009,0,0
10/31/2009,0,0
11/1/2009,0,0
11/2/2009,0,0
11/3/2009,0,0
11/4/2009,0,0
11/5/2009,0,0
11/6/2009,0,0
11/7/2009,0,0
11/8/2009,0,0
11/9/2009,0,0
11/10/2009,0,0
11/11/2009,0,0
11/12/2009,0,0
11/13/2009,0,0
11/14/2009,0,0
11/15/2009,0,0
11/16/2009,0,0
11/17/2009,0,0
11/18/2009,0,0
11/19/2009,0,0
11/20/2009,0,0
11/21/2009,0,0
11/22/2009,0,0
11/23/2009,0,0
11/24/2009,0,0
11/25/2009,0,0
11/26/2009,0,0
11/27/2009,0,0
11/28/2009,0,0
11/29/2009,0,0
11/30/2009,0,0
12/1/2009,0,0
12/2/2009,0,0
12/3/2009,0,0
12/4/2009,0,0
12/5/2009,0,0
12/6/2009,0,0
12/7/2009,0,0
12/8/2009,0,0
12/9/2009,0,0
12/10/2009,0,0
12/11/2009,0,0
12/12/2009,0,0
12/13/2009,0,0
12/14/2009,0,0
12/15/2009,0,0
12/16/2009,0,0
12/17/2009,0,0
12/18/2009,0,0
12/19/2009,0,0
12/20/2009,0,0
12/21/2009,0,0
12/22/2009,0,0
12/23/2009,0,0
12/24/2009,0,0
12/25/2009,0,0
12/26/2009,0,0
12/27/2009,0,0
12/28/2009,0,0
12/29/2009,0,0
12/30/2009,0,0
12/31/2009,0,0
1/1/2010,0,0
1/2/2010,0,0
1/3/2010,0,0
1/4/2010,0,0
1/5/2010,0,0
1/6/2010,0,0
1/7/2010,0,0
1/8/2010,0,0
1/9/2010,0,0
1/10/2010,0,0
1/11/2010,0,0
1/12/2010,0,0
1/13/2010,0,0
1/14/2010,0,0
1/15/2010,0,0
1/16/2010,0,0
1/17/2010,0,0
1/18/2010,0,0
1/19/2010,0,0
1/20/2010,0,0
1/21/2010,0,0
1/22/2010,0,0
1/23/2010,0,0
1/24/2010,0,0
1/25/2010,0,0
1/26/2010,0,0
1/27/2010,0,0
1/28/2010,0,0
1/29/2010,0,0
1/30/2010,0,0
1/31/2010,0,0
2/1/2010,0,0
2/2/2010,0,0
2/3/2010,0,0
2/4/2010,0,0
2/5/2010,0,0
2/6/2010,0,0
2/7/2010,0,0
2/8/2010,0,0
2/9/2010,0,0
2/10/2010,0,0
2/11/2010,0,0
2/12/2010,0,0
2/13/2010,0,0
2/14/2010,0,0
2/15/2010,0,0
2/16/2010,0,0
2/17/2010,0,0
2/18/2010,94.2,0.99
2/19/2010,137,1.44
2/20/2010,122,1.34
2/21/2010,127,1.37
2/22/2010,138,1.45
2/23/2010,145,1.49
2/24/2010,154,1.55
2/25/2010,149,1.52
2/26/2010,147,1.51
2/27/2010,146,1.5
2/28/2010,149,1.52
3/1/2010,169,1.64
3/2/2010,130,1.39
3/3/2010,129,1.39
3/4/2010,128,1.38
3/5/2010,130,1.4
3/6/2010,130,1.4
3/7/2010,126,1.36
3/8/2010,124,1.35
3/9/2010,105,1.22
3/10/2010,133,1.42
3/11/2010,102,0.99
3/12/2010,0,0
3/13/2010,0,0
3/14/2010,0,0
3/15/2010,0,0
3/16/2010,0,0
3/17/2010,0,0
3/18/2010,0,0
3/19/2010,0,0
3/20/2010,0,0
3/21/2010,0,0
3/22/2010,0,0
3/23/2010,0,0
3/24/2010,103,0.95
3/25/2010,187,1.75
3/26/2010,139,1.27
3/27/2010,0,0
3/28/2010,0,-0.02
3/29/2010,0,-0.02
3/30/2010,0,-0.02
3/31/2010,0,-0.02
4/1/2010,0,-0.02
4/2/2010,0,-0.02
4/3/2010,103,1.03
4/4/2010,154,1.55
4/5/2010,43.5,0.44
4/6/2010,0,0
4/7/2010,0,0
4/8/2010,0,0
4/9/2010,0,0
4/10/2010,0,0
4/11/2010,0,0
4/12/2010,0,0
4/13/2010,0,0
4/14/2010,0,0
4/15/2010,94.1,1.01
4/16/2010,149,1.52
4/17/2010,145,1.49
4/18/2010,139,1.44
4/19/2010,121,1.33
4/20/2010,142,1.47
4/21/2010,155,1.56
4/22/2010,21.8,0.97
4/23/2010,85.4,0.88
4/24/2010,222,1.94
4/25/2010,238,2.03
4/26/2010,231,1.96
4/27/2010,156,1.56
4/28/2010,155,1.56
4/29/2010,138,1.37
4/30/2010,157,1.57
5/1/2010,157,1.57
5/2/2010,156,1.57
5/3/2010,89.2,0.89
5/4/2010,0,0
5/5/2010,0,0
5/6/2010,0,0
5/7/2010,0,0
5/8/2010,0,0
5/9/2010,0,0
5/10/2010,46.8,0.47
5/11/2010,156,1.56
5/12/2010,155,1.56
5/13/2010,156,1.56
5/14/2010,156,1.56
5/15/2010,155,1.56
5/16/2010,156,1.56
5/17/2010,157,1.57
5/18/2010,161,1.59
5/19/2010,130,1.39
5/20/2010,77.7,0.92
5/21/2010,0,0
5/22/2010,0,0
5/23/2010,0,0
5/24/2010,0,0
5/25/2010,0,0
5/26/2010,0,0
5/27/2010,218,1.68
5/28/2010,156,1.57
5/29/2010,155,1.56
5/30/2010,155,1.56
5/31/2010,307,2.34
6/1/2010,611,3.67
6/2/2010,611,3.67
6/3/2010,464,3.08
6/4/2010,232,1.95
6/5/2010,156,1.56
6/6/2010,156,1.56
6/7/2010,273,2.11
6/8/2010,611,3.67
6/9/2010,649,3.81
6/10/2010,625,3.72
6/11/2010,513,3.28
6/12/2010,233,1.96
6/13/2010,156,1.56
6/14/2010,156,1.56
6/15/2010,156,1.56
6/16/2010,156,1.56
6/17/2010,156,1.56
6/18/2010,155,1.56
6/19/2010,156,1.56
6/20/2010,116,1.17
6/21/2010,0,0
6/22/2010,0,0
6/23/2010,0,0
6/24/2010,0,0
6/25/2010,0,0
6/26/2010,0,0
6/27/2010,0,0
6/28/2010,53.8,0.53
6/29/2010,159,1.58
6/30/2010,160,1.59
7/1/2010,161,1.59
7/2/2010,157,1.57
7/3/2010,155,1.56
7/4/2010,155,1.56
7/5/2010,159,1.58
7/6/2010,160,1.59
7/7/2010,161,1.59
7/8/2010,161,1.59
7/9/2010,161,1.59
7/10/2010,160,1.59
7/11/2010,160,1.59
7/12/2010,160,1.59
7/13/2010,160,1.59
7/14/2010,162,1.6
7/15/2010,161,1.59
7/16/2010,160,1.59
7/17/2010,161,1.59
7/18/2010,160,1.59
7/19/2010,161,1.59
7/20/2010,161,1.6
7/21/2010,160,1.59
7/22/2010,152,1.54
7/23/2010,160,1.59
7/24/2010,164,1.61
7/25/2010,36.7,0.37
7/26/2010,0,0
7/27/2010,0,0
7/28/2010,0,0
7/29/2010,0,0
7/30/2010,0,0
7/31/2010,0,0
8/1/2010,45,0.45
8/2/2010,141,1.34
8/3/2010,155,1.51
8/4/2010,166,1.63
8/5/2010,163,1.61
8/6/2010,158,1.58
8/7/2010,155,1.56
8/8/2010,156,1.56
8/9/2010,155,1.56
8/10/2010,44.4,0.45
8/11/2010,0,0
8/12/2010,0,0
8/13/2010,0,0
8/14/2010,0,0
8/15/2010,0,0
8/16/2010,0,0
8/17/2010,0,0
8/18/2010,0,0
8/19/2010,0,0
8/20/2010,0,0
8/21/2010,0,0
8/22/2010,40.8,0.42
8/23/2010,153,1.55
8/24/2010,141,1.47
8/25/2010,146,1.5
8/26/2010,154,1.55
8/27/2010,131,1.4
8/28/2010,134,1.42
8/29/2010,151,1.53
8/30/2010,150,1.53
8/31/2010,158,1.58
9/1/2010,160,1.59
9/2/2010,160,1.59
9/3/2010,157,1.57
9/4/2010,159,1.58
9/5/2010,156,1.57
9/6/2010,147,1.51
9/7/2010,152,1.54
9/8/2010,152,1.54
9/9/2010,151,1.53
9/10/2010,151,1.53
9/11/2010,151,1.53
9/12/2010,151,1.53
9/13/2010,151,1.53
9/14/2010,151,1.53
9/15/2010,151,1.53
9/16/2010,56.3,0.57
9/17/2010,0,0
9/18/2010,0,0
9/19/2010,0,0
9/20/2010,0,0
9/21/2010,0,0
9/22/2010,0,0
9/23/2010,0,0
9/24/2010,0,0
9/25/2010,0,0
9/26/2010,0,0
9/27/2010,0,0
9/28/2010,0,0
9/29/2010,0,0
9/30/2010,0,0
10/1/2010,0,0
10/2/2010,0,0
10/3/2010,0,0
10/4/2010,0,0
10/5/2010,0,0
10/6/2010,0,0
10/7/2010,0,0
10/8/2010,0,0
10/9/2010,0,0
10/10/2010,0,0
10/11/2010,0,0
10/12/2010,0,0
10/13/2010,0,0
10/14/2010,0,0
10/15/2010,0,0
10/16/2010,0,0
10/17/2010,0,0
10/18/2010,0,0
10/19/2010,0,0
10/20/2010,0,0
10/21/2010,0,0
10/22/2010,0,0
10/23/2010,0,0
10/24/2010,0,0
10/25/2010,0,0
10/26/2010,0,0
10/27/2010,0,0
10/28/2010,0,0
10/29/2010,0,0
10/30/2010,0,0
10/31/2010,0,0
11/1/2010,0,0
11/2/2010,0,0
11/3/2010,0,0
11/4/2010,0,0
11/5/2010,0,0
11/6/2010,0,0
11/7/2010,0,0
11/8/2010,0,0
11/9/2010,0,0
11/10/2010,0,0
11/11/2010,0,0
11/12/2010,0,0
11/13/2010,0,0
11/14/2010,0,0
11/15/2010,0,0
11/16/2010,0,0
11/17/2010,0,0
11/18/2010,0,0
11/19/2010,0,0
11/20/2010,0,0
11/21/2010,0,0
11/22/2010,0,0
11/23/2010,0,0
11/24/2010,0,0
11/25/2010,0,0
11/26/2010,0,0
11/27/2010,0,0
11/28/2010,0,0
11/29/2010,0,0
11/30/2010,0,0
12/1/2010,0,0
12/2/2010,0,0
12/3/2010,0,0
12/4/2010,0,0
12/5/2010,0,0
12/6/2010,0,0
12/7/2010,0,0
12/8/2010,0,0
12/9/2010,0,0
12/10/2010,0,0
12/11/2010,0,0
12/12/2010,0,0
12/13/2010,0,0
12/14/2010,0,0
12/15/2010,0,0
12/16/2010,0,0
12/17/2010,0,0
12/18/2010,0,0
12/19/2010,0,0
12/20/2010,0,0
12/21/2010,0,0
12/22/2010,0,0
12/23/2010,0,0
12/24/2010,0,0
12/25/2010,0,0
12/26/2010,0,0
12/27/2010,0,0
12/28/2010,0,0
12/29/2010,0,0
12/30/2010,0,0
12/31/2010,0,0
1/1/2011,0,0
1/2/2011,0,0
1/3/2011,0,0
1/4/2011,0,0
1/5/2011,0,0
1/6/2011,0,0
1/7/2011,0,0
1/8/2011,0,0
1/9/2011,0,0
1/10/2011,0,0
1/11/2011,0,0
1/12/2011,0,0
1/13/2011,0,0
1/14/2011,0,0
1/15/2011,0,0
1/16/2011,0,0
1/17/2011,0,0
1/18/2011,0,0
1/19/2011,0,0
1/20/2011,0,0
1/21/2011,0,0
1/22/2011,0,0
1/23/2011,0,0
1/24/2011,0,0
1/25/2011,0,0
1/26/2011,0,0
1/27/2011,0,0
1/28/2011,0,0
1/29/2011,0,0
1/30/2011,0,0
1/31/2011,0,0
2/1/2011,0,0
2/2/2011,0,0
2/3/2011,0,0
2/4/2011,0,0
2/5/2011,0,0
2/6/2011,0,0
2/7/2011,0,0
2/8/2011,0,0
2/9/2011,0,0
2/10/2011,0,0
2/11/2011,0,0
2/12/2011,0,0
2/13/2011,0,0
2/14/2011,0,0
2/15/2011,0,0
2/16/2011,0,0
2/17/2011,0,0
2/18/2011,0,0
2/19/2011,0,0
2/20/2011,0,0
2/21/2011,0,0
2/22/2011,0,0
2/23/2011,0,0
2/24/2011,0,0
2/25/2011,0,0
2/26/2011,0,0
2/27/2011,0,0
2/28/2011,0,0
3/1/2011,0,0
3/2/2011,0,0
3/3/2011,0,0
3/4/2011,0,0
3/5/2011,0,0
3/6/2011,0,0
3/7/2011,0,0
3/8/2011,0,0
3/9/2011,0,0
3/10/2011,0,0
3/11/2011,0,0
3/12/2011,0,0
3/13/2011,0,0
3/14/2011,0,0
3/15/2011,0,0
3/16/2011,0,0
3/17/2011,0,0
3/18/2011,0,0
3/19/2011,0,0
3/20/2011,0,0
3/21/2011,0,0
3/22/2011,0,0
3/23/2011,0,0
3/24/2011,0,0
3/25/2011,0,0
3/26/2011,0,0
3/27/2011,0,0
3/28/2011,0,0
3/29/2011,0,0
3/30/2011,0,0
3/31/2011,0,0
4/1/2011,0,0
4/2/2011,0,0
4/3/2011,0,0
4/4/2011,0,0
4/5/2011,0,0
4/6/2011,0,0
4/7/2011,0,0
4/8/2011,0,0
4/9/2011,0,0
4/10/2011,0,0
4/11/2011,0,0
4/12/2011,0,0
4/13/2011,0,0
4/14/2011,0,0
4/15/2011,0,0
4/16/2011,0,0
4/17/2011,0,0
4/18/2011,0,0
4/19/2011,60.5,0.6
4/20/2011,160,1.59
4/21/2011,160,1.59
4/22/2011,160,1.59
4/23/2011,160,1.59
4/24/2011,160,1.59
4/25/2011,160,1.59
4/26/2011,160,1.59
4/27/2011,160,1.59
4/28/2011,160,1.59
4/29/2011,160,1.59
4/30/2011,160,1.59
5/1/2011,160,1.59
5/2/2011,160,1.59
5/3/2011,160,1.59
5/4/2011,160,1.59
5/5/2011,160,1.59
5/6/2011,160,1.59
5/7/2011,160,1.59
5/8/2011,160,1.59
5/9/2011,160,1.59
5/10/2011,157,1.57
5/11/2011,91.6,1.12
5/12/2011,101,1.19
5/13/2011,159,1.58
5/14/2011,160,1.59
5/15/2011,161,1.59
5/16/2011,160,1.59
5/17/2011,160,1.59
5/18/2011,160,1.59
5/19/2011,160,1.59
5/20/2011,160,1.59
5/21/2011,160,1.59
5/22/2011,160,1.59
5/23/2011,160,1.59
5/24/2011,160,1.59
5/25/2011,160,1.59
5/26/2011,160,1.59
5/27/2011,160,1.59
5/28/2011,42.2,0.42
5/29/2011,0,0
5/30/2011,0,0
5/31/2011,0,0
6/1/2011,0,0
6/2/2011,0,0
6/3/2011,0,0
6/4/2011,0,0
6/5/2011,0,0
6/6/2011,0,0
6/7/2011,0,0
6/8/2011,113,1.14
6/9/2011,155,1.56
6/10/2011,156,1.56
6/11/2011,156,1.56
6/12/2011,156,1.56
6/13/2011,156,1.56
6/14/2011,155,1.56
6/15/2011,156,1.56
6/16/2011,155,1.56
6/17/2011,155,1.56
6/18/2011,155,1.56
6/19/2011,155,1.56
6/20/2011,155,1.56
6/21/2011,458,2.97
6/22/2011,308,2.27
6/23/2011,156,1.56
6/24/2011,155,1.56
6/25/2011,156,1.56
6/26/2011,156,1.56
6/27/2011,155,1.56
6/28/2011,156,1.56
6/29/2011,156,1.56
6/30/2011,156,1.56
7/1/2011,155,1.56
7/2/2011,155,1.56
7/3/2011,155,1.56
7/4/2011,156,1.56
7/5/2011,156,1.57
7/6/2011,156,1.57
7/7/2011,156,1.56
7/8/2011,364,2.54
7/9/2011,436,2.95
7/10/2011,351,2.6
7/11/2011,557,3.46
7/12/2011,506,3.26
7/13/2011,503,3.25
7/14/2011,501,3.24
7/15/2011,501,3.24
7/16/2011,262,2.08
7/17/2011,156,1.56
7/18/2011,154,1.55
7/19/2011,153,1.55
7/20/2011,154,1.55
7/21/2011,153,1.55
7/22/2011,153,1.55
7/23/2011,153,1.55
7/24/2011,153,1.55
7/25/2011,153,1.55
7/26/2011,154,1.55
7/27/2011,155,1.56
7/28/2011,156,1.56
7/29/2011,155,1.56
7/30/2011,155,1.56
7/31/2011,155,1.56
8/1/2011,156,1.56
8/2/2011,155,1.56
8/3/2011,170,1.65
8/4/2011,226,1.97
8/5/2011,179,1.7
8/6/2011,156,1.56
8/7/2011,156,1.57
8/8/2011,155,1.56
8/9/2011,155,1.56
8/10/2011,155,1.56
8/11/2011,122,1
8/12/2011,106,0.55
8/13/2011,155,1.56
8/14/2011,156,1.56
8/15/2011,156,1.57
8/16/2011,155,1.56
8/17/2011,56.2,0.57
8/18/2011,0,0
8/19/2011,0,0
8/20/2011,0,0
8/21/2011,0,0
8/22/2011,0,0
8/23/2011,0,0
8/24/2011,0,0
8/25/2011,0,0
8/26/2011,0,0
8/27/2011,0,0
8/28/2011,35.7,0.36
8/29/2011,156,1.57
8/30/2011,155,1.56
8/31/2011,155,1.56
9/1/2011,156,1.56
9/2/2011,155,1.56
9/3/2011,151,1.53
9/4/2011,155,1.56
9/5/2011,146,1.49
9/6/2011,14,0.14
9/7/2011,0,0
9/8/2011,0,0
9/9/2011,0,0
9/10/2011,0,0
9/11/2011,0,0
9/12/2011,0,0
9/13/2011,0,0
9/14/2011,0,0
9/15/2011,0,0
9/16/2011,40.7,0.42
9/17/2011,50.7,0.53
9/18/2011,0,0
9/19/2011,0,0
9/20/2011,0,0
9/21/2011,0,0
9/22/2011,0,0
9/23/2011,0,0
9/24/2011,0,0
9/25/2011,0,0
9/26/2011,0,0
9/27/2011,0,0
9/28/2011,0,0
9/29/2011,0,0
9/30/2011,0,0
10/1/2011,0,0
10/2/2011,0,0
10/3/2011,0,0
10/4/2011,0,0
10/5/2011,0,0
10/6/2011,0,0
10/7/2011,0,0
10/8/2011,0,0
10/9/2011,0,0
10/10/2011,0,0
10/11/2011,0,0
10/12/2011,0,0
10/13/2011,0,0
10/14/2011,0,0
10/15/2011,0,0
10/16/2011,0,0
10/17/2011,0,0
10/18/2011,0,0
10/19/2011,0,0
10/20/2011,0,0
10/21/2011,0,0
10/22/2011,0,0
10/23/2011,0,0
10/24/2011,0,0
10/25/2011,0,0
10/26/2011,0,0
10/27/2011,0,0
10/28/2011,0,0
10/29/2011,0,0
10/30/2011,0,0
10/31/2011,0,0
11/1/2011,0,0
11/2/2011,0,0
11/3/2011,0,0
11/4/2011,0,0
11/5/2011,0,0
11/6/2011,0,0
11/7/2011,0,0
11/8/2011,0,0
11/9/2011,0,0
11/10/2011,0,0
11/11/2011,0,0
11/12/2011,0,0
11/13/2011,0,0
11/14/2011,0,0
11/15/2011,0,0
11/16/2011,0,0
11/17/2011,0,0
11/18/2011,0,0
11/19/2011,0,0
11/20/2011,0,0
11/21/2011,0,0
11/22/2011,0,0
11/23/2011,0,0
11/24/2011,0,0
11/25/2011,0,0
11/26/2011,0,0
11/27/2011,0,0
11/28/2011,0,0
11/29/2011,0,0
11/30/2011,0,0
12/1/2011,0,0
12/2/2011,0,0
12/3/2011,0,0
12/4/2011,0,0
12/5/2011,0,0
12/6/2011,0,0
12/7/2011,0,0
12/8/2011,0,0
12/9/2011,0,0
12/10/2011,0,0
12/11/2011,0,0
12/12/2011,0,0
12/13/2011,0,0
12/14/2011,0,0
12/15/2011,0,0
12/16/2011,0,0
12/17/2011,0,0
12/18/2011,0,0
12/19/2011,0,0
12/20/2011,0,0
12/21/2011,0,0
12/22/2011,0,0
12/23/2011,0,0
12/24/2011,0,0
12/25/2011,0,0
12/26/2011,0,0
12/27/2011,0,0
12/28/2011,0,0
12/29/2011,0,0
12/30/2011,0,0
12/31/2011,0,0
1/1/2012,0,0
1/2/2012,0,0
1/3/2012,0,0
1/4/2012,0,0
1/5/2012,0,0
1/6/2012,0,0
1/7/2012,0,0
1/8/2012,0,0
1/9/2012,0,0
1/10/2012,0,0
1/11/2012,0,0
1/12/2012,0,0
1/13/2012,0,0
1/14/2012,0,0
1/15/2012,0,0
1/16/2012,0,0
1/17/2012,0,0
1/18/2012,0,0
1/19/2012,0,0
1/20/2012,0,0
1/21/2012,0,0
1/22/2012,0,0
1/23/2012,0,0
1/24/2012,0,0
1/25/2012,0,0
1/26/2012,0,0
1/27/2012,0,0
1/28/2012,0,0
1/29/2012,0,0
1/30/2012,0,0
1/31/2012,0,0
2/1/2012,0,0
2/2/2012,0,0
2/3/2012,0,0
2/4/2012,0,0
2/5/2012,0,0
2/6/2012,0,0
2/7/2012,0,0
2/8/2012,0,0
2/9/2012,0,0
2/10/2012,0,0
2/11/2012,0,0
2/12/2012,0,0
2/13/2012,0,0
2/14/2012,0,0
2/15/2012,0,0
2/16/2012,0,0
2/17/2012,0,0
2/18/2012,0,0
2/19/2012,0,0
2/20/2012,0,0
2/21/2012,0,0
2/22/2012,0,0
2/23/2012,0,0
2/24/2012,0,0
