date,q.rfdmanco,h.rfdmanco
3/1/1999,46.5,1.11
3/2/1999,47.4,1.12
3/3/1999,47.2,1.12
3/4/1999,45.5,1.09
3/5/1999,45.7,1.1
3/6/1999,47.5,1.12
3/7/1999,47.8,1.13
3/8/1999,47.6,1.13
3/9/1999,47.7,1.13
3/10/1999,45.3,1.09
3/11/1999,45.8,1.1
3/12/1999,47.6,1.13
3/13/1999,47.4,1.12
3/14/1999,50.2,1.16
3/15/1999,68.4,1.41
3/16/1999,72.6,1.47
3/17/1999,70.8,1.44
3/18/1999,70.9,1.44
3/19/1999,71,1.44
3/20/1999,70.9,1.44
3/21/1999,70.9,1.44
3/22/1999,70.9,1.44
3/23/1999,70.8,1.44
3/24/1999,70.7,1.44
3/25/1999,68.9,1.42
3/26/1999,66,1.38
3/27/1999,59.1,1.29
3/28/1999,68.2,1.41
3/29/1999,69.8,1.43
3/30/1999,71,1.44
3/31/1999,64,1.35
4/1/1999,79.3,1.55
4/2/1999,72.8,1.47
4/3/1999,83.3,1.6
4/4/1999,83.1,1.6
4/5/1999,83,1.59
4/6/1999,83,1.59
4/7/1999,77.1,1.52
4/8/1999,57.7,1.27
4/9/1999,77.7,1.52
4/10/1999,83.2,1.6
4/11/1999,83,1.59
4/12/1999,83,1.59
4/13/1999,82.4,1.59
4/14/1999,82.5,1.59
4/15/1999,82.7,1.59
4/16/1999,82.9,1.59
4/17/1999,83,1.59
4/18/1999,82.8,1.59
4/19/1999,83,1.59
4/20/1999,82.7,1.59
4/21/1999,77.9,1.53
4/22/1999,64.5,1.36
4/23/1999,83.7,1.6
4/24/1999,82.7,1.59
4/25/1999,82.3,1.59
4/26/1999,82.1,1.58
4/27/1999,82.6,1.59
4/28/1999,79.4,1.54
4/29/1999,0.431,0.04
4/30/1999,0.888,0.07
5/1/1999,64.3,0.87
5/2/1999,118,1.42
5/3/1999,0.99,0.1
5/4/1999,0.608,0.06
5/5/1999,0,0
5/6/1999,0,0
5/7/1999,0,0
5/8/1999,0,0
5/9/1999,0,0
5/10/1999,51.5,0.95
5/11/1999,93.4,1.72
5/12/1999,93.4,1.72
5/13/1999,93.7,1.72
5/14/1999,93.4,1.72
5/15/1999,94.2,1.72
5/16/1999,93.4,1.72
5/17/1999,93.8,1.72
5/18/1999,93.5,1.72
5/19/1999,93.7,1.72
5/20/1999,93.5,1.72
5/21/1999,93.5,1.72
5/22/1999,29.1,0.6
5/23/1999,23.9,0.51
5/24/1999,94.1,1.72
5/25/1999,94.4,1.73
5/26/1999,93.3,1.71
5/27/1999,98.4,1.77
5/28/1999,94.1,1.72
5/29/1999,94,1.72
5/30/1999,92.9,1.71
5/31/1999,95.1,1.73
6/1/1999,99.6,1.79
6/2/1999,99.5,1.78
6/3/1999,99.3,1.78
6/4/1999,99.2,1.78
6/5/1999,99.3,1.78
6/6/1999,99.6,1.78
6/7/1999,109,1.89
6/8/1999,110,1.9
6/9/1999,109,1.89
6/10/1999,112,1.92
6/11/1999,54.7,1
6/12/1999,NA,NA
6/13/1999,NA,NA
6/14/1999,NA,NA
6/15/1999,NA,NA
6/16/1999,NA,NA
6/17/1999,NA,NA
6/18/1999,NA,NA
6/19/1999,NA,NA
6/20/1999,68.5,1.18
6/21/1999,83.2,1.43
6/22/1999,113,1.93
6/23/1999,114,1.94
6/24/1999,106,1.83
6/25/1999,113,1.93
6/26/1999,113,1.93
6/27/1999,113,1.93
6/28/1999,113,1.93
6/29/1999,123,2.03
6/30/1999,129,2.1
7/1/1999,129,2.1
7/2/1999,118,1.98
7/3/1999,113,1.93
7/4/1999,113,1.93
7/5/1999,113,1.93
7/6/1999,113,1.93
7/7/1999,113,1.93
7/8/1999,113,1.93
7/9/1999,113,1.93
7/10/1999,113,1.93
7/11/1999,113,1.93
7/12/1999,113,1.93
7/13/1999,113,1.93
7/14/1999,113,1.93
7/15/1999,113,1.93
7/16/1999,111,1.9
7/17/1999,15.3,0.46
7/18/1999,1.17,0.11
7/19/1999,1.15,0.11
7/20/1999,0.65,0.06
7/21/1999,0,0
7/22/1999,0,0
7/23/1999,0,0
7/24/1999,43.7,0.81
7/25/1999,94.8,1.73
7/26/1999,95.1,1.73
7/27/1999,95,1.73
7/28/1999,108,1.88
7/29/1999,113,1.93
7/30/1999,113,1.93
7/31/1999,113,1.93
8/1/1999,80.7,1.41
8/2/1999,0.825,0.08
8/3/1999,18.7,0.34
8/4/1999,69.8,1.3
8/5/1999,1.15,0.11
8/6/1999,1.15,0.11
8/7/1999,0.299,0.03
8/8/1999,0,0
8/9/1999,35.8,0.66
8/10/1999,95.4,1.74
8/11/1999,95,1.73
8/12/1999,95.3,1.74
8/13/1999,95.3,1.74
8/14/1999,95.2,1.74
8/15/1999,95.2,1.74
8/16/1999,95.3,1.74
8/17/1999,107,1.87
8/18/1999,113,1.93
8/19/1999,113,1.93
8/20/1999,112,1.92
8/21/1999,112,1.92
8/22/1999,112,1.92
8/23/1999,112,1.92
8/24/1999,112,1.92
8/25/1999,112,1.92
8/26/1999,112,1.92
8/27/1999,112,1.92
8/28/1999,112,1.92
8/29/1999,112,1.92
8/30/1999,112,1.92
8/31/1999,108,1.88
9/1/1999,90.7,1.68
9/2/1999,52.8,1.2
9/3/1999,67.1,1.4
9/4/1999,76.6,1.52
9/5/1999,79.6,1.55
9/6/1999,79.7,1.55
9/7/1999,68.6,1.41
9/8/1999,46.4,1.11
9/9/1999,45.7,1.1
9/10/1999,47.1,1.09
9/11/1999,79.5,1.55
9/12/1999,77.1,1.52
9/13/1999,69.6,1.43
9/14/1999,69.6,1.43
9/15/1999,69.9,1.43
9/16/1999,69.8,1.43
9/17/1999,70.1,1.43
9/18/1999,69.7,1.43
9/19/1999,69,1.42
9/20/1999,69.8,1.43
9/21/1999,69.8,1.43
9/22/1999,69.7,1.43
9/23/1999,69.8,1.43
9/24/1999,69.7,1.43
9/25/1999,69.7,1.43
9/26/1999,69.5,1.43
9/27/1999,69.3,1.42
9/28/1999,69.7,1.43
9/29/1999,69.5,1.43
9/30/1999,59.7,1.3
10/1/1999,43,1.05
10/2/1999,45.5,1.09
10/3/1999,58.6,1.28
10/4/1999,60.1,1.3
10/5/1999,61,1.31
10/6/1999,58.1,1.27
10/7/1999,68.2,1.41
10/8/1999,65.9,1.38
10/9/1999,64.7,1.36
10/10/1999,67.3,1.4
10/11/1999,59.6,1.29
10/12/1999,54.9,1.23
10/13/1999,61.5,1.32
10/14/1999,59.9,1.3
10/15/1999,60.5,1.31
10/16/1999,60.1,1.3
10/17/1999,60,1.3
10/18/1999,60.9,1.31
10/19/1999,60.3,1.31
10/20/1999,59.7,1.3
10/21/1999,61.2,1.32
10/22/1999,60.1,1.3
10/23/1999,59.9,1.3
10/24/1999,60,1.3
10/25/1999,60,1.3
10/26/1999,59.7,1.3
10/27/1999,59.9,1.3
10/28/1999,60.4,1.31
10/29/1999,60.8,1.31
10/30/1999,60.3,1.31
10/31/1999,60.2,1.3
11/1/1999,59.8,1.3
11/2/1999,NA,NA
11/3/1999,NA,NA
11/4/1999,NA,NA
11/5/1999,18.2,0.53
11/6/1999,24.5,0.74
11/7/1999,24.6,0.75
11/8/1999,24.5,0.74
11/9/1999,24.6,0.75
11/10/1999,24.7,0.75
11/11/1999,24.6,0.75
11/12/1999,24.6,0.75
11/13/1999,24.7,0.75
11/14/1999,24.3,0.74
11/15/1999,24.7,0.75
11/16/1999,24.4,0.74
11/17/1999,24.5,0.74
11/18/1999,24.4,0.74
11/19/1999,24.4,0.74
11/20/1999,24.3,0.74
11/21/1999,24.4,0.74
11/22/1999,24.5,0.74
11/23/1999,15.8,0.48
11/24/1999,0,0
11/25/1999,0,0
11/26/1999,0,0
11/27/1999,0,0
11/28/1999,0,0
11/29/1999,0,0
11/30/1999,16.6,0.47
12/1/1999,29.5,0.83
12/2/1999,29.4,0.83
12/3/1999,29.5,0.83
12/4/1999,8.23,0.26
12/5/1999,0,0
12/6/1999,0,0
12/7/1999,0,0
12/8/1999,43.9,0.96
12/9/1999,59,1.29
12/10/1999,59.3,1.29
12/11/1999,58.5,1.28
12/12/1999,15.4,0.34
12/13/1999,0,0
12/14/1999,0,0
12/15/1999,0,0
12/16/1999,0,0
12/17/1999,NA,NA
12/18/1999,NA,NA
12/19/1999,NA,NA
12/20/1999,NA,NA
12/21/1999,NA,NA
12/22/1999,NA,NA
12/23/1999,NA,NA
12/24/1999,NA,NA
12/25/1999,NA,NA
12/26/1999,NA,NA
12/27/1999,NA,NA
12/28/1999,NA,NA
12/29/1999,NA,NA
12/30/1999,NA,NA
12/31/1999,NA,NA
1/1/2000,NA,NA
1/2/2000,NA,NA
1/3/2000,NA,NA
1/4/2000,NA,NA
1/5/2000,NA,NA
1/6/2000,NA,NA
1/7/2000,NA,NA
1/8/2000,NA,NA
1/9/2000,NA,NA
1/10/2000,NA,NA
1/11/2000,NA,NA
1/12/2000,NA,NA
1/13/2000,NA,NA
1/14/2000,NA,NA
1/15/2000,NA,NA
1/16/2000,NA,NA
1/17/2000,0,-0.03
1/18/2000,0,-0.03
1/19/2000,NA,NA
1/20/2000,NA,NA
1/21/2000,NA,NA
1/22/2000,NA,NA
1/23/2000,NA,NA
1/24/2000,NA,NA
1/25/2000,NA,NA
1/26/2000,NA,NA
1/27/2000,NA,NA
1/28/2000,NA,NA
1/29/2000,NA,NA
1/30/2000,NA,NA
1/31/2000,NA,NA
2/1/2000,NA,NA
2/2/2000,NA,NA
2/3/2000,NA,NA
2/4/2000,NA,NA
2/5/2000,NA,NA
2/6/2000,NA,NA
2/7/2000,NA,NA
2/8/2000,NA,NA
2/9/2000,NA,NA
2/10/2000,NA,NA
2/11/2000,NA,NA
2/12/2000,NA,NA
2/13/2000,NA,NA
2/14/2000,NA,NA
2/15/2000,NA,NA
2/16/2000,NA,NA
2/17/2000,NA,NA
2/18/2000,NA,NA
2/19/2000,NA,NA
2/20/2000,NA,NA
2/21/2000,NA,NA
2/22/2000,NA,NA
2/23/2000,NA,NA
2/24/2000,NA,NA
2/25/2000,NA,NA
2/26/2000,NA,NA
2/27/2000,NA,NA
2/28/2000,NA,NA
2/29/2000,20,0.54
3/1/2000,27.5,0.78
3/2/2000,27.7,0.78
3/3/2000,27.4,0.78
3/4/2000,27.9,0.79
3/5/2000,27.1,0.77
3/6/2000,27.4,0.77
3/7/2000,27.9,0.79
3/8/2000,27.4,0.77
3/9/2000,28,0.79
3/10/2000,27.4,0.77
3/11/2000,32.9,0.87
3/12/2000,36.6,0.93
3/13/2000,37.6,0.95
3/14/2000,40.8,1
3/15/2000,55.7,1.2
3/16/2000,71.9,1.42
3/17/2000,66.1,1.34
3/18/2000,60.4,1.27
3/19/2000,59.6,1.26
3/20/2000,60.2,1.27
3/21/2000,60.3,1.27
3/22/2000,59.6,1.26
3/23/2000,60.2,1.27
3/24/2000,59.5,1.26
3/25/2000,60.2,1.27
3/26/2000,59.5,1.26
3/27/2000,60.3,1.27
3/28/2000,59,1.25
3/29/2000,56.3,1.19
3/30/2000,57.6,1.22
3/31/2000,63.5,1.29
4/1/2000,73.8,1.41
4/2/2000,75.2,1.44
4/3/2000,68.1,1.34
4/4/2000,68.4,1.36
4/5/2000,67.8,1.34
4/6/2000,67.9,1.34
4/7/2000,67.8,1.34
4/8/2000,67.2,1.33
4/9/2000,67.8,1.34
4/10/2000,67,1.33
4/11/2000,67.7,1.34
4/12/2000,82.7,1.51
4/13/2000,88.3,1.58
4/14/2000,84.5,1.54
4/15/2000,84.4,1.54
4/16/2000,84.3,1.54
4/17/2000,83.4,1.52
4/18/2000,84.5,1.54
4/19/2000,84.2,1.54
4/20/2000,81.2,1.5
4/21/2000,78.5,1.47
4/22/2000,77.6,1.45
4/23/2000,79,1.48
4/24/2000,78,1.46
4/25/2000,77.5,1.45
4/26/2000,78.7,1.47
4/27/2000,77.6,1.45
4/28/2000,78.4,1.47
4/29/2000,77,1.44
4/30/2000,80.1,1.49
5/1/2000,70.4,1.29
5/2/2000,NA,NA
5/3/2000,NA,NA
5/4/2000,NA,NA
5/5/2000,NA,NA
5/6/2000,NA,NA
5/7/2000,85,1.56
5/8/2000,86,1.55
5/9/2000,86.9,1.56
5/10/2000,88.2,1.58
5/11/2000,88.1,1.58
5/12/2000,88.8,1.59
5/13/2000,93.2,1.67
5/14/2000,91.2,1.63
5/15/2000,88.1,1.58
5/16/2000,90.4,1.6
5/17/2000,90.3,1.6
5/18/2000,86.2,1.55
5/19/2000,88.5,1.58
5/20/2000,87.5,1.57
5/21/2000,88.4,1.58
5/22/2000,89.1,1.6
5/23/2000,87.2,1.56
5/24/2000,88.4,1.58
5/25/2000,83.4,1.5
5/26/2000,88.4,1.58
5/27/2000,92.6,1.66
5/28/2000,91.3,1.64
5/29/2000,92.4,1.66
5/30/2000,97.6,1.72
5/31/2000,95.4,1.69
6/1/2000,96.7,1.69
6/2/2000,98.2,1.72
6/3/2000,99.4,1.74
6/4/2000,98.2,1.72
6/5/2000,99.3,1.74
6/6/2000,98.3,1.72
6/7/2000,98.2,1.72
6/8/2000,99.4,1.74
6/9/2000,81,1.52
6/10/2000,76,1.47
6/11/2000,76.3,1.48
6/12/2000,75.8,1.47
6/13/2000,97.7,1.71
6/14/2000,82.3,1.54
6/15/2000,75.4,1.46
6/16/2000,75.1,1.46
6/17/2000,75.9,1.47
6/18/2000,74.3,1.44
6/19/2000,76.1,1.47
6/20/2000,75.9,1.47
6/21/2000,74.7,1.45
6/22/2000,76,1.47
6/23/2000,75.2,1.46
6/24/2000,75.1,1.46
6/25/2000,74.5,1.44
6/26/2000,75,1.45
6/27/2000,98.4,1.73
6/28/2000,82.3,1.54
6/29/2000,76,1.47
6/30/2000,75.1,1.46
7/1/2000,76.5,1.47
7/2/2000,75.7,1.46
7/3/2000,70.4,1.4
7/4/2000,56.2,1.22
7/5/2000,77,1.48
7/6/2000,77.7,1.49
7/7/2000,76.6,1.47
7/8/2000,77.5,1.49
7/9/2000,76.8,1.48
7/10/2000,77.6,1.49
7/11/2000,98.8,1.73
7/12/2000,82.4,1.54
7/13/2000,75.9,1.47
7/14/2000,75,1.45
7/15/2000,76.4,1.48
7/16/2000,74.3,1.44
7/17/2000,71.7,1.39
7/18/2000,75.2,1.46
7/19/2000,75.2,1.46
7/20/2000,75.9,1.47
7/21/2000,75.1,1.46
7/22/2000,75.9,1.47
7/23/2000,75.1,1.46
7/24/2000,76,1.47
7/25/2000,97.1,1.7
7/26/2000,81.7,1.53
7/27/2000,68.6,1.34
7/28/2000,74.1,1.44
7/29/2000,74.8,1.46
7/30/2000,74.1,1.44
7/31/2000,74.8,1.46
8/1/2000,74.7,1.46
8/2/2000,73.9,1.44
8/3/2000,74.7,1.46
8/4/2000,74.4,1.45
8/5/2000,74.8,1.46
8/6/2000,74,1.44
8/7/2000,74.9,1.46
8/8/2000,98.2,1.72
8/9/2000,82.6,1.54
8/10/2000,76,1.47
8/11/2000,75.1,1.45
8/12/2000,76.2,1.47
8/13/2000,75.8,1.47
8/14/2000,75.2,1.46
8/15/2000,99.1,1.73
8/16/2000,82.4,1.54
8/17/2000,76.6,1.48
8/18/2000,75.4,1.46
8/19/2000,75.9,1.47
8/20/2000,74.4,1.44
8/21/2000,76,1.47
8/22/2000,76,1.47
8/23/2000,75.2,1.46
8/24/2000,74.4,1.44
8/25/2000,75.2,1.46
8/26/2000,75.2,1.46
8/27/2000,75.4,1.46
8/28/2000,75.2,1.46
8/29/2000,76,1.47
8/30/2000,75.4,1.46
8/31/2000,74.5,1.45
9/1/2000,70.3,1.4
9/2/2000,71.6,1.42
9/3/2000,64.5,1.32
9/4/2000,70,1.4
9/5/2000,59.1,1.24
9/6/2000,39.1,0.96
9/7/2000,67.6,1.36
9/8/2000,70.9,1.4
9/9/2000,71.5,1.42
9/10/2000,70.5,1.4
9/11/2000,71,1.41
9/12/2000,70.7,1.4
9/13/2000,70.6,1.4
9/14/2000,49.5,1.11
9/15/2000,44.8,1.04
9/16/2000,59.4,1.26
9/17/2000,58.6,1.25
9/18/2000,58.6,1.25
9/19/2000,59.1,1.26
9/20/2000,58.5,1.25
9/21/2000,58.9,1.25
9/22/2000,58.8,1.25
9/23/2000,58.6,1.25
9/24/2000,58.7,1.25
9/25/2000,59.1,1.26
9/26/2000,58.7,1.25
9/27/2000,58.4,1.24
9/28/2000,59.4,1.26
9/29/2000,58.4,1.24
9/30/2000,58.4,1.24
10/1/2000,66.5,1.35
10/2/2000,70.3,1.4
10/3/2000,70.2,1.4
10/4/2000,69.4,1.39
10/5/2000,70.6,1.41
10/6/2000,68.8,1.37
10/7/2000,70.6,1.41
10/8/2000,69.7,1.39
10/9/2000,70.5,1.41
10/10/2000,70.5,1.4
10/11/2000,69.5,1.39
10/12/2000,69.1,1.38
10/13/2000,63.7,1.31
10/14/2000,54.1,1.19
10/15/2000,46.2,1.06
10/16/2000,66.4,1.35
10/17/2000,65.3,1.34
10/18/2000,67.6,1.36
10/19/2000,69.5,1.39
10/20/2000,65.9,1.34
10/21/2000,68.2,1.37
10/22/2000,69.1,1.38
10/23/2000,70.3,1.4
10/24/2000,70.2,1.4
10/25/2000,69.5,1.39
10/26/2000,70.2,1.4
10/27/2000,69.2,1.38
10/28/2000,69.6,1.39
10/29/2000,70,1.39
10/30/2000,55.5,1.11
10/31/2000,58.2,1.22
11/1/2000,36.8,0.92
11/2/2000,37.5,0.94
11/3/2000,37.3,0.94
11/4/2000,37.8,0.95
11/5/2000,37.3,0.94
11/6/2000,37.9,0.95
11/7/2000,37.8,0.95
11/8/2000,37,0.93
11/9/2000,37.5,0.94
11/10/2000,37.5,0.94
11/11/2000,37.9,0.95
11/12/2000,37.6,0.94
11/13/2000,37.8,0.95
11/14/2000,29.7,0.81
11/15/2000,22.9,0.69
11/16/2000,23.1,0.7
11/17/2000,22.9,0.69
11/18/2000,23.1,0.7
11/19/2000,22.7,0.69
11/20/2000,23.1,0.7
11/21/2000,23,0.7
11/22/2000,13.6,0.44
11/23/2000,0.327,0.04
11/24/2000,0.019,0.01
11/25/2000,0.019,0.01
11/26/2000,0.018,0.01
11/27/2000,0.019,0.01
11/28/2000,0.019,0.01
11/29/2000,0.019,0.01
11/30/2000,0.019,0.01
12/1/2000,0.018,0.01
12/2/2000,0.019,0.01
12/3/2000,0.018,0.01
12/4/2000,0.018,0.01
12/5/2000,0.019,0.01
12/6/2000,0.019,0.01
12/7/2000,0.018,0.01
12/8/2000,0.019,0.01
12/9/2000,NA,NA
12/10/2000,NA,NA
12/11/2000,NA,NA
12/12/2000,NA,NA
12/13/2000,NA,NA
12/14/2000,NA,NA
12/15/2000,NA,NA
12/16/2000,NA,NA
12/17/2000,NA,NA
12/18/2000,NA,NA
12/19/2000,NA,NA
12/20/2000,NA,NA
12/21/2000,NA,NA
12/22/2000,NA,NA
12/23/2000,NA,NA
12/24/2000,NA,NA
12/25/2000,NA,NA
12/26/2000,NA,NA
12/27/2000,NA,NA
12/28/2000,NA,NA
12/29/2000,NA,NA
12/30/2000,NA,NA
12/31/2000,NA,NA
1/1/2001,NA,NA
1/2/2001,NA,NA
1/3/2001,NA,NA
1/4/2001,NA,NA
1/5/2001,NA,NA
1/6/2001,NA,NA
1/7/2001,NA,NA
1/8/2001,NA,NA
1/9/2001,NA,NA
1/10/2001,NA,NA
1/11/2001,NA,NA
1/12/2001,NA,NA
1/13/2001,NA,NA
1/14/2001,NA,NA
1/15/2001,NA,NA
1/16/2001,NA,NA
1/17/2001,NA,NA
1/18/2001,NA,NA
1/19/2001,NA,NA
1/20/2001,NA,NA
1/21/2001,NA,NA
1/22/2001,NA,NA
1/23/2001,NA,NA
1/24/2001,NA,NA
1/25/2001,NA,NA
1/26/2001,NA,NA
1/27/2001,NA,NA
1/28/2001,NA,NA
1/29/2001,NA,NA
1/30/2001,NA,NA
1/31/2001,NA,NA
2/1/2001,NA,NA
2/2/2001,NA,NA
2/3/2001,NA,NA
2/4/2001,NA,NA
2/5/2001,NA,NA
2/6/2001,NA,NA
2/7/2001,NA,NA
2/8/2001,NA,NA
2/9/2001,NA,NA
2/10/2001,NA,NA
2/11/2001,NA,NA
2/12/2001,NA,NA
2/13/2001,NA,NA
2/14/2001,NA,NA
2/15/2001,NA,NA
2/16/2001,NA,NA
2/17/2001,NA,NA
2/18/2001,NA,NA
2/19/2001,NA,NA
2/20/2001,NA,NA
2/21/2001,NA,NA
2/22/2001,NA,NA
2/23/2001,NA,NA
2/24/2001,NA,NA
2/25/2001,NA,NA
2/26/2001,NA,NA
2/27/2001,NA,NA
2/28/2001,NA,NA
3/1/2001,NA,NA
3/2/2001,NA,NA
3/3/2001,NA,NA
3/4/2001,NA,NA
3/5/2001,NA,NA
3/6/2001,NA,NA
3/7/2001,NA,NA
3/8/2001,NA,NA
3/9/2001,NA,NA
3/10/2001,NA,NA
3/11/2001,NA,NA
3/12/2001,NA,NA
3/13/2001,16.8,0.45
3/14/2001,27.3,0.77
3/15/2001,26.8,0.77
3/16/2001,46.2,1.07
3/17/2001,51.8,1.16
3/18/2001,51,1.14
3/19/2001,40,0.98
3/20/2001,49.4,1.11
3/21/2001,59.6,1.26
3/22/2001,60.3,1.27
3/23/2001,59.5,1.26
3/24/2001,60.4,1.27
3/25/2001,59.7,1.26
3/26/2001,60.2,1.27
3/27/2001,60.2,1.27
3/28/2001,59.5,1.26
3/29/2001,60.3,1.27
3/30/2001,63.3,1.31
3/31/2001,67.4,1.37
4/1/2001,69.1,1.38
4/2/2001,77.6,1.49
4/3/2001,77.5,1.49
4/4/2001,76.7,1.47
4/5/2001,76.7,1.47
4/6/2001,76.7,1.47
4/7/2001,75.8,1.46
4/8/2001,76.7,1.47
4/9/2001,77.4,1.49
4/10/2001,76.7,1.47
4/11/2001,76.8,1.48
4/12/2001,77.5,1.49
4/13/2001,76.7,1.47
4/14/2001,76.7,1.47
4/15/2001,75.7,1.46
4/16/2001,75.7,1.46
4/17/2001,77.6,1.49
4/18/2001,76.8,1.48
4/19/2001,77.5,1.49
4/20/2001,76.6,1.47
4/21/2001,77.5,1.49
4/22/2001,76.7,1.48
4/23/2001,77.6,1.49
4/24/2001,74.1,1.42
4/25/2001,75.7,1.46
4/26/2001,77.5,1.49
4/27/2001,76.7,1.47
4/28/2001,77.4,1.49
4/29/2001,67.7,1.36
4/30/2001,73.1,1.44
5/1/2001,78.4,1.5
5/2/2001,76.5,1.47
5/3/2001,57.6,1.23
5/4/2001,67.2,1.35
5/5/2001,76.2,1.47
5/6/2001,75.2,1.46
5/7/2001,75.9,1.47
5/8/2001,75.9,1.47
5/9/2001,75.1,1.46
5/10/2001,75.9,1.47
5/11/2001,75.1,1.46
5/12/2001,76,1.47
5/13/2001,74.2,1.44
5/14/2001,76,1.47
5/15/2001,92.7,1.66
5/16/2001,81,1.52
5/17/2001,29.6,0.81
5/18/2001,32.8,0.87
5/19/2001,33.3,0.88
5/20/2001,33.1,0.87
5/21/2001,32.9,0.87
5/22/2001,46.1,1.07
5/23/2001,54.9,1.16
5/24/2001,60.6,1.28
5/25/2001,60.1,1.27
5/26/2001,58.9,1.25
5/27/2001,59.7,1.26
5/28/2001,60.2,1.27
5/29/2001,81.1,1.53
5/30/2001,70.3,1.39
5/31/2001,65.9,1.35
6/1/2001,72.8,1.43
6/2/2001,75.1,1.46
6/3/2001,74.1,1.44
6/4/2001,75.1,1.46
6/5/2001,74.1,1.44
6/6/2001,74.8,1.46
6/7/2001,74.8,1.46
6/8/2001,74.7,1.46
6/9/2001,74.8,1.46
6/10/2001,74.6,1.46
6/11/2001,74.8,1.46
6/12/2001,97.9,1.72
6/13/2001,82.2,1.54
6/14/2001,73.9,1.44
6/15/2001,74.8,1.46
6/16/2001,73.5,1.43
6/17/2001,74.8,1.46
6/18/2001,74.6,1.45
6/19/2001,74.9,1.46
6/20/2001,74.8,1.46
6/21/2001,74.7,1.46
6/22/2001,75.2,1.46
6/23/2001,74.7,1.46
6/24/2001,74,1.44
6/25/2001,74.8,1.46
6/26/2001,98.1,1.72
6/27/2001,82.9,1.55
6/28/2001,74,1.44
6/29/2001,75.1,1.46
6/30/2001,75,1.46
7/1/2001,75,1.46
7/2/2001,74.8,1.46
7/3/2001,72.8,1.42
7/4/2001,74,1.44
7/5/2001,75,1.46
7/6/2001,74.9,1.46
7/7/2001,74.5,1.45
7/8/2001,74.5,1.45
7/9/2001,57.6,1.23
7/10/2001,48.8,1.12
7/11/2001,73.5,1.44
7/12/2001,74.9,1.46
7/13/2001,75.1,1.46
7/14/2001,75.6,1.47
7/15/2001,74.9,1.46
7/16/2001,73.4,1.43
7/17/2001,74.8,1.46
7/18/2001,74.2,1.44
7/19/2001,75,1.46
7/20/2001,74.1,1.44
7/21/2001,75,1.46
7/22/2001,74.1,1.44
7/23/2001,75,1.46
7/24/2001,74.1,1.44
7/25/2001,74.1,1.44
7/26/2001,75.1,1.46
7/27/2001,75,1.46
7/28/2001,74.2,1.44
7/29/2001,73.9,1.44
7/30/2001,74.8,1.46
7/31/2001,73.9,1.45
8/1/2001,75.7,1.47
8/2/2001,76.1,1.47
8/3/2001,74.6,1.45
8/4/2001,76,1.47
8/5/2001,73.8,1.43
8/6/2001,75,1.45
8/7/2001,98.9,1.73
8/8/2001,83.6,1.56
8/9/2001,75.2,1.46
8/10/2001,59.9,1.63
8/11/2001,76.1,1.47
8/12/2001,75.1,1.46
8/13/2001,76,1.47
8/14/2001,97.5,1.71
8/15/2001,83.6,1.56
8/16/2001,75.2,1.46
8/17/2001,75.2,1.46
8/18/2001,76,1.47
8/19/2001,76,1.47
8/20/2001,75.9,1.47
8/21/2001,75,1.45
8/22/2001,74.4,1.44
8/23/2001,68.3,1.37
8/24/2001,67.7,1.36
8/25/2001,75.4,1.46
8/26/2001,75.5,1.46
8/27/2001,74.2,1.44
8/28/2001,75,1.45
8/29/2001,54.7,1.18
8/30/2001,53,1.16
8/31/2001,63.6,1.31
9/1/2001,69.6,1.38
9/2/2001,71.7,1.42
9/3/2001,71.2,1.41
9/4/2001,70,1.39
9/5/2001,42.6,1.01
9/6/2001,39.4,0.96
9/7/2001,70.5,1.4
9/8/2001,71,1.41
9/9/2001,71.7,1.42
9/10/2001,69,1.37
9/11/2001,70,1.39
9/12/2001,70.4,1.4
9/13/2001,70.5,1.4
9/14/2001,67.8,1.36
9/15/2001,71.2,1.41
9/16/2001,70.8,1.4
9/17/2001,70.7,1.4
9/18/2001,71.6,1.42
9/19/2001,70.9,1.4
9/20/2001,70.3,1.4
9/21/2001,63,1.31
9/22/2001,61.3,1.29
9/23/2001,56.7,1.22
9/24/2001,61.9,1.29
9/25/2001,71,1.41
9/26/2001,71.1,1.41
9/27/2001,69.9,1.39
9/28/2001,71.6,1.42
9/29/2001,69.9,1.39
9/30/2001,71.4,1.42
10/1/2001,72.8,1.42
10/2/2001,75.1,1.46
10/3/2001,85.1,1.57
10/4/2001,89.4,1.63
10/5/2001,88.4,1.61
10/6/2001,88.5,1.61
10/7/2001,88.4,1.61
10/8/2001,86.3,1.57
10/9/2001,88.5,1.61
10/10/2001,88.4,1.61
10/11/2001,88.5,1.61
10/12/2001,89.4,1.63
10/13/2001,88.5,1.61
10/14/2001,88.5,1.61
10/15/2001,89.4,1.63
10/16/2001,87.3,1.59
10/17/2001,89.5,1.63
10/18/2001,89.3,1.63
10/19/2001,84.2,1.57
10/20/2001,80.7,1.53
10/21/2001,77.9,1.49
10/22/2001,79.8,1.51
10/23/2001,80.7,1.53
10/24/2001,72.7,1.39
10/25/2001,80.8,1.53
10/26/2001,79.1,1.5
10/27/2001,79.7,1.51
10/28/2001,79.7,1.51
10/29/2001,80.6,1.53
10/30/2001,80.6,1.53
10/31/2001,67,1.34
11/1/2001,38.2,0.96
11/2/2001,39.4,0.97
11/3/2001,39.3,0.97
11/4/2001,39.2,0.97
11/5/2001,39.3,0.97
11/6/2001,39.2,0.97
11/7/2001,39.2,0.97
11/8/2001,39.2,0.97
11/9/2001,38.8,0.96
11/10/2001,39.2,0.96
11/11/2001,35.7,0.91
11/12/2001,29,0.8
11/13/2001,29.4,0.8
11/14/2001,29.1,0.81
11/15/2001,29.3,0.8
11/16/2001,29,0.81
11/17/2001,29.1,0.8
11/18/2001,28.9,0.8
11/19/2001,29,0.81
11/20/2001,28.9,0.8
11/21/2001,28.6,0.8
11/22/2001,28.3,0.79
11/23/2001,28.9,0.8
11/24/2001,28.5,0.8
11/25/2001,26.6,0.76
11/26/2001,24.5,0.73
11/27/2001,24,0.72
11/28/2001,22,0.68
11/29/2001,21.6,0.67
11/30/2001,21.4,0.66
12/1/2001,22.2,0.68
12/2/2001,21.1,0.66
12/3/2001,20.4,0.65
12/4/2001,21.8,0.67
12/5/2001,25.3,0.74
12/6/2001,25.3,0.74
12/7/2001,25.3,0.74
12/8/2001,25.2,0.72
12/9/2001,24.7,0.73
12/10/2001,23.7,0.71
12/11/2001,19.1,0.62
12/12/2001,19.4,0.63
12/13/2001,NA,NA
12/14/2001,NA,NA
12/15/2001,NA,NA
12/16/2001,NA,NA
12/17/2001,NA,NA
12/18/2001,NA,NA
12/19/2001,NA,NA
12/20/2001,NA,NA
12/21/2001,NA,NA
12/22/2001,NA,NA
12/23/2001,NA,NA
12/24/2001,NA,NA
12/25/2001,NA,NA
12/26/2001,NA,NA
12/27/2001,NA,NA
12/28/2001,NA,NA
12/29/2001,NA,NA
12/30/2001,NA,NA
12/31/2001,NA,NA
1/1/2002,NA,NA
1/2/2002,NA,NA
1/3/2002,NA,NA
1/4/2002,NA,NA
1/5/2002,NA,NA
1/6/2002,NA,NA
1/7/2002,NA,NA
1/8/2002,NA,NA
1/9/2002,NA,NA
1/10/2002,NA,NA
1/11/2002,NA,NA
1/12/2002,NA,NA
1/13/2002,NA,NA
1/14/2002,NA,NA
1/15/2002,NA,NA
1/16/2002,NA,NA
1/17/2002,NA,NA
1/18/2002,NA,NA
1/19/2002,NA,NA
1/20/2002,NA,NA
1/21/2002,NA,NA
1/22/2002,NA,NA
1/23/2002,NA,NA
1/24/2002,NA,NA
1/25/2002,NA,NA
1/26/2002,NA,NA
1/27/2002,NA,NA
1/28/2002,NA,NA
1/29/2002,NA,NA
1/30/2002,NA,NA
1/31/2002,NA,NA
2/1/2002,NA,NA
2/2/2002,NA,NA
2/3/2002,NA,NA
2/4/2002,NA,NA
2/5/2002,NA,NA
2/6/2002,NA,NA
2/7/2002,NA,NA
2/8/2002,NA,NA
2/9/2002,NA,NA
2/10/2002,NA,NA
2/11/2002,NA,NA
2/12/2002,NA,NA
2/13/2002,NA,NA
2/14/2002,NA,NA
2/15/2002,NA,NA
2/16/2002,NA,NA
2/17/2002,NA,NA
2/18/2002,NA,NA
2/19/2002,NA,NA
2/20/2002,NA,NA
2/21/2002,NA,NA
2/22/2002,NA,NA
2/23/2002,NA,NA
2/24/2002,NA,NA
2/25/2002,NA,NA
2/26/2002,NA,NA
2/27/2002,NA,NA
2/28/2002,NA,NA
3/1/2002,NA,NA
3/2/2002,NA,NA
3/3/2002,NA,NA
3/4/2002,NA,NA
3/5/2002,NA,NA
3/6/2002,NA,NA
3/7/2002,NA,NA
3/8/2002,NA,NA
3/9/2002,NA,NA
3/10/2002,NA,NA
3/11/2002,NA,NA
3/12/2002,NA,NA
3/13/2002,NA,NA
3/14/2002,NA,NA
3/15/2002,30,0.63
3/16/2002,47.8,1.01
3/17/2002,26.6,0.65
3/18/2002,39.5,0.97
3/19/2002,43.3,1.06
3/20/2002,62.8,1.33
3/21/2002,72,1.46
3/22/2002,71.8,1.46
3/23/2002,71.7,1.45
3/24/2002,71.7,1.45
3/25/2002,71.7,1.45
3/26/2002,71.7,1.45
3/27/2002,71.7,1.45
3/28/2002,71.7,1.45
3/29/2002,71.7,1.45
3/30/2002,71.7,1.45
3/31/2002,74.9,1.49
4/1/2002,84.2,1.61
4/2/2002,71.1,1.44
4/3/2002,84.4,1.61
4/4/2002,82.5,1.59
4/5/2002,82.7,1.59
4/6/2002,82.7,1.59
4/7/2002,82.7,1.59
4/8/2002,82.7,1.59
4/9/2002,82.7,1.59
4/10/2002,82.8,1.59
4/11/2002,82.7,1.59
4/12/2002,82.8,1.59
4/13/2002,82.7,1.59
4/14/2002,82.7,1.59
4/15/2002,82.7,1.59
4/16/2002,77.6,1.53
4/17/2002,94.9,1.73
4/18/2002,96,1.74
4/19/2002,86.1,1.63
4/20/2002,89.7,1.67
4/21/2002,93.6,1.72
4/22/2002,85.2,1.62
4/23/2002,87.9,1.65
4/24/2002,78.2,1.53
4/25/2002,73,1.47
4/26/2002,75.6,1.5
4/27/2002,80.3,1.56
4/28/2002,NA,NA
4/29/2002,NA,NA
4/30/2002,46.9,0.94
5/1/2002,63.6,1.35
5/2/2002,60.3,1.3
5/3/2002,57.4,1.27
5/4/2002,57.3,1.26
5/5/2002,53.2,1.21
5/6/2002,45.1,1.09
5/7/2002,54.8,1.23
5/8/2002,78.2,1.53
5/9/2002,82.8,1.59
5/10/2002,81.1,1.57
5/11/2002,81.2,1.57
5/12/2002,81,1.57
5/13/2002,81,1.57
5/14/2002,99.2,1.78
5/15/2002,105,1.85
5/16/2002,105,1.85
5/17/2002,94.7,1.73
5/18/2002,77.9,1.53
5/19/2002,81.5,1.58
5/20/2002,81.1,1.57
5/21/2002,80.9,1.57
5/22/2002,81,1.57
5/23/2002,81.3,1.57
5/24/2002,81.1,1.57
5/25/2002,80.9,1.57
5/26/2002,81.4,1.57
5/27/2002,81.1,1.57
5/28/2002,99.3,1.78
5/29/2002,85.9,1.62
5/30/2002,81,1.57
5/31/2002,82.5,1.59
6/1/2002,79.8,1.55
6/2/2002,76.5,1.51
6/3/2002,78.5,1.54
6/4/2002,80.4,1.56
6/5/2002,79.9,1.56
6/6/2002,80.1,1.56
6/7/2002,80,1.56
6/8/2002,79.9,1.56
6/9/2002,79.9,1.56
6/10/2002,79.8,1.55
6/11/2002,104,1.83
6/12/2002,88.9,1.66
6/13/2002,80,1.56
6/14/2002,80.4,1.56
6/15/2002,79.6,1.55
6/16/2002,79.8,1.55
6/17/2002,80,1.56
6/18/2002,76.7,1.52
6/19/2002,78.3,1.54
6/20/2002,70.8,1.44
6/21/2002,71.5,1.45
6/22/2002,80,1.56
6/23/2002,79,1.55
6/24/2002,55.4,1.24
6/25/2002,52.3,1.19
6/26/2002,54.7,1.23
6/27/2002,62.7,1.34
6/28/2002,67.7,1.4
6/29/2002,60.9,1.31
6/30/2002,59.7,1.3
7/1/2002,74.9,1.49
7/2/2002,54.9,1.23
7/3/2002,50.6,1.16
7/4/2002,32.9,0.89
7/5/2002,25.3,0.76
7/6/2002,31.7,0.87
7/7/2002,74.4,1.48
7/8/2002,80,1.56
7/9/2002,80.3,1.56
7/10/2002,80.1,1.56
7/11/2002,79.7,1.55
7/12/2002,78.3,1.54
7/13/2002,59.1,1.29
7/14/2002,48.1,1.13
7/15/2002,55.8,1.23
7/16/2002,37.6,0.97
7/17/2002,21.8,0.69
7/18/2002,21.9,0.67
7/19/2002,9.01,0.4
7/20/2002,14,0.52
7/21/2002,17.8,0.61
7/22/2002,11.5,0.46
7/23/2002,13.2,0.5
7/24/2002,22.8,0.71
7/25/2002,7.84,0.36
7/26/2002,3.85,0.23
7/27/2002,3.38,0.21
7/28/2002,10.2,0.37
7/29/2002,52.1,1.19
7/30/2002,59.4,1.29
7/31/2002,76.7,1.52
8/1/2002,63.1,1.34
8/2/2002,54,1.22
8/3/2002,43.2,1.06
8/4/2002,37.4,0.97
8/5/2002,31.2,0.86
8/6/2002,24.8,0.75
8/7/2002,20.7,0.67
8/8/2002,14.6,0.54
8/9/2002,13.2,0.5
8/10/2002,12,0.48
8/11/2002,19,0.62
8/12/2002,9.33,0.41
8/13/2002,7.14,0.34
8/14/2002,5.32,0.28
8/15/2002,3.34,0.21
8/16/2002,2.92,0.19
8/17/2002,1.83,0.15
8/18/2002,1.6,0.13
8/19/2002,1.41,0.12
8/20/2002,1.6,0.13
8/21/2002,1.24,0.11
8/22/2002,1.1,0.1
8/23/2002,0.681,0.07
8/24/2002,0.984,0.1
8/25/2002,1.34,0.12
8/26/2002,1.03,0.1
8/27/2002,1.11,0.1
8/28/2002,1.63,0.13
8/29/2002,1.83,0.15
8/30/2002,24.3,0.53
8/31/2002,68.8,1.41
9/1/2002,30.6,0.85
9/2/2002,20.2,0.66
9/3/2002,11.2,0.45
9/4/2002,7.2,0.34
9/5/2002,4.01,0.24
9/6/2002,2.39,0.17
9/7/2002,1.07,0.1
9/8/2002,0.501,0.06
9/9/2002,0.97,0.1
9/10/2002,5.82,0.29
9/11/2002,9.28,0.41
9/12/2002,8.71,0.39
9/13/2002,31,0.81
9/14/2002,44.5,1.08
9/15/2002,88.1,1.65
9/16/2002,85.2,1.62
9/17/2002,66.4,1.38
9/18/2002,50.3,1.17
9/19/2002,43.8,1.07
9/20/2002,40.5,1.02
9/21/2002,44.6,1.08
9/22/2002,40.8,1.02
9/23/2002,31.9,0.88
9/24/2002,27.7,0.8
9/25/2002,24.1,0.74
9/26/2002,23,0.71
9/27/2002,23.3,0.72
9/28/2002,22.6,0.71
9/29/2002,21.6,0.69
9/30/2002,22.9,0.71
10/1/2002,21.3,0.68
10/2/2002,31.9,0.88
10/3/2002,35.6,0.94
10/4/2002,48.1,1.13
10/5/2002,69.3,1.42
10/6/2002,85.4,1.62
10/7/2002,85.3,1.62
10/8/2002,82.7,1.59
10/9/2002,82.7,1.59
10/10/2002,82.6,1.59
10/11/2002,79.6,1.55
10/12/2002,70.3,1.44
10/13/2002,75.2,1.5
10/14/2002,78.6,1.54
10/15/2002,69.1,1.42
10/16/2002,67.1,1.4
10/17/2002,72,1.46
10/18/2002,80.9,1.57
10/19/2002,40.6,-74.78
10/20/2002,76.5,1.51
10/21/2002,71.6,1.45
10/22/2002,72.6,1.46
10/23/2002,75.5,1.5
10/24/2002,79,1.54
10/25/2002,82.1,1.58
10/26/2002,81,1.57
10/27/2002,81,1.57
10/28/2002,78.3,1.54
10/29/2002,74.7,1.49
10/30/2002,81,1.57
10/31/2002,71.2,1.44
11/1/2002,47.6,1.12
11/2/2002,47.5,1.12
11/3/2002,47.5,1.12
11/4/2002,47.2,1.12
11/5/2002,47.4,1.12
11/6/2002,47.5,1.12
11/7/2002,47.5,1.12
11/8/2002,47.4,1.12
11/9/2002,47.4,1.12
11/10/2002,47.5,1.12
11/11/2002,47.5,1.12
11/12/2002,47.6,1.12
11/13/2002,47.3,1.12
11/14/2002,47.8,1.13
11/15/2002,46.5,1.11
11/16/2002,31.5,0.86
11/17/2002,47.5,1.12
11/18/2002,47.6,1.12
11/19/2002,44.1,1.07
11/20/2002,40.2,1.01
11/21/2002,45.3,1.09
11/22/2002,47.8,1.13
11/23/2002,47.5,1.12
11/24/2002,47.1,1.12
11/25/2002,43.7,1.07
11/26/2002,41.7,1.04
11/27/2002,44.7,1.08
11/28/2002,37.5,0.96
11/29/2002,33.9,0.91
11/30/2002,35.4,0.94
12/1/2002,35,0.93
12/2/2002,35.2,0.93
12/3/2002,35.6,0.94
12/4/2002,35.6,0.94
12/5/2002,35.6,0.94
12/6/2002,35.5,0.94
12/7/2002,35.6,0.94
12/8/2002,35.5,0.94
12/9/2002,35.5,0.94
12/10/2002,35.4,0.94
12/11/2002,35.5,0.94
12/12/2002,35.3,0.93
12/13/2002,34.3,0.92
12/14/2002,34.7,0.92
12/15/2002,34.5,0.92
12/16/2002,34.3,0.92
12/17/2002,34.1,0.91
12/18/2002,31.7,0.87
12/19/2002,31.1,0.86
12/20/2002,29.8,0.84
12/21/2002,30.8,0.85
12/22/2002,32.7,0.89
12/23/2002,24.2,0.68
12/24/2002,2.1,0.16
12/25/2002,2.02,0.16
12/26/2002,1.89,0.15
12/27/2002,1.89,0.15
12/28/2002,1.89,0.15
12/29/2002,1.89,0.15
12/30/2002,1.89,0.15
12/31/2002,1.89,0.15
1/1/2003,1.89,0.15
1/2/2003,1.78,0.14
1/3/2003,1.69,0.14
1/4/2003,1.69,0.14
1/5/2003,1.69,0.14
1/6/2003,8.05,0.3
1/7/2003,29.5,0.83
1/8/2003,29.6,0.84
1/9/2003,27.4,0.8
1/10/2003,23,0.71
1/11/2003,11.9,0.4
1/12/2003,0.69,0.08
1/13/2003,0.69,0.08
1/14/2003,0.653,0.08
1/15/2003,0.56,0.07
1/16/2003,0.56,0.07
1/17/2003,0.56,0.07
1/18/2003,0.49,0.06
1/19/2003,0.44,0.06
1/20/2003,0.421,0.06
1/21/2003,0.124,0.02
1/22/2003,0,0
1/23/2003,0,0
1/24/2003,-634.8,41.04
1/25/2003,NA,92.49
1/26/2003,NA,84.99
1/27/2003,NA,62.49
1/28/2003,-582.4,34.36
1/29/2003,28.7,0.82
1/30/2003,28.2,0.81
1/31/2003,29.9,0.84
2/1/2003,31.7,0.87
2/2/2003,32.5,0.89
2/3/2003,37,0.96
2/4/2003,34.1,0.91
2/5/2003,32.8,0.89
2/6/2003,31.5,0.87
2/7/2003,11.2,0.34
2/8/2003,0.56,0.07
2/9/2003,0.56,0.07
2/10/2003,0.454,0.06
2/11/2003,0.325,0.04
2/12/2003,0,0
2/13/2003,0,0
2/14/2003,0,0
2/15/2003,0,0
2/16/2003,0.739,0.05
2/17/2003,26.7,0.78
2/18/2003,29.5,0.83
2/19/2003,33.9,0.91
2/20/2003,35,0.93
2/21/2003,34.8,0.93
2/22/2003,32.8,0.89
2/23/2003,30.5,0.85
2/24/2003,3.78,0.18
2/25/2003,0.408,0.05
2/26/2003,0,0
2/27/2003,-156.1,8.12
2/28/2003,NA,54.99
3/1/2003,NA,54.99
3/2/2003,NA,54.99
3/3/2003,-353.8,20.41
3/4/2003,0,0
3/5/2003,-614,31.45
3/6/2003,NA,54.99
3/7/2003,NA,54.99
3/8/2003,NA,54.98
3/9/2003,NA,54.98
3/10/2003,NA,54.98
3/11/2003,NA,54.97
3/12/2003,-500.6,27.87
3/13/2003,17,0.59
3/14/2003,28,0.81
3/15/2003,58.9,1.26
3/16/2003,62.6,1.34
3/17/2003,55.3,1.24
3/18/2003,48.2,1.1
3/19/2003,51.5,1.17
3/20/2003,40.1,1
3/21/2003,31,0.86
3/22/2003,31,0.86
3/23/2003,30.9,0.86
3/24/2003,30.9,0.86
3/25/2003,34.7,0.92
3/26/2003,52.5,1.2
3/27/2003,52.2,1.19
3/28/2003,52.6,1.2
3/29/2003,52.6,1.2
3/30/2003,52.4,1.2
3/31/2003,52.5,1.2
4/1/2003,56.9,1.25
4/2/2003,50.1,1.16
4/3/2003,54.3,1.21
4/4/2003,70.5,1.44
4/5/2003,70.6,1.44
4/6/2003,60.6,1.23
4/7/2003,72.1,1.46
4/8/2003,72.1,1.46
4/9/2003,72.2,1.46
4/10/2003,72.2,1.46
4/11/2003,72.2,1.46
4/12/2003,72.2,1.46
4/13/2003,72.2,1.46
4/14/2003,72.2,1.46
4/15/2003,72.2,1.46
4/16/2003,72.1,1.46
4/17/2003,71.8,1.46
4/18/2003,72.2,1.46
4/19/2003,72.6,1.47
4/20/2003,72.4,1.46
4/21/2003,82.5,1.59
4/22/2003,88.6,1.66
4/23/2003,88.5,1.66
4/24/2003,88.6,1.66
4/25/2003,88.7,1.66
4/26/2003,88.7,1.66
4/27/2003,88.5,1.66
4/28/2003,88.6,1.66
4/29/2003,88.9,1.66
4/30/2003,89.2,1.67
5/1/2003,94.2,1.72
5/2/2003,79.9,1.55
5/3/2003,70.1,1.43
5/4/2003,68.2,1.41
5/5/2003,68.2,1.41
5/6/2003,68.2,1.41
5/7/2003,68.3,1.41
5/8/2003,83.6,1.6
5/9/2003,94.6,1.73
5/10/2003,94.3,1.73
5/11/2003,92.8,1.71
5/12/2003,94.2,1.72
5/13/2003,90.7,1.68
5/14/2003,82.3,1.58
5/15/2003,77.3,1.52
5/16/2003,80.6,1.56
5/17/2003,94.8,1.73
5/18/2003,75.6,1.5
5/19/2003,68.3,1.41
5/20/2003,68.2,1.41
5/21/2003,68.3,1.41
5/22/2003,68.3,1.41
5/23/2003,67.9,1.41
5/24/2003,68.2,1.41
5/25/2003,68.4,1.41
5/26/2003,68.1,1.41
5/27/2003,88.1,1.65
5/28/2003,74.6,1.49
5/29/2003,68.2,1.41
5/30/2003,68.2,1.41
5/31/2003,68.4,1.41
6/1/2003,78.5,1.54
6/2/2003,80.1,1.56
6/3/2003,76.4,1.51
6/4/2003,75.4,1.5
6/5/2003,75.2,1.5
6/6/2003,75.3,1.5
6/7/2003,75.1,1.5
6/8/2003,75,1.5
6/9/2003,71.2,1.45
6/10/2003,71.2,1.45
6/11/2003,71.1,1.45
6/12/2003,97.6,1.76
6/13/2003,79.4,1.54
6/14/2003,71,1.44
6/15/2003,70.8,1.44
6/16/2003,70.8,1.44
6/17/2003,70.9,1.44
6/18/2003,70.9,1.44
6/19/2003,71,1.44
6/20/2003,71,1.45
6/21/2003,71.1,1.45
6/22/2003,70.8,1.44
6/23/2003,70.7,1.44
6/24/2003,97.4,1.75
6/25/2003,79.4,1.54
6/26/2003,70.8,1.44
6/27/2003,70.8,1.44
6/28/2003,70.8,1.44
6/29/2003,70.8,1.44
6/30/2003,70.8,1.44
7/1/2003,70.6,1.44
7/2/2003,70.2,1.44
7/3/2003,70.2,1.43
7/4/2003,70.1,1.43
7/5/2003,70.2,1.43
7/6/2003,69.9,1.43
7/7/2003,70.2,1.44
7/8/2003,70.1,1.43
7/9/2003,70.2,1.44
7/10/2003,70.2,1.44
7/11/2003,70.2,1.44
7/12/2003,70.2,1.43
7/13/2003,70.5,1.44
7/14/2003,70.2,1.44
7/15/2003,96.8,1.75
7/16/2003,78.6,1.53
7/17/2003,70.1,1.43
7/18/2003,70,1.43
7/19/2003,66.7,1.39
7/20/2003,70.3,1.44
7/21/2003,70.2,1.44
7/22/2003,70.5,1.44
7/23/2003,71.2,1.45
7/24/2003,71.2,1.45
7/25/2003,71.1,1.45
7/26/2003,71.1,1.45
7/27/2003,71,1.44
7/28/2003,71.1,1.45
7/29/2003,97.4,1.75
7/30/2003,77.8,1.52
7/31/2003,71.2,1.45
8/1/2003,68.8,1.42
8/2/2003,68.2,1.41
8/3/2003,67.4,1.4
8/4/2003,63.9,1.35
8/5/2003,69.9,1.43
8/6/2003,62.9,1.34
8/7/2003,62.7,1.34
8/8/2003,59.6,1.3
8/9/2003,64.4,1.36
8/10/2003,68.1,1.41
8/11/2003,68.2,1.41
8/12/2003,92,1.69
8/13/2003,74.1,1.48
8/14/2003,68.2,1.41
8/15/2003,67.5,1.4
8/16/2003,64.3,1.36
8/17/2003,61.4,1.32
8/18/2003,58.6,1.28
8/19/2003,57.4,1.27
8/20/2003,66.3,1.38
8/21/2003,68,1.41
8/22/2003,64.6,1.36
8/23/2003,57.6,1.27
8/24/2003,52.7,1.2
8/25/2003,58,1.27
8/26/2003,53.8,1.21
8/27/2003,57.9,1.27
8/28/2003,68.3,1.41
8/29/2003,68.2,1.41
8/30/2003,68.4,1.41
8/31/2003,68.5,1.41
9/1/2003,55.9,1.24
9/2/2003,56.5,1.25
9/3/2003,56.7,1.26
9/4/2003,56.6,1.25
9/5/2003,56.6,1.25
9/6/2003,56.5,1.25
9/7/2003,56.6,1.25
9/8/2003,56.7,1.26
9/9/2003,56.7,1.26
9/10/2003,56.7,1.26
9/11/2003,56.7,1.26
9/12/2003,56.6,1.25
9/13/2003,56.6,1.25
9/14/2003,56.5,1.25
9/15/2003,56.6,1.25
9/16/2003,56.7,1.26
9/17/2003,52.6,1.2
9/18/2003,51.5,1.18
9/19/2003,51.5,1.18
9/20/2003,51.7,1.19
9/21/2003,51.7,1.19
9/22/2003,51.7,1.19
9/23/2003,51.6,1.18
9/24/2003,51.5,1.18
9/25/2003,51.5,1.18
9/26/2003,51.3,1.18
9/27/2003,51.5,1.18
9/28/2003,51.3,1.18
9/29/2003,51.3,1.18
9/30/2003,51.3,1.18
10/1/2003,50.7,1.17
10/2/2003,50.6,1.17
10/3/2003,69.5,1.42
10/4/2003,76.8,1.52
10/5/2003,78.2,1.54
10/6/2003,78.6,1.54
10/7/2003,78.6,1.54
10/8/2003,78.5,1.54
10/9/2003,78.4,1.54
10/10/2003,78.4,1.54
10/11/2003,78.5,1.54
10/12/2003,78.4,1.54
10/13/2003,78.4,1.54
10/14/2003,78.4,1.54
10/15/2003,78.4,1.54
10/16/2003,78.4,1.54
10/17/2003,78.5,1.54
10/18/2003,78.5,1.54
10/19/2003,78.5,1.54
10/20/2003,78.4,1.54
10/21/2003,78.3,1.54
10/22/2003,78.3,1.54
10/23/2003,78.3,1.54
10/24/2003,78.3,1.54
10/25/2003,78.3,1.54
10/26/2003,78.3,1.54
10/27/2003,78.3,1.54
10/28/2003,78.3,1.54
10/29/2003,78.2,1.54
10/30/2003,78.3,1.54
10/31/2003,77.3,1.52
11/1/2003,15.4,0.54
11/2/2003,10.3,0.43
11/3/2003,10.3,0.43
11/4/2003,10.3,0.43
11/5/2003,10.3,0.43
11/6/2003,9.49,0.41
11/7/2003,8.22,0.38
11/8/2003,8.29,0.38
11/9/2003,8.19,0.37
11/10/2003,8.12,0.37
11/11/2003,8.36,0.38
11/12/2003,8.33,0.38
11/13/2003,8.31,0.38
11/14/2003,8.45,0.38
11/15/2003,9.12,0.4
11/16/2003,7.9,0.37
11/17/2003,7.27,0.34
11/18/2003,0.025,0.01
11/19/2003,0,0
11/20/2003,-772,40.45
11/21/2003,NA,NA
11/22/2003,NA,NA
11/23/2003,NA,NA
11/24/2003,NA,NA
11/25/2003,NA,NA
11/26/2003,NA,NA
11/27/2003,NA,NA
11/28/2003,NA,NA
11/29/2003,NA,NA
11/30/2003,NA,NA
12/1/2003,NA,NA
12/2/2003,NA,NA
12/3/2003,NA,NA
12/4/2003,NA,NA
12/5/2003,NA,NA
12/6/2003,NA,NA
12/7/2003,NA,NA
12/8/2003,NA,NA
12/9/2003,NA,NA
12/10/2003,NA,NA
12/11/2003,NA,NA
12/12/2003,NA,NA
12/13/2003,NA,NA
12/14/2003,NA,NA
12/15/2003,NA,NA
12/16/2003,NA,NA
12/17/2003,NA,NA
12/18/2003,NA,NA
12/19/2003,NA,NA
12/20/2003,NA,NA
12/21/2003,NA,NA
12/22/2003,NA,NA
12/23/2003,NA,NA
12/24/2003,NA,NA
12/25/2003,NA,NA
12/26/2003,NA,NA
12/27/2003,NA,NA
12/28/2003,NA,NA
12/29/2003,NA,NA
12/30/2003,NA,NA
12/31/2003,NA,NA
1/1/2004,NA,NA
1/2/2004,NA,NA
1/3/2004,NA,NA
1/4/2004,NA,NA
1/5/2004,NA,NA
1/6/2004,NA,NA
1/7/2004,NA,NA
1/8/2004,NA,NA
1/9/2004,55.2,1.24
1/10/2004,55.6,1.24
1/11/2004,NA,NA
1/12/2004,NA,NA
1/13/2004,NA,NA
1/14/2004,NA,NA
1/15/2004,NA,NA
1/16/2004,NA,NA
1/17/2004,NA,NA
1/18/2004,NA,NA
1/19/2004,NA,NA
1/20/2004,NA,NA
1/21/2004,NA,NA
1/22/2004,NA,NA
1/23/2004,NA,NA
1/24/2004,NA,NA
1/25/2004,NA,NA
1/26/2004,NA,NA
1/27/2004,NA,NA
1/28/2004,NA,NA
1/29/2004,NA,NA
1/30/2004,NA,NA
1/31/2004,NA,NA
2/1/2004,NA,NA
2/2/2004,NA,NA
2/3/2004,NA,NA
2/4/2004,NA,NA
2/5/2004,NA,NA
2/6/2004,NA,NA
2/7/2004,NA,NA
2/8/2004,NA,NA
2/9/2004,NA,NA
2/10/2004,NA,NA
2/11/2004,NA,NA
2/12/2004,NA,NA
2/13/2004,NA,NA
2/14/2004,NA,NA
2/15/2004,NA,NA
2/16/2004,NA,NA
2/17/2004,NA,NA
2/18/2004,NA,NA
2/19/2004,NA,NA
2/20/2004,NA,NA
2/21/2004,NA,NA
2/22/2004,NA,NA
2/23/2004,NA,NA
2/24/2004,NA,NA
2/25/2004,NA,NA
2/26/2004,NA,NA
2/27/2004,NA,NA
2/28/2004,NA,NA
2/29/2004,-441.9,23.54
3/1/2004,-138.6,14.9
3/2/2004,8.26,0.38
3/3/2004,8.08,0.37
3/4/2004,8.96,0.4
3/5/2004,9.15,0.4
3/6/2004,8.49,0.38
3/7/2004,8.87,0.39
3/8/2004,8.84,0.39
3/9/2004,8.63,0.39
3/10/2004,8.75,0.39
3/11/2004,8.91,0.4
3/12/2004,8.63,0.39
3/13/2004,5.97,0.27
3/14/2004,8.48,0.38
3/15/2004,47.1,1.11
3/16/2004,NA,NA
3/17/2004,NA,NA
3/18/2004,36.5,0.95
3/19/2004,NA,NA
3/20/2004,36.6,0.96
3/21/2004,36.8,0.96
3/22/2004,36.8,0.96
3/23/2004,36.8,0.96
3/24/2004,36.6,0.95
3/25/2004,36.5,0.95
3/26/2004,36.5,0.95
3/27/2004,36.6,0.95
3/28/2004,36.5,0.95
3/29/2004,36.6,0.95
3/30/2004,36.7,0.96
3/31/2004,41,1.02
4/1/2004,51.6,1.18
4/2/2004,51.7,1.19
4/3/2004,51.6,1.18
4/4/2004,51.3,1.18
4/5/2004,51.4,1.18
4/6/2004,51.4,1.18
4/7/2004,51.5,1.18
4/8/2004,51.8,1.19
4/9/2004,51.5,1.18
4/10/2004,51.4,1.18
4/11/2004,51.3,1.18
4/12/2004,51.6,1.18
4/13/2004,51.7,1.19
4/14/2004,51.9,1.19
4/15/2004,51.7,1.19
4/16/2004,51.7,1.19
4/17/2004,51.9,1.19
4/18/2004,51.8,1.19
4/19/2004,51.9,1.19
4/20/2004,51.7,1.19
4/21/2004,51.6,1.18
4/22/2004,51.7,1.19
4/23/2004,51.7,1.19
4/24/2004,51.2,1.18
4/25/2004,51.3,1.18
4/26/2004,51.3,1.18
4/27/2004,51.8,1.19
4/28/2004,51.4,1.18
4/29/2004,51.5,1.18
4/30/2004,49.6,1.15
5/1/2004,55.1,1.23
5/2/2004,55.1,1.23
5/3/2004,55.3,1.24
5/4/2004,NA,NA
5/5/2004,NA,NA
5/6/2004,NA,NA
5/7/2004,NA,NA
5/8/2004,NA,NA
5/9/2004,NA,NA
5/10/2004,49.1,1.14
5/11/2004,55.4,1.24
5/12/2004,55.4,1.24
5/13/2004,55.4,1.24
5/14/2004,55.4,1.24
5/15/2004,55.3,1.24
5/16/2004,55.3,1.24
5/17/2004,55.3,1.24
5/18/2004,55.4,1.24
5/19/2004,55.4,1.24
5/20/2004,55.3,1.24
5/21/2004,55.4,1.24
5/22/2004,55.4,1.24
5/23/2004,55.4,1.24
5/24/2004,55.4,1.24
5/25/2004,55.3,1.24
5/26/2004,55.2,1.23
5/27/2004,55.2,1.23
5/28/2004,55.2,1.23
5/29/2004,55.2,1.23
5/30/2004,55.1,1.23
5/31/2004,55.3,1.24
6/1/2004,55.9,1.24
6/2/2004,55.7,1.24
6/3/2004,55.5,1.24
6/4/2004,55.9,1.24
6/5/2004,56,1.25
6/6/2004,56.2,1.25
6/7/2004,56.2,1.25
6/8/2004,56.2,1.25
6/9/2004,57,1.26
6/10/2004,53,1.2
6/11/2004,55.8,1.24
6/12/2004,56,1.25
6/13/2004,56,1.25
6/14/2004,56,1.25
6/15/2004,55.7,1.24
6/16/2004,55.7,1.24
6/17/2004,55.9,1.24
6/18/2004,56,1.25
6/19/2004,55.9,1.24
6/20/2004,55.8,1.24
6/21/2004,55.6,1.24
6/22/2004,55.7,1.24
6/23/2004,55.8,1.24
6/24/2004,55.7,1.24
6/25/2004,55.9,1.24
6/26/2004,55.8,1.24
6/27/2004,55.9,1.24
6/28/2004,55.9,1.24
6/29/2004,55.7,1.24
6/30/2004,55.7,1.24
7/1/2004,55.3,1.24
7/2/2004,55.2,1.23
7/3/2004,55.3,1.24
7/4/2004,55.2,1.23
7/5/2004,55.2,1.23
7/6/2004,55.2,1.23
7/7/2004,55.3,1.24
7/8/2004,55.3,1.24
7/9/2004,55.3,1.24
7/10/2004,55.2,1.23
7/11/2004,55.3,1.24
7/12/2004,55.2,1.23
7/13/2004,55.2,1.23
7/14/2004,55.2,1.23
7/15/2004,55.1,1.23
7/16/2004,55.3,1.24
7/17/2004,55.3,1.24
7/18/2004,55.4,1.24
7/19/2004,54.9,1.23
7/20/2004,55.2,1.23
7/21/2004,55.3,1.24
7/22/2004,55.2,1.23
7/23/2004,55.4,1.24
7/24/2004,55.2,1.23
7/25/2004,55.2,1.24
7/26/2004,55.1,1.23
7/27/2004,55.2,1.23
7/28/2004,55.2,1.23
7/29/2004,55.2,1.23
7/30/2004,26.6,0.78
7/31/2004,24.3,0.74
8/1/2004,25.2,0.76
8/2/2004,25.3,0.76
8/3/2004,55.2,1.24
8/4/2004,55.4,1.24
8/5/2004,55.4,1.24
8/6/2004,55.5,1.24
8/7/2004,55.4,1.24
8/8/2004,55.2,1.23
8/9/2004,55.4,1.24
8/10/2004,55.5,1.24
8/11/2004,55.5,1.24
8/12/2004,55.1,1.23
8/13/2004,55.2,1.23
8/14/2004,52,1.18
8/15/2004,22.3,7.81
8/16/2004,55.3,1.24
8/17/2004,55.3,1.24
8/18/2004,51.6,1.17
8/19/2004,4.53,0.23
8/20/2004,43.4,1
8/21/2004,47.1,1.06
8/22/2004,NA,NA
8/23/2004,46.2,1.1
8/24/2004,55.3,1.24
8/25/2004,55.2,1.23
8/26/2004,55.1,1.23
8/27/2004,55.2,1.23
8/28/2004,55.2,1.23
8/29/2004,55.2,1.23
8/30/2004,55.2,1.23
8/31/2004,54.2,1.22
9/1/2004,50.1,1.16
9/2/2004,50.9,1.17
9/3/2004,50.6,1.17
9/4/2004,50.6,1.17
9/5/2004,50.5,1.17
9/6/2004,50.6,1.17
9/7/2004,50.5,1.17
9/8/2004,50.6,1.17
9/9/2004,50.6,1.17
9/10/2004,50.6,1.17
9/11/2004,50.5,1.17
9/12/2004,50.6,1.17
9/13/2004,50.4,1.17
9/14/2004,50.7,1.17
9/15/2004,50.2,1.16
9/16/2004,50.4,1.17
9/17/2004,50.4,1.17
9/18/2004,50.4,1.17
9/19/2004,50.4,1.17
9/20/2004,50.4,1.17
9/21/2004,50.6,1.17
9/22/2004,50.3,1.17
9/23/2004,50.4,1.17
9/24/2004,50.5,1.17
9/25/2004,50.6,1.17
9/26/2004,50.5,1.17
9/27/2004,50.5,1.17
9/28/2004,50.3,1.16
9/29/2004,50.5,1.17
9/30/2004,51.2,1.18
10/1/2004,53.2,1.21
10/2/2004,53.2,1.21
10/3/2004,53.2,1.21
10/4/2004,53.2,1.21
10/5/2004,53.3,1.21
10/6/2004,53.2,1.21
10/7/2004,53.1,1.21
10/8/2004,53.3,1.21
10/9/2004,53.1,1.21
10/10/2004,53.3,1.21
10/11/2004,53.1,1.21
10/12/2004,53,1.2
10/13/2004,52.7,1.2
10/14/2004,52.8,1.2
10/15/2004,52.7,1.2
10/16/2004,52.9,1.2
10/17/2004,52.9,1.2
10/18/2004,53,1.2
10/19/2004,53.2,1.21
10/20/2004,53.2,1.21
10/21/2004,53.3,1.21
10/22/2004,53.2,1.21
10/23/2004,53.4,1.21
10/24/2004,53.2,1.21
10/25/2004,53,1.2
10/26/2004,53.1,1.21
10/27/2004,53,1.2
10/28/2004,53,1.2
10/29/2004,53.4,1.21
10/30/2004,53.3,1.21
10/31/2004,45.3,1.08
11/1/2004,27.4,0.8
11/2/2004,25.5,0.76
11/3/2004,22.4,0.7
11/4/2004,22.4,0.7
11/5/2004,22.4,0.7
11/6/2004,22.2,0.7
11/7/2004,22.3,0.7
11/8/2004,22.3,0.7
11/9/2004,22.2,0.7
11/10/2004,22.2,0.7
11/11/2004,22,0.7
11/12/2004,22.1,0.7
11/13/2004,22.2,0.7
11/14/2004,22.1,0.7
11/15/2004,10,0.31
11/16/2004,0,0
11/17/2004,0,0
11/18/2004,0,0
11/19/2004,0,0
11/20/2004,0,0
11/21/2004,0,0
11/22/2004,0,0
11/23/2004,0,0
11/24/2004,0,0
11/25/2004,0,0
11/26/2004,0,0
11/27/2004,0,0
11/28/2004,0,0
11/29/2004,0,0
11/30/2004,0,0
12/1/2004,0,0
12/2/2004,0,0
12/3/2004,0,0
12/4/2004,0,0
12/5/2004,0,0
12/6/2004,0,0
12/7/2004,0,0
12/8/2004,0,0
12/9/2004,0,0
12/10/2004,0,0
12/11/2004,0,0
12/12/2004,0,0
12/13/2004,0,0
12/14/2004,0,0
12/15/2004,0,0
12/16/2004,0,0
12/17/2004,0,0
12/18/2004,0,0
12/19/2004,0,0
12/20/2004,0,0
12/21/2004,0,0
12/22/2004,0,0
12/23/2004,0,0
12/24/2004,0,0
12/25/2004,0,0
12/26/2004,0,0
12/27/2004,0,0
12/28/2004,0,0
12/29/2004,0,0
12/30/2004,0,0
12/31/2004,0,0
1/1/2005,0,0
1/2/2005,0,0
1/3/2005,0,0
1/4/2005,0,0
1/5/2005,0,0
1/6/2005,0,0
1/7/2005,0,0
1/8/2005,0,0
1/9/2005,0,0
1/10/2005,0,0
1/11/2005,0,0
1/12/2005,0,0
1/13/2005,0,0
1/14/2005,0,0
1/15/2005,0,0
1/16/2005,0,0
1/17/2005,0,0
1/18/2005,0,0
1/19/2005,0,0
1/20/2005,0,0
1/21/2005,0,0
1/22/2005,0,0
1/23/2005,0,0
1/24/2005,0,0
1/25/2005,0,0
1/26/2005,0,0
1/27/2005,0,0
1/28/2005,0,0
1/29/2005,0,0
1/30/2005,0,0
1/31/2005,0,0
2/1/2005,0,0
2/2/2005,0,0
2/3/2005,0,0
2/4/2005,0,0
2/5/2005,0,0
2/6/2005,0,0
2/7/2005,0,0
2/8/2005,0,0
2/9/2005,0,0
2/10/2005,0,0
2/11/2005,0,0
2/12/2005,0,0
2/13/2005,0,0
2/14/2005,0,0
2/15/2005,0,0
2/16/2005,0,0
2/17/2005,0,0
2/18/2005,0,0
2/19/2005,0,0
2/20/2005,3.91,0.15
2/21/2005,13.4,0.51
2/22/2005,15,0.55
2/23/2005,6.7,0.25
2/24/2005,4.56,0.19
2/25/2005,10.2,0.43
2/26/2005,10.2,0.43
2/27/2005,10.2,0.43
2/28/2005,10.2,0.43
3/1/2005,3.82,0.16
3/2/2005,0.495,0.04
3/3/2005,-49,-51.9
3/4/2005,9.62,0.41
3/5/2005,9.8,0.42
3/6/2005,9.78,0.42
3/7/2005,-126.7,-134.92
3/8/2005,9.9,0.42
3/9/2005,9.4,0.41
3/10/2005,8.46,0.38
3/11/2005,6.94,0.34
3/12/2005,9.19,0.4
3/13/2005,9.14,0.4
3/14/2005,12.4,0.48
3/15/2005,23.3,0.72
3/16/2005,23.2,0.72
3/17/2005,22.8,0.71
3/18/2005,22.5,0.71
3/19/2005,22.8,0.71
3/20/2005,22.8,0.71
3/21/2005,22.8,0.71
3/22/2005,22.8,0.71
3/23/2005,-94.5,-113.84
3/24/2005,22.9,0.71
3/25/2005,22.9,0.71
3/26/2005,22.8,0.71
3/27/2005,22.9,0.71
3/28/2005,24.1,0.74
3/29/2005,26.7,0.78
3/30/2005,27.8,0.8
3/31/2005,-65.5,-92.88
4/1/2005,-68.9,-103.17
4/2/2005,39,0.99
4/3/2005,29.1,0.83
4/4/2005,39.2,1
4/5/2005,39.1,1
4/6/2005,39.2,1
4/7/2005,-90.5,-124
4/8/2005,39.1,0.99
4/9/2005,39,0.99
4/10/2005,39.1,1
4/11/2005,28.4,-9.42
4/12/2005,39.1,1
4/13/2005,39.2,1
4/14/2005,39.1,1
4/15/2005,39.1,0.99
4/16/2005,39.1,1
4/17/2005,39.1,0.99
4/18/2005,42.4,1.05
4/19/2005,49,1.15
4/20/2005,49,1.15
4/21/2005,48.9,1.14
4/22/2005,48.9,1.14
4/23/2005,48.9,1.14
4/24/2005,49,1.15
4/25/2005,49,1.15
4/26/2005,49,1.15
4/27/2005,48.8,1.14
4/28/2005,49,1.15
4/29/2005,48.9,1.14
4/30/2005,49.5,1.15
5/1/2005,51,1.18
5/2/2005,51,1.18
5/3/2005,51.1,1.18
5/4/2005,-126.4,-165.56
5/5/2005,51,1.18
5/6/2005,50.9,1.17
5/7/2005,41.2,1.01
5/8/2005,51.1,1.18
5/9/2005,51.1,1.18
5/10/2005,51,1.17
5/11/2005,51.1,1.18
5/12/2005,51,1.18
5/13/2005,51,1.18
5/14/2005,51.1,1.18
5/15/2005,51.1,1.18
5/16/2005,51.1,1.18
5/17/2005,51,1.18
5/18/2005,51,1.17
5/19/2005,51.1,1.18
5/20/2005,51.1,1.18
5/21/2005,51,1.18
5/22/2005,51.1,1.18
5/23/2005,51.1,1.18
5/24/2005,51,1.18
5/25/2005,51,1.18
5/26/2005,50.9,1.17
5/27/2005,51.1,1.18
5/28/2005,51,1.18
5/29/2005,44.8,1.07
5/30/2005,25.2,0.76
5/31/2005,25.2,0.76
6/1/2005,25.2,0.76
6/2/2005,31,0.85
6/3/2005,51.6,1.18
6/4/2005,51.6,1.18
6/5/2005,51.6,1.18
6/6/2005,51.6,1.18
6/7/2005,51.6,1.18
6/8/2005,51.7,1.19
6/9/2005,51.7,1.19
6/10/2005,51.6,1.18
6/11/2005,51.7,1.19
6/12/2005,51.6,1.18
6/13/2005,51.6,1.18
6/14/2005,51.6,1.18
6/15/2005,51.6,1.18
6/16/2005,51.6,1.18
6/17/2005,51.6,1.18
6/18/2005,51.7,1.19
6/19/2005,51.6,1.18
6/20/2005,51.6,1.18
6/21/2005,51.6,1.18
6/22/2005,51.6,1.18
6/23/2005,51.6,1.18
6/24/2005,51.6,1.18
6/25/2005,51.6,1.18
6/26/2005,51.6,1.18
6/27/2005,51.6,1.18
6/28/2005,51.6,1.18
6/29/2005,51.7,1.19
6/30/2005,51.5,1.18
7/1/2005,51,1.17
7/2/2005,51.1,1.18
7/3/2005,51,1.18
7/4/2005,50.9,1.17
7/5/2005,51.1,1.18
7/6/2005,51.1,1.18
7/7/2005,51,1.18
7/8/2005,51,1.18
7/9/2005,51,1.17
7/10/2005,51,1.18
7/11/2005,50.9,1.17
7/12/2005,50.9,1.17
7/13/2005,50.9,1.17
7/14/2005,51,1.18
7/15/2005,51,1.17
7/16/2005,51.1,1.18
7/17/2005,50.9,1.17
7/18/2005,51,1.18
7/19/2005,51,1.18
7/20/2005,51,1.18
7/21/2005,51,1.17
7/22/2005,51,1.17
7/23/2005,51.1,1.18
7/24/2005,51,1.17
7/25/2005,51,1.17
7/26/2005,50.9,1.17
7/27/2005,51.1,1.18
7/28/2005,50.9,1.17
7/29/2005,44.6,1.07
7/30/2005,25,0.75
7/31/2005,25.1,0.75
8/1/2005,25,0.75
8/2/2005,30.6,0.85
8/3/2005,50.9,1.17
8/4/2005,50.9,1.17
8/5/2005,50.9,1.17
8/6/2005,51,1.18
8/7/2005,50.9,1.17
8/8/2005,50.9,1.17
8/9/2005,51,1.18
8/10/2005,50.9,1.17
8/11/2005,51.1,1.18
8/12/2005,51,1.17
8/13/2005,51,1.17
8/14/2005,51.1,1.18
8/15/2005,50.9,1.17
8/16/2005,50.9,1.17
8/17/2005,50.9,1.17
8/18/2005,50.9,1.17
8/19/2005,51,1.18
8/20/2005,51,1.17
8/21/2005,51,1.17
8/22/2005,51,1.17
8/23/2005,51,1.18
8/24/2005,51,1.18
8/25/2005,51,1.18
8/26/2005,50.8,1.17
8/27/2005,50.9,1.17
8/28/2005,50.9,1.17
8/29/2005,50.9,1.17
8/30/2005,51,1.17
8/31/2005,50.3,1.16
9/1/2005,48.7,1.14
9/2/2005,48.6,1.14
9/3/2005,48.6,1.14
9/4/2005,48.7,1.14
9/5/2005,48.7,1.14
9/6/2005,48.6,1.14
9/7/2005,48.7,1.14
9/8/2005,48.6,1.14
9/9/2005,48.6,1.14
9/10/2005,48.6,1.14
9/11/2005,48.6,1.14
9/12/2005,47.6,1.13
9/13/2005,44.1,1.07
9/14/2005,34.6,0.92
9/15/2005,43.7,1.07
9/16/2005,45,1.09
9/17/2005,39.9,1.01
9/18/2005,41.4,1.03
9/19/2005,40.8,1.02
9/20/2005,41.8,1.04
9/21/2005,42.7,1.05
9/22/2005,47,1.12
9/23/2005,48.6,1.14
9/24/2005,48.6,1.14
9/25/2005,48.1,1.13
9/26/2005,45.7,1.1
9/27/2005,46.3,1.11
9/28/2005,48.2,1.13
9/29/2005,48.6,1.14
9/30/2005,49.3,1.15
10/1/2005,51.3,1.18
10/2/2005,51.3,1.18
10/3/2005,51.3,1.18
10/4/2005,51.3,1.18
10/5/2005,50.3,1.16
10/6/2005,48.5,1.14
10/7/2005,49.9,1.16
10/8/2005,49.4,1.15
10/9/2005,51,1.18
10/10/2005,51.3,1.18
10/11/2005,51.3,1.18
10/12/2005,51.4,1.18
10/13/2005,51.3,1.18
10/14/2005,51.3,1.18
10/15/2005,51.3,1.18
10/16/2005,51.2,1.18
10/17/2005,51.3,1.18
10/18/2005,51,1.17
10/19/2005,50.4,1.17
10/20/2005,51.3,1.18
10/21/2005,51.3,1.18
10/22/2005,51.4,1.18
10/23/2005,51.3,1.18
10/24/2005,51.3,1.18
10/25/2005,51.3,1.18
10/26/2005,51.3,1.18
10/27/2005,51.3,1.18
10/28/2005,51.3,1.18
10/29/2005,51.3,1.18
10/30/2005,51.3,1.18
10/31/2005,43.7,1.06
11/1/2005,25,0.75
11/2/2005,25,0.75
11/3/2005,25,0.75
11/4/2005,22.1,0.69
11/5/2005,16.9,0.59
11/6/2005,16.9,0.59
11/7/2005,16.9,0.59
11/8/2005,16.9,0.59
11/9/2005,16.9,0.59
11/10/2005,17,0.59
11/11/2005,16.9,0.59
11/12/2005,17,0.59
11/13/2005,16.9,0.59
11/14/2005,16.1,0.57
11/15/2005,17,0.59
11/16/2005,16.7,0.59
11/17/2005,16.8,0.59
11/18/2005,17.1,0.59
11/19/2005,5.78,0.26
11/20/2005,1.12,0.09
11/21/2005,0,0
11/22/2005,0,0
11/23/2005,0,-0.01
11/24/2005,0,-0.01
11/25/2005,0,-0.01
11/26/2005,0,-0.01
11/27/2005,0,-0.01
11/28/2005,0,-0.01
11/29/2005,0,-0.01
11/30/2005,0,-0.01
12/1/2005,0,-0.01
12/2/2005,0,-0.01
12/3/2005,0,-0.01
12/4/2005,0,-0.01
12/5/2005,0,-0.01
12/6/2005,0,-0.01
12/7/2005,0,-0.01
12/8/2005,0,-0.01
12/9/2005,0,-0.02
12/10/2005,0,-0.02
12/11/2005,0,-0.02
12/12/2005,0,-0.02
12/13/2005,0,-0.02
12/14/2005,0,-0.02
12/15/2005,0,-0.02
12/16/2005,0,-0.02
12/17/2005,0,-0.02
12/18/2005,0,-0.02
12/19/2005,0,-0.02
12/20/2005,0,-0.02
12/21/2005,0,-0.02
12/22/2005,0,-0.02
12/23/2005,0,-0.02
12/24/2005,0,-0.02
12/25/2005,0,-0.02
12/26/2005,0,-0.02
12/27/2005,0,-0.02
12/28/2005,0,-0.02
12/29/2005,0,-0.02
12/30/2005,0,-0.02
12/31/2005,0,-0.02
1/1/2006,0,-0.02
1/2/2006,0,-0.02
1/3/2006,0,-0.02
1/4/2006,0,-0.02
1/5/2006,0,-0.02
1/6/2006,0,-0.03
1/7/2006,0,-0.03
1/8/2006,0,-0.03
1/9/2006,0,-0.03
1/10/2006,0,-0.03
1/11/2006,0,-0.03
1/12/2006,0,-0.03
1/13/2006,0,-0.03
1/14/2006,0,-0.03
1/15/2006,0,-0.03
1/16/2006,0,-0.03
1/17/2006,0,-0.03
1/18/2006,0,-0.03
1/19/2006,0,-0.03
1/20/2006,0,-0.03
1/21/2006,0,-0.03
1/22/2006,0,-0.03
1/23/2006,0,-0.03
1/24/2006,0,-0.03
1/25/2006,0,-0.03
1/26/2006,0,-0.03
1/27/2006,0,-0.03
1/28/2006,0,-0.03
1/29/2006,0,-0.03
1/30/2006,0,-0.03
1/31/2006,0,-0.03
2/1/2006,0,-0.03
2/2/2006,0,-0.04
2/3/2006,0,-0.04
2/4/2006,0,-0.04
2/5/2006,0,-0.04
2/6/2006,0,-0.04
2/7/2006,0,-0.04
2/8/2006,0,-0.04
2/9/2006,0,-0.04
2/10/2006,0,-0.04
2/11/2006,0,-0.04
2/12/2006,0,-0.04
2/13/2006,0,-0.04
2/14/2006,0,-0.04
2/15/2006,0,-0.05
2/16/2006,0,-0.05
2/17/2006,0,-0.05
2/18/2006,0,-0.05
2/19/2006,0,-0.05
2/20/2006,0,-0.06
2/21/2006,0,-0.05
2/22/2006,0,-0.05
2/23/2006,0,-0.06
2/24/2006,0,-0.06
2/25/2006,0,-0.06
2/26/2006,0,-0.06
2/27/2006,0,-0.06
2/28/2006,0,-0.06
3/1/2006,0,-0.06
3/2/2006,0,-0.06
3/3/2006,0,-0.06
3/4/2006,0,-0.06
3/5/2006,0,-0.06
3/6/2006,13.3,0.36
3/7/2006,27.9,0.81
3/8/2006,27.7,0.8
3/9/2006,25.6,0.76
3/10/2006,20,0.66
3/11/2006,20.2,0.66
3/12/2006,20,0.65
3/13/2006,19.9,0.65
3/14/2006,-146.3,-165.89
3/15/2006,33.1,0.9
3/16/2006,33,0.9
3/17/2006,32.9,0.89
3/18/2006,32.9,0.89
3/19/2006,33.1,0.9
3/20/2006,33.1,0.9
3/21/2006,33.1,0.9
3/22/2006,33.1,0.9
3/23/2006,33,0.89
3/24/2006,33,0.9
3/25/2006,33.1,0.9
3/26/2006,33,0.9
3/27/2006,33,0.9
3/28/2006,32.9,0.89
3/29/2006,33,0.9
3/30/2006,33.2,0.9
3/31/2006,25,1.02
4/1/2006,43.7,1.07
4/2/2006,45.6,1.09
4/3/2006,-103.3,-144.7
4/4/2006,-70.4,-113.44
4/5/2006,49.8,1.16
4/6/2006,49.6,1.15
4/7/2006,49.8,1.16
4/8/2006,49.5,1.15
4/9/2006,49.7,1.16
4/10/2006,49.7,1.16
4/11/2006,49.6,1.15
4/12/2006,49.7,1.16
4/13/2006,49.6,1.15
4/14/2006,49.2,1.15
4/15/2006,41.4,1.03
4/16/2006,33.8,0.91
4/17/2006,35.7,0.94
4/18/2006,47,1.12
4/19/2006,49.8,1.16
4/20/2006,48.8,1.14
4/21/2006,45.9,1.1
4/22/2006,49.7,1.16
4/23/2006,41.3,1.02
4/24/2006,-99.6,-134.4
4/25/2006,49.4,1.15
4/26/2006,41,1.02
4/27/2006,40.8,1.02
4/28/2006,47.3,1.12
4/29/2006,49.7,1.16
4/30/2006,50.2,1.16
5/1/2006,52,1.19
5/2/2006,52,1.19
5/3/2006,52,1.19
5/4/2006,52,1.19
5/5/2006,52,1.19
5/6/2006,52,1.19
5/7/2006,52,1.19
5/8/2006,52,1.19
5/9/2006,53.7,1.21
5/10/2006,55.9,1.24
5/11/2006,56,1.25
5/12/2006,56,1.25
5/13/2006,56.1,1.25
5/14/2006,55.8,1.24
5/15/2006,56.1,1.25
5/16/2006,56,1.25
5/17/2006,55.7,1.24
5/18/2006,56,1.25
5/19/2006,56,1.25
5/20/2006,56,1.25
5/21/2006,56.1,1.25
5/22/2006,56,1.25
5/23/2006,55.9,1.24
5/24/2006,56.1,1.25
5/25/2006,56.2,1.25
5/26/2006,55.9,1.24
5/27/2006,56,1.25
5/28/2006,56,1.25
5/29/2006,49.7,1.15
5/30/2006,30.1,0.84
5/31/2006,30.2,0.85
6/1/2006,30.1,0.85
6/2/2006,35.9,0.93
6/3/2006,56.7,1.26
6/4/2006,56.6,1.25
6/5/2006,56.6,1.25
6/6/2006,56.5,1.25
6/7/2006,56.7,1.26
6/8/2006,56.7,1.26
6/9/2006,56.6,1.25
6/10/2006,56.6,1.25
6/11/2006,56.7,1.26
6/12/2006,56.6,1.25
6/13/2006,56.6,1.25
6/14/2006,56.6,1.25
6/15/2006,56.7,1.26
6/16/2006,56.7,1.26
6/17/2006,56.6,1.25
6/18/2006,56.6,1.25
6/19/2006,56.6,1.25
6/20/2006,56.6,1.25
6/21/2006,56.6,1.25
6/22/2006,56.7,1.26
6/23/2006,56.6,1.25
6/24/2006,56.7,1.26
6/25/2006,56.7,1.26
6/26/2006,56.6,1.25
6/27/2006,56.6,1.25
6/28/2006,56.6,1.25
6/29/2006,56.6,1.25
6/30/2006,56.6,1.25
7/1/2006,56.3,1.25
7/2/2006,56.3,1.25
7/3/2006,56.3,1.25
7/4/2006,56.3,1.25
7/5/2006,56.3,1.25
7/6/2006,56.3,1.25
7/7/2006,56.3,1.25
7/8/2006,56.3,1.25
7/9/2006,56.3,1.25
7/10/2006,56.4,1.25
7/11/2006,56.4,1.25
7/12/2006,56.2,1.25
7/13/2006,56.3,1.25
7/14/2006,56.3,1.25
7/15/2006,56.3,1.25
7/16/2006,56.4,1.25
7/17/2006,56.3,1.25
7/18/2006,56.4,1.25
7/19/2006,56.4,1.25
7/20/2006,56.3,1.25
7/21/2006,56.3,1.25
7/22/2006,56.3,1.25
7/23/2006,56.4,1.25
7/24/2006,56.4,1.25
7/25/2006,56.3,1.25
7/26/2006,56.4,1.25
7/27/2006,56.3,1.25
7/28/2006,56.3,1.25
7/29/2006,49.8,1.15
7/30/2006,30,0.84
7/31/2006,27.1,0.79
8/1/2006,25.2,0.76
8/2/2006,32.7,0.87
8/3/2006,61.1,1.32
8/4/2006,61,1.31
8/5/2006,61.2,1.32
8/6/2006,61,1.31
8/7/2006,61.1,1.32
8/8/2006,61.3,1.32
8/9/2006,61.1,1.32
8/10/2006,61.2,1.32
8/11/2006,61,1.32
8/12/2006,60.9,1.31
8/13/2006,61,1.31
8/14/2006,61,1.32
8/15/2006,61,1.31
8/16/2006,61,1.31
8/17/2006,61.1,1.32
8/18/2006,61.1,1.32
8/19/2006,61.1,1.32
8/20/2006,61.1,1.32
8/21/2006,61,1.32
8/22/2006,61.1,1.32
8/23/2006,61,1.31
8/24/2006,61,1.32
8/25/2006,61.1,1.32
8/26/2006,61.4,1.32
8/27/2006,61.2,1.32
8/28/2006,61,1.31
8/29/2006,61,1.31
8/30/2006,61.1,1.32
8/31/2006,60.2,1.3
9/1/2006,57.7,1.27
9/2/2006,57.7,1.27
9/3/2006,57.8,1.27
9/4/2006,57.7,1.27
9/5/2006,57.7,1.27
9/6/2006,57.8,1.27
9/7/2006,57.7,1.27
9/8/2006,57.7,1.27
9/9/2006,57.7,1.27
9/10/2006,57.8,1.27
9/11/2006,57.6,1.27
9/12/2006,57.7,1.27
9/13/2006,57.7,1.27
9/14/2006,57.7,1.27
9/15/2006,57.8,1.27
9/16/2006,57.7,1.27
9/17/2006,57.7,1.27
9/18/2006,57.7,1.27
9/19/2006,57.7,1.27
9/20/2006,57.7,1.27
9/21/2006,57.7,1.27
9/22/2006,57.7,1.27
9/23/2006,57.6,1.27
9/24/2006,57.7,1.27
9/25/2006,57.7,1.27
9/26/2006,57.7,1.27
9/27/2006,57.7,1.27
9/28/2006,57.7,1.27
9/29/2006,57.7,1.27
9/30/2006,58.3,1.28
10/1/2006,59.9,1.3
10/2/2006,59.9,1.3
10/3/2006,60.1,1.3
10/4/2006,59.9,1.3
10/5/2006,59.9,1.3
10/6/2006,59.9,1.3
10/7/2006,59.9,1.3
10/8/2006,59.9,1.3
10/9/2006,59.9,1.3
10/10/2006,59.9,1.3
10/11/2006,59.9,1.3
10/12/2006,59.9,1.3
10/13/2006,59.9,1.3
10/14/2006,59.9,1.3
10/15/2006,59.5,1.29
10/16/2006,60,1.3
10/17/2006,59.9,1.3
10/18/2006,59.9,1.3
10/19/2006,59.9,1.3
10/20/2006,59.9,1.3
10/21/2006,59.8,1.3
10/22/2006,60,1.3
10/23/2006,59.9,1.3
10/24/2006,59.6,1.3
10/25/2006,54.7,1.23
10/26/2006,39.8,1
10/27/2006,26.1,0.77
10/28/2006,26.2,0.77
10/29/2006,26.2,0.77
10/30/2006,26.1,0.77
10/31/2006,19.5,0.61
11/1/2006,2.34,0.17
11/2/2006,11.2,0.41
11/3/2006,18.4,0.62
11/4/2006,15.1,0.55
11/5/2006,15.1,0.55
11/6/2006,15.1,0.55
11/7/2006,15.1,0.55
11/8/2006,15.2,0.55
11/9/2006,15.1,0.55
11/10/2006,15.2,0.55
11/11/2006,15.2,0.55
11/12/2006,15.1,0.55
11/13/2006,14.9,0.54
11/14/2006,NA,NA
11/15/2006,NA,NA
11/16/2006,NA,NA
11/17/2006,NA,NA
11/18/2006,NA,NA
11/19/2006,-859.4,-861.15
11/20/2006,-818.7,-810.08
11/21/2006,-790.8,-765.85
11/22/2006,-686.8,-686.82
11/23/2006,-509.9,-509.91
11/24/2006,-249.8,-250.18
11/25/2006,0,-0.01
11/26/2006,0,-0.01
11/27/2006,0,-0.01
11/28/2006,0,-0.01
11/29/2006,0,-0.01
11/30/2006,0,-0.01
12/1/2006,0,-0.01
12/2/2006,0,-0.01
12/3/2006,0,-0.01
12/4/2006,0,-0.01
12/5/2006,0,-0.01
12/6/2006,0,-0.01
12/7/2006,0,-0.01
12/8/2006,0,-0.01
12/9/2006,0,-0.01
12/10/2006,0,-0.01
12/11/2006,0,-0.01
12/12/2006,0,-0.01
12/13/2006,0,-0.01
12/14/2006,0,-0.01
12/15/2006,0,-0.01
12/16/2006,0,-0.01
12/17/2006,0,-0.01
12/18/2006,0,-0.01
12/19/2006,0,-0.01
12/20/2006,0,-0.02
12/21/2006,0,-0.02
12/22/2006,0,-0.02
12/23/2006,0,-0.02
12/24/2006,0,-0.02
12/25/2006,0,-0.02
12/26/2006,0,-0.02
12/27/2006,0,-0.02
12/28/2006,0,-0.02
12/29/2006,0,-0.02
12/30/2006,0,-0.02
12/31/2006,0,-0.02
1/1/2007,0,-0.02
1/2/2007,0,-0.02
1/3/2007,0,-0.02
1/4/2007,0,-0.02
1/5/2007,0,-0.02
1/6/2007,0,-0.02
1/7/2007,0,-0.02
1/8/2007,0,-0.02
1/9/2007,0,-0.02
1/10/2007,0,-0.02
1/11/2007,0,-0.02
1/12/2007,0,-0.02
1/13/2007,0,-0.02
1/14/2007,0,-0.02
1/15/2007,0,-0.02
1/16/2007,0,-0.01
1/17/2007,0,0
1/18/2007,0,0
1/19/2007,0.02,0.01
1/20/2007,0.059,0.02
1/21/2007,0.018,-0.01
1/22/2007,0,-0.04
1/23/2007,0,-0.04
1/24/2007,0,-0.04
1/25/2007,0,-0.04
1/26/2007,0,-0.04
1/27/2007,0,-0.04
1/28/2007,0,-0.04
1/29/2007,0,-0.04
1/30/2007,0,-0.04
1/31/2007,0,-0.04
2/1/2007,0,-0.04
2/2/2007,0,-0.05
2/3/2007,0,-0.05
2/4/2007,0,-0.05
2/5/2007,0,-0.05
2/6/2007,0,-0.05
2/7/2007,0,-0.05
2/8/2007,0,-0.05
2/9/2007,0,-0.05
2/10/2007,0,-0.05
2/11/2007,0,-0.05
2/12/2007,0,-0.05
2/13/2007,0,-0.05
2/14/2007,0,-0.05
2/15/2007,0,-0.05
2/16/2007,0,-0.05
2/17/2007,0,-0.05
2/18/2007,0,-0.05
2/19/2007,0,-0.05
2/20/2007,0,-0.05
2/21/2007,0,-0.05
2/22/2007,0,-0.05
2/23/2007,0,-0.05
2/24/2007,0,-0.05
2/25/2007,0,-0.05
2/26/2007,0,-0.05
2/27/2007,0,-0.05
2/28/2007,0,-0.05
3/1/2007,0,-0.05
3/2/2007,0,-0.05
3/3/2007,0,-0.05
3/4/2007,0,-0.05
3/5/2007,0,-0.05
3/6/2007,0,-0.05
3/7/2007,0,-0.05
3/8/2007,0,-0.05
3/9/2007,0,-0.05
3/10/2007,0,-0.05
3/11/2007,0,-0.05
3/12/2007,0,-0.05
3/13/2007,0,-0.05
3/14/2007,11.4,0.26
3/15/2007,38.3,0.98
3/16/2007,-47.4,-82.34
3/17/2007,37.8,0.98
3/18/2007,37.8,0.97
3/19/2007,-189,-217.77
3/20/2007,36,0.94
3/21/2007,32.9,0.89
3/22/2007,33,0.9
3/23/2007,33.3,0.9
3/24/2007,33.1,0.9
3/25/2007,33.1,0.9
3/26/2007,33.1,0.9
3/27/2007,33,0.9
3/28/2007,33.1,0.9
3/29/2007,-20.7,-51.18
3/30/2007,33,0.9
3/31/2007,35.5,0.93
4/1/2007,43.7,1.07
4/2/2007,43.5,1.06
4/3/2007,43.7,1.07
4/4/2007,43.5,1.06
4/5/2007,42.7,1.05
4/6/2007,43.6,1.06
4/7/2007,43.7,1.07
4/8/2007,43.7,1.07
4/9/2007,43.7,1.07
4/10/2007,43.7,1.07
4/11/2007,43.5,1.06
4/12/2007,43.6,1.07
4/13/2007,43.7,1.07
4/14/2007,43.6,1.06
4/15/2007,43.5,1.06
4/16/2007,43.6,1.06
4/17/2007,44.4,1.08
4/18/2007,43.5,1.06
4/19/2007,43.6,1.06
4/20/2007,43.6,1.07
4/21/2007,43.7,1.07
4/22/2007,43.6,1.06
4/23/2007,-32.4,-71.86
4/24/2007,43.6,1.06
4/25/2007,-32.3,-71.86
4/26/2007,43.1,1.06
4/27/2007,43.7,1.07
4/28/2007,43.5,1.06
4/29/2007,43.7,1.07
4/30/2007,44.3,1.07
5/1/2007,46.2,1.1
5/2/2007,46.3,1.11
5/3/2007,46.3,1.11
5/4/2007,46.2,1.1
5/5/2007,46.2,1.1
5/6/2007,46.3,1.11
5/7/2007,48,1.13
5/8/2007,51.1,1.18
5/9/2007,51,1.18
5/10/2007,51,1.18
5/11/2007,51.1,1.18
5/12/2007,51.1,1.18
5/13/2007,51.1,1.18
5/14/2007,51.1,1.18
5/15/2007,51,1.18
5/16/2007,50.9,1.17
5/17/2007,51,1.18
5/18/2007,51,1.18
5/19/2007,51,1.18
5/20/2007,51,1.17
5/21/2007,51.1,1.18
5/22/2007,51,1.18
5/23/2007,50.9,1.17
5/24/2007,50.9,1.17
5/25/2007,51,1.18
5/26/2007,51,1.18
5/27/2007,50.9,1.17
5/28/2007,51,1.18
5/29/2007,44.1,1.06
5/30/2007,20.9,0.67
5/31/2007,21,0.67
6/1/2007,20.9,0.67
6/2/2007,27,0.78
6/3/2007,56,1.24
6/4/2007,58.9,1.29
6/5/2007,58.9,1.29
6/6/2007,58.9,1.29
6/7/2007,58.9,1.29
6/8/2007,58.9,1.29
6/9/2007,58.8,1.28
6/10/2007,58.9,1.29
6/11/2007,58.9,1.29
6/12/2007,58.9,1.29
6/13/2007,59,1.29
6/14/2007,58.8,1.28
6/15/2007,58.9,1.29
6/16/2007,58.8,1.28
6/17/2007,58.9,1.29
6/18/2007,58.9,1.29
6/19/2007,58.9,1.29
6/20/2007,58.9,1.29
6/21/2007,58.9,1.29
6/22/2007,59,1.29
6/23/2007,58.8,1.28
6/24/2007,58.9,1.29
6/25/2007,58.9,1.29
6/26/2007,59.6,1.29
6/27/2007,28.6,0.75
6/28/2007,45.9,1.04
6/29/2007,58.9,1.29
6/30/2007,58.6,1.28
7/1/2007,58.1,1.28
7/2/2007,58.1,1.27
7/3/2007,58.1,1.27
7/4/2007,58,1.27
7/5/2007,58.1,1.27
7/6/2007,58,1.27
7/7/2007,58.1,1.28
7/8/2007,58.1,1.27
7/9/2007,-85.1,-134.18
7/10/2007,58.1,1.27
7/11/2007,58.1,1.27
7/12/2007,58.1,1.28
7/13/2007,58,1.27
7/14/2007,58.1,1.27
7/15/2007,58,1.27
7/16/2007,58.1,1.28
7/17/2007,58.1,1.27
7/18/2007,58,1.27
7/19/2007,57.8,1.27
7/20/2007,59.5,1.29
7/21/2007,58,1.27
7/22/2007,58,1.27
7/23/2007,57.9,1.27
7/24/2007,58.1,1.28
7/25/2007,58,1.27
7/26/2007,58,1.27
7/27/2007,58,1.27
7/28/2007,58.3,1.28
7/29/2007,49.3,1.13
7/30/2007,-0.16,-20.15
7/31/2007,21,0.68
8/1/2007,21,0.67
8/2/2007,29.3,0.81
8/3/2007,36.9,-19.55
8/4/2007,58.9,1.29
8/5/2007,58.9,1.29
8/6/2007,59,1.29
8/7/2007,59,1.29
8/8/2007,58.8,1.28
8/9/2007,58.9,1.29
8/10/2007,58.9,1.29
8/11/2007,58.9,1.29
8/12/2007,58.9,1.29
8/13/2007,59,1.29
8/14/2007,59,1.29
8/15/2007,58.8,1.29
8/16/2007,58.9,1.29
8/17/2007,58.9,1.29
8/18/2007,58.9,1.29
8/19/2007,58.8,1.29
8/20/2007,58.9,1.29
8/21/2007,58.9,1.29
8/22/2007,58.8,1.28
8/23/2007,58.9,1.29
8/24/2007,58.9,1.29
8/25/2007,58.8,1.29
8/26/2007,58.8,1.28
8/27/2007,58.9,1.29
8/28/2007,58.9,1.29
8/29/2007,58.8,1.28
8/30/2007,59.2,1.29
8/31/2007,58,1.27
9/1/2007,55.2,1.23
9/2/2007,55.3,1.24
9/3/2007,55.1,1.23
9/4/2007,55.2,1.24
9/5/2007,55.1,1.23
9/6/2007,55.2,1.23
9/7/2007,55.2,1.23
9/8/2007,55.1,1.23
9/9/2007,55.1,1.23
9/10/2007,55.2,1.23
9/11/2007,55.1,1.23
9/12/2007,55.2,1.23
9/13/2007,55.2,1.23
9/14/2007,55.2,1.23
9/15/2007,55.3,1.24
9/16/2007,55.2,1.23
9/17/2007,47.2,1.12
9/18/2007,50.6,1.17
9/19/2007,55.4,1.24
9/20/2007,55.2,1.23
9/21/2007,55.3,1.24
9/22/2007,54.4,1.22
9/23/2007,55.2,1.23
9/24/2007,55.3,1.24
9/25/2007,55.2,1.23
9/26/2007,55.2,1.23
9/27/2007,55.1,1.23
9/28/2007,55.3,1.24
9/29/2007,55.2,1.24
9/30/2007,55.7,1.24
10/1/2007,57.4,1.27
10/2/2007,57.4,1.27
10/3/2007,57.3,1.26
10/4/2007,57.4,1.27
10/5/2007,57.4,1.27
10/6/2007,57.5,1.27
10/7/2007,57.4,1.27
10/8/2007,57.3,1.26
10/9/2007,57.5,1.27
10/10/2007,57.4,1.27
10/11/2007,57.7,1.27
10/12/2007,57.3,1.26
10/13/2007,57.3,1.26
10/14/2007,57.4,1.27
10/15/2007,57.5,1.27
10/16/2007,57.2,1.26
10/17/2007,57.5,1.27
10/18/2007,57.5,1.27
10/19/2007,57.5,1.27
10/20/2007,57.5,1.27
10/21/2007,57.5,1.27
10/22/2007,57.4,1.27
10/23/2007,57.3,1.26
10/24/2007,57.4,1.27
10/25/2007,56.1,1.25
10/26/2007,57.4,1.27
10/27/2007,57.3,1.26
10/28/2007,57.5,1.27
10/29/2007,57.4,1.27
10/30/2007,57.4,1.27
10/31/2007,48.7,1.12
11/1/2007,21.1,0.68
11/2/2007,21,0.68
11/3/2007,21,0.67
11/4/2007,21.1,0.68
11/5/2007,21,0.67
11/6/2007,21,0.67
11/7/2007,21,0.68
11/8/2007,21,0.68
11/9/2007,21,0.68
11/10/2007,21,0.67
11/11/2007,21,0.67
11/12/2007,21,0.68
11/13/2007,20.9,0.67
11/14/2007,12.9,0.42
11/15/2007,0.012,0
11/16/2007,0,0
11/17/2007,0,0
11/18/2007,0,0
11/19/2007,0,0
11/20/2007,0,0
11/21/2007,0,-0.01
11/22/2007,0,-0.01
11/23/2007,0,-0.01
11/24/2007,0,-0.01
11/25/2007,0,-0.01
11/26/2007,0,-0.01
11/27/2007,0,-0.01
11/28/2007,0,-0.01
11/29/2007,0,-0.01
11/30/2007,0,-0.01
12/1/2007,0,-0.01
12/2/2007,0,-0.01
12/3/2007,0,-0.01
12/4/2007,0,-0.01
12/5/2007,0,-0.01
12/6/2007,0,-0.01
12/7/2007,0,-0.01
12/8/2007,0,-0.01
12/9/2007,0,-0.01
12/10/2007,0,-0.01
12/11/2007,0,-0.01
12/12/2007,0,-0.01
12/13/2007,0,-0.01
12/14/2007,0,-0.01
12/15/2007,0,-0.01
12/16/2007,0,-0.01
12/17/2007,0,-0.01
12/18/2007,0,-0.01
12/19/2007,0,-0.01
12/20/2007,0,-0.01
12/21/2007,0,-0.01
12/22/2007,0,-0.01
12/23/2007,0,-0.01
12/24/2007,0,-0.01
12/25/2007,0,-0.01
12/26/2007,0,-0.01
12/27/2007,0,-0.01
12/28/2007,0,-0.01
12/29/2007,0,-0.01
12/30/2007,0,-0.01
12/31/2007,0,-0.01
1/1/2008,0,-0.01
1/2/2008,0,-0.01
1/3/2008,0,-0.01
1/4/2008,0,-0.01
1/5/2008,0,-0.01
1/6/2008,0,-0.02
1/7/2008,0,-0.02
1/8/2008,0,-0.02
1/9/2008,0,-0.02
1/10/2008,0,-0.02
1/11/2008,0,-0.02
1/12/2008,0,-0.02
1/13/2008,0,-0.02
1/14/2008,0,-0.02
1/15/2008,0,-0.02
1/16/2008,0,-0.02
1/17/2008,0,-0.02
1/18/2008,0,-0.02
1/19/2008,0,-0.02
1/20/2008,0,-0.02
1/21/2008,0,-0.02
1/22/2008,0,-0.02
1/23/2008,0,-0.03
1/24/2008,0,-0.03
1/25/2008,0,-0.03
1/26/2008,0,-0.03
1/27/2008,0,-0.03
1/28/2008,0,-0.03
1/29/2008,0,-0.03
1/30/2008,0,-0.03
1/31/2008,0,-0.03
2/1/2008,0,-0.03
2/2/2008,0,-0.03
2/3/2008,0,-0.03
2/4/2008,0,-0.04
2/5/2008,0,-0.04
2/6/2008,0,-0.04
2/7/2008,0,-0.04
2/8/2008,0,-0.04
2/9/2008,0,-0.04
2/10/2008,0,-0.04
2/11/2008,0,-0.04
2/12/2008,0,-0.04
2/13/2008,0,-0.04
2/14/2008,0,-0.04
2/15/2008,0,-0.04
2/16/2008,0,-0.04
2/17/2008,0,-0.04
2/18/2008,0,-0.04
2/19/2008,0,-0.04
2/20/2008,0,-0.04
2/21/2008,0,-0.05
2/22/2008,0,-0.05
2/23/2008,0,-0.05
2/24/2008,0,-0.05
2/25/2008,0,-0.05
2/26/2008,0,-0.05
2/27/2008,0,-0.05
2/28/2008,0,-0.05
2/29/2008,0,-0.05
3/1/2008,0,-0.05
3/2/2008,0,-0.05
3/3/2008,0,-0.05
3/4/2008,0,-0.03
3/5/2008,0,0
3/6/2008,0,0
3/7/2008,0,0
3/8/2008,0,0
3/9/2008,3.75,0.13
3/10/2008,20.7,0.67
3/11/2008,19,0.63
3/12/2008,14.1,0.53
3/13/2008,-78.8,-93.14
3/14/2008,23.8,0.72
3/15/2008,42.2,1.04
3/16/2008,42.3,1.04
3/17/2008,-69.6,-103.18
3/18/2008,33.4,0.9
3/19/2008,26.8,0.79
3/20/2008,26.7,0.78
3/21/2008,26.8,0.79
3/22/2008,26.8,0.79
3/23/2008,26.8,0.79
3/24/2008,26.8,0.79
3/25/2008,26.8,0.79
3/26/2008,26.8,0.79
3/27/2008,26.8,0.79
3/28/2008,26.8,0.79
3/29/2008,26.8,0.79
3/30/2008,26.9,0.79
3/31/2008,35,0.92
4/1/2008,47.2,1.12
4/2/2008,42.9,1.05
4/3/2008,42.9,1.05
4/4/2008,43,1.06
4/5/2008,43.1,1.06
4/6/2008,42.9,1.05
4/7/2008,43,1.06
4/8/2008,42.9,1.05
4/9/2008,42.9,1.05
4/10/2008,42.9,1.05
4/11/2008,43,1.06
4/12/2008,42.9,1.05
4/13/2008,43,1.06
4/14/2008,42.9,1.05
4/15/2008,45,1.09
4/16/2008,47.9,1.13
4/17/2008,-126.6,12.98
4/18/2008,48,1.13
4/19/2008,47.9,1.13
4/20/2008,48,1.13
4/21/2008,50.2,1.16
4/22/2008,53.2,1.21
4/23/2008,53.2,1.21
4/24/2008,53.1,1.21
4/25/2008,53.1,1.21
4/26/2008,53.2,1.21
4/27/2008,53.2,1.21
4/28/2008,53.1,1.21
4/29/2008,53.1,1.21
4/30/2008,53.7,1.21
5/1/2008,55.6,1.24
5/2/2008,55.6,1.24
5/3/2008,55.6,1.24
5/4/2008,55.6,1.24
5/5/2008,55.6,1.24
5/6/2008,55.6,1.24
5/7/2008,52.7,1.2
5/8/2008,51.9,1.19
5/9/2008,55.6,1.24
5/10/2008,55.6,1.24
5/11/2008,55.6,1.24
5/12/2008,55.6,1.24
5/13/2008,55.6,1.24
5/14/2008,55.6,1.24
5/15/2008,55.6,1.24
5/16/2008,55.6,1.24
5/17/2008,55.6,1.24
5/18/2008,55.6,1.24
5/19/2008,55.6,1.24
5/20/2008,55.6,1.24
5/21/2008,55.7,1.24
5/22/2008,55.6,1.24
5/23/2008,55.6,1.24
5/24/2008,55.8,1.24
5/25/2008,56,1.25
5/26/2008,55.9,1.24
5/27/2008,55.8,1.24
5/28/2008,55.6,1.24
5/29/2008,46.2,1.08
5/30/2008,16.2,0.58
5/31/2008,16.3,0.58
6/1/2008,16.3,0.58
6/2/2008,16.3,0.58
6/3/2008,55.9,1.24
6/4/2008,56.7,1.26
6/5/2008,56.7,1.26
6/6/2008,56.7,1.26
6/7/2008,56.6,1.25
6/8/2008,56.6,1.26
6/9/2008,56.7,1.26
6/10/2008,56.8,1.26
6/11/2008,56.7,1.26
6/12/2008,56.7,1.26
6/13/2008,56.7,1.26
6/14/2008,56.8,1.26
6/15/2008,56.6,1.25
6/16/2008,56.6,1.26
6/17/2008,56.8,1.26
6/18/2008,56.8,1.26
6/19/2008,56.6,1.25
6/20/2008,56.6,1.25
6/21/2008,56.6,1.26
6/22/2008,56.7,1.26
6/23/2008,56.8,1.26
6/24/2008,56.6,1.25
6/25/2008,56.6,1.25
6/26/2008,56.7,1.26
6/27/2008,56.6,1.25
6/28/2008,56.6,1.25
6/29/2008,56.7,1.26
6/30/2008,56.4,1.25
7/1/2008,55.9,1.24
7/2/2008,56,1.25
7/3/2008,55.8,1.24
7/4/2008,55.9,1.24
7/5/2008,56,1.25
7/6/2008,55.9,1.24
7/7/2008,56,1.25
7/8/2008,55.9,1.24
7/9/2008,56,1.25
7/10/2008,55.8,1.24
7/11/2008,55.8,1.24
7/12/2008,55.8,1.24
7/13/2008,55.9,1.24
7/14/2008,55.8,1.24
7/15/2008,56.7,1.25
7/16/2008,55.9,1.24
7/17/2008,55.9,1.24
7/18/2008,55.9,1.24
7/19/2008,55.9,1.24
7/20/2008,55.8,1.24
7/21/2008,55.7,1.24
7/22/2008,55.9,1.24
7/23/2008,56,1.25
7/24/2008,55.8,1.24
7/25/2008,55.9,1.24
7/26/2008,55.8,1.24
7/27/2008,55.9,1.24
7/28/2008,55.8,1.24
7/29/2008,46.4,1.08
7/30/2008,16.2,0.57
7/31/2008,16.2,0.58
8/1/2008,16.3,0.58
8/2/2008,25,0.72
8/3/2008,55.9,1.24
8/4/2008,55.9,1.24
8/5/2008,55.9,1.24
8/6/2008,56,1.25
8/7/2008,56,1.25
8/8/2008,56,1.25
8/9/2008,56,1.25
8/10/2008,56,1.25
8/11/2008,55.9,1.24
8/12/2008,55.9,1.24
8/13/2008,55.9,1.24
8/14/2008,55.9,1.24
8/15/2008,56,1.25
8/16/2008,55.9,1.24
8/17/2008,55.9,1.24
8/18/2008,56,1.25
8/19/2008,55.8,1.24
8/20/2008,56,1.25
8/21/2008,55.8,1.24
8/22/2008,55.9,1.24
8/23/2008,56,1.25
8/24/2008,55.9,1.24
8/25/2008,55.9,1.24
8/26/2008,55.9,1.24
8/27/2008,55.9,1.24
8/28/2008,55.9,1.24
8/29/2008,56.1,1.25
8/30/2008,55.7,1.24
8/31/2008,55.1,1.23
9/1/2008,52.4,1.2
9/2/2008,52.3,1.19
9/3/2008,52.6,1.2
9/4/2008,52.5,1.2
9/5/2008,52.3,1.19
9/6/2008,52.4,1.2
9/7/2008,52.3,1.19
9/8/2008,52.4,1.2
9/9/2008,52.4,1.2
9/10/2008,52.4,1.2
9/11/2008,52.3,1.19
9/12/2008,52.4,1.2
9/13/2008,52.5,1.2
9/14/2008,52.4,1.2
9/15/2008,52.3,1.19
9/16/2008,52.4,1.2
9/17/2008,52.3,1.19
9/18/2008,52.3,1.19
9/19/2008,48.6,1.14
9/20/2008,33.9,0.91
9/21/2008,48.8,1.14
9/22/2008,52.4,1.2
9/23/2008,52.4,1.2
9/24/2008,52.4,1.2
9/25/2008,52.2,1.19
9/26/2008,52.1,1.19
9/27/2008,52.9,1.2
9/28/2008,54.1,1.22
9/29/2008,52.9,1.2
9/30/2008,53,1.2
10/1/2008,54.6,1.23
10/2/2008,54.4,1.22
10/3/2008,54.4,1.22
10/4/2008,54.4,1.22
10/5/2008,54.4,1.22
10/6/2008,54.6,1.23
10/7/2008,54.4,1.22
10/8/2008,54.4,1.22
10/9/2008,54.4,1.22
10/10/2008,54.5,1.22
10/11/2008,54.6,1.23
10/12/2008,54.5,1.22
10/13/2008,54.5,1.23
10/14/2008,54.4,1.22
10/15/2008,54.5,1.23
10/16/2008,54.5,1.22
10/17/2008,54.5,1.22
10/18/2008,54.4,1.22
10/19/2008,54.4,1.22
10/20/2008,54.5,1.23
10/21/2008,50.3,1.16
10/22/2008,43.6,1.06
10/23/2008,43.6,1.06
10/24/2008,43.6,1.06
10/25/2008,43.6,1.07
10/26/2008,43.5,1.06
10/27/2008,43.5,1.06
10/28/2008,43.5,1.06
10/29/2008,43.5,1.06
10/30/2008,43.6,1.06
10/31/2008,35,0.9
11/1/2008,6.26,0.32
11/2/2008,6.38,0.32
11/3/2008,6.24,0.32
11/4/2008,6.39,0.32
11/5/2008,6.28,0.32
11/6/2008,6.01,0.31
11/7/2008,6.43,0.32
11/8/2008,6.33,0.32
11/9/2008,6.32,0.32
11/10/2008,6.3,0.32
11/11/2008,6.41,0.32
11/12/2008,6.36,0.32
11/13/2008,5.85,0.3
11/14/2008,6.27,0.32
11/15/2008,2.36,0.12
11/16/2008,0,-0.01
11/17/2008,0,-0.01
11/18/2008,0,-0.02
11/19/2008,0,-0.02
11/20/2008,0,-0.02
11/21/2008,0,-0.03
11/22/2008,0,-0.03
11/23/2008,0,-0.04
11/24/2008,0,-0.04
11/25/2008,0,-0.05
11/26/2008,0,-0.05
11/27/2008,0,-0.05
11/28/2008,0,-0.06
11/29/2008,0,-0.06
11/30/2008,0,-0.06
12/1/2008,0,-0.07
12/2/2008,0,-0.07
12/3/2008,0,-0.07
12/4/2008,0,-0.08
12/5/2008,0,-0.08
12/6/2008,0,-0.08
12/7/2008,0,-0.09
12/8/2008,0,-0.09
12/9/2008,0,-0.09
12/10/2008,0,-0.1
12/11/2008,0,-0.1
12/12/2008,0,-0.1
12/13/2008,0,-0.1
12/14/2008,0,-0.11
12/15/2008,0,-0.11
12/16/2008,0,-0.12
12/17/2008,0,-0.12
12/18/2008,0,-0.12
12/19/2008,0,-0.13
12/20/2008,0,-0.13
12/21/2008,0,-0.13
12/22/2008,0,-0.14
12/23/2008,0,-0.14
12/24/2008,0,-0.14
12/25/2008,0,-0.14
12/26/2008,0,-0.14
12/27/2008,0,-0.14
12/28/2008,0,-0.14
12/29/2008,0,-0.14
12/30/2008,0,-0.14
12/31/2008,0,-0.14
1/1/2009,0,-0.14
1/2/2009,0,-0.14
1/3/2009,0,-0.14
1/4/2009,0,-0.14
1/5/2009,0,-0.14
1/6/2009,0,-0.14
1/7/2009,0,-0.14
1/8/2009,0,-0.14
1/9/2009,0,-0.14
1/10/2009,0,-0.15
1/11/2009,0,-0.15
1/12/2009,0,-0.15
1/13/2009,0,-0.15
1/14/2009,0,-0.15
1/15/2009,0,-0.15
1/16/2009,0,-0.15
1/17/2009,0,-0.15
1/18/2009,0,-0.15
1/19/2009,0,-0.15
1/20/2009,0,-0.15
1/21/2009,0,-0.15
1/22/2009,0,-0.15
1/23/2009,0,-0.15
1/24/2009,0,-0.15
1/25/2009,0,-0.15
1/26/2009,0,-0.15
1/27/2009,0,-0.15
1/28/2009,0,-0.15
1/29/2009,0,-0.15
1/30/2009,0,-0.15
1/31/2009,0,-0.15
2/1/2009,0,-0.15
2/2/2009,0,-0.15
2/3/2009,0,-0.15
2/4/2009,0,-0.15
2/5/2009,0,-0.15
2/6/2009,0,-0.15
2/7/2009,0,-0.15
2/8/2009,0,-0.15
2/9/2009,0,-0.15
2/10/2009,0,-0.15
2/11/2009,0,-0.15
2/12/2009,0,-0.15
2/13/2009,0,-0.15
2/14/2009,0,-0.15
2/15/2009,0,-0.15
2/16/2009,0,-0.15
2/17/2009,0,-0.15
2/18/2009,0,-0.15
2/19/2009,0,-0.15
2/20/2009,0,-0.15
2/21/2009,0,-0.15
2/22/2009,0,-0.15
2/23/2009,0,-0.15
2/24/2009,0,-0.15
2/25/2009,0,-0.15
2/26/2009,0,-0.15
2/27/2009,0,-0.15
2/28/2009,0,-0.15
3/1/2009,0,-0.15
3/2/2009,0,-0.15
3/3/2009,0,-0.15
3/4/2009,0,-0.15
3/5/2009,0,-0.15
3/6/2009,0,-0.15
3/7/2009,0,-0.15
3/8/2009,0,-0.15
3/9/2009,0,-0.15
3/10/2009,0,-0.15
3/11/2009,0,-0.15
3/12/2009,7.58,0.24
3/13/2009,11.8,0.47
3/14/2009,16.8,0.57
3/15/2009,34.5,0.92
3/16/2009,35.9,0.94
3/17/2009,35.9,0.94
3/18/2009,35.9,0.94
3/19/2009,35.9,0.94
3/20/2009,35.9,0.94
3/21/2009,36,0.94
3/22/2009,35.9,0.94
3/23/2009,36,0.94
3/24/2009,36,0.95
3/25/2009,36,0.95
3/26/2009,36,0.95
3/27/2009,11.3,0.33
3/28/2009,14.4,0.42
3/29/2009,32.6,0.89
3/30/2009,36.1,0.95
3/31/2009,37.2,0.96
4/1/2009,35.8,0.94
4/2/2009,43.3,1.05
4/3/2009,48.9,1.14
4/4/2009,48.3,1.13
4/5/2009,50.3,1.17
4/6/2009,50.2,1.16
4/7/2009,50.2,1.16
4/8/2009,50.2,1.16
4/9/2009,50.3,1.16
4/10/2009,50.3,1.17
4/11/2009,50.3,1.16
4/12/2009,46.5,1.11
4/13/2009,50.4,1.17
4/14/2009,50.3,1.16
4/15/2009,50.3,1.16
4/16/2009,50.2,1.16
4/17/2009,50.2,1.16
4/18/2009,50.2,1.16
4/19/2009,50.4,1.17
4/20/2009,50.2,1.16
4/21/2009,50.3,1.16
4/22/2009,50.1,1.16
4/23/2009,50.3,1.16
4/24/2009,50.2,1.16
4/25/2009,50.3,1.16
4/26/2009,50.3,1.16
4/27/2009,49.3,1.15
4/28/2009,49.6,1.15
4/29/2009,50.4,1.17
4/30/2009,51.1,1.18
5/1/2009,53.1,1.21
5/2/2009,53,1.2
5/3/2009,53.2,1.21
5/4/2009,53.1,1.21
5/5/2009,53.1,1.21
5/6/2009,53,1.2
5/7/2009,53,1.2
5/8/2009,53.1,1.21
5/9/2009,53,1.2
5/10/2009,53,1.2
5/11/2009,53.1,1.21
5/12/2009,53.1,1.21
5/13/2009,53,1.2
5/14/2009,53.1,1.21
5/15/2009,53.1,1.21
5/16/2009,53.1,1.21
5/17/2009,53.1,1.21
5/18/2009,53,1.2
5/19/2009,53,1.2
5/20/2009,53.1,1.21
5/21/2009,53.3,1.21
5/22/2009,52.9,1.2
5/23/2009,53,1.2
5/24/2009,53,1.2
5/25/2009,53,1.2
5/26/2009,53,1.2
5/27/2009,53,1.2
5/28/2009,52.9,1.2
5/29/2009,43.1,1.03
5/30/2009,11.8,0.47
5/31/2009,11.8,0.47
6/1/2009,11.9,0.47
6/2/2009,19.5,0.61
6/3/2009,54.4,1.22
6/4/2009,54.4,1.22
6/5/2009,54.5,1.23
6/6/2009,54.4,1.22
6/7/2009,54.3,1.22
6/8/2009,54.5,1.22
6/9/2009,54.3,1.22
6/10/2009,54.5,1.22
6/11/2009,54.4,1.22
6/12/2009,54.6,1.23
6/13/2009,54.5,1.22
6/14/2009,54.5,1.22
6/15/2009,54.4,1.22
6/16/2009,54.4,1.22
6/17/2009,54.6,1.23
6/18/2009,54.4,1.22
6/19/2009,54.4,1.22
6/20/2009,54.4,1.22
6/21/2009,54.4,1.22
6/22/2009,54.4,1.22
6/23/2009,54.4,1.22
6/24/2009,54.4,1.22
6/25/2009,54.4,1.22
6/26/2009,54.4,1.22
6/27/2009,54.4,1.22
6/28/2009,54.5,1.22
6/29/2009,54.4,1.22
6/30/2009,54.3,1.22
7/1/2009,53.4,1.21
7/2/2009,53.4,1.21
7/3/2009,53.4,1.21
7/4/2009,53.4,1.21
7/5/2009,53.4,1.21
7/6/2009,53.4,1.21
7/7/2009,53.4,1.21
7/8/2009,53.4,1.21
7/9/2009,53.4,1.21
7/10/2009,53.4,1.21
7/11/2009,53.4,1.21
7/12/2009,53.4,1.21
7/13/2009,53.4,1.21
7/14/2009,52.9,1.2
7/15/2009,53.4,1.21
7/16/2009,53.4,1.21
7/17/2009,53.4,1.21
7/18/2009,53.5,1.21
7/19/2009,53.5,1.21
7/20/2009,53.4,1.21
7/21/2009,53.4,1.21
7/22/2009,53.5,1.21
7/23/2009,53.4,1.21
7/24/2009,53.3,1.21
7/25/2009,53.4,1.21
7/26/2009,53.4,1.21
7/27/2009,53.4,1.21
7/28/2009,53.4,1.21
7/29/2009,43.4,1.03
7/30/2009,11.9,0.47
7/31/2009,11.8,0.47
8/1/2009,11.8,0.47
8/2/2009,21.5,0.64
8/3/2009,53.4,1.21
8/4/2009,53.4,1.21
8/5/2009,53.4,1.21
8/6/2009,53.4,1.21
8/7/2009,53.4,1.21
8/8/2009,53.4,1.21
8/9/2009,53.4,1.21
8/10/2009,53.4,1.21
8/11/2009,51.6,1.18
8/12/2009,53.4,1.21
8/13/2009,53.4,1.21
8/14/2009,53.4,1.21
8/15/2009,53.4,1.21
8/16/2009,53.4,1.21
8/17/2009,53.4,1.21
8/18/2009,53.4,1.21
8/19/2009,53.4,1.21
8/20/2009,53.4,1.21
8/21/2009,53.4,1.21
8/22/2009,53.4,1.21
8/23/2009,53.4,1.21
8/24/2009,53.4,1.21
8/25/2009,53.4,1.21
8/26/2009,53.4,1.21
8/27/2009,53.5,1.21
8/28/2009,53.4,1.21
8/29/2009,53.5,1.21
8/30/2009,53.5,1.21
8/31/2009,52.5,1.2
9/1/2009,49.6,1.15
9/2/2009,49.6,1.15
9/3/2009,49.5,1.15
9/4/2009,49.8,1.16
9/5/2009,49.5,1.15
9/6/2009,49.6,1.15
9/7/2009,49.8,1.16
9/8/2009,49.6,1.16
9/9/2009,49.5,1.15
9/10/2009,49.5,1.15
9/11/2009,49.6,1.15
9/12/2009,49.6,1.15
9/13/2009,49.5,1.15
9/14/2009,48.9,1.14
9/15/2009,49.6,1.15
9/16/2009,48.5,1.14
9/17/2009,48.5,1.14
9/18/2009,49.7,1.16
9/19/2009,49.5,1.15
9/20/2009,42.5,1.04
9/21/2009,42,1.04
9/22/2009,47.5,1.11
9/23/2009,49.6,1.15
9/24/2009,49.6,1.15
9/25/2009,49.5,1.15
9/26/2009,49.5,1.15
9/27/2009,49.6,1.15
9/28/2009,49.5,1.15
9/29/2009,49.6,1.16
9/30/2009,50.1,1.16
10/1/2009,51,1.17
10/2/2009,48.3,1.13
10/3/2009,51.7,1.19
10/4/2009,51.6,1.18
10/5/2009,51.6,1.18
10/6/2009,51.8,1.19
10/7/2009,51.7,1.19
10/8/2009,51.7,1.19
10/9/2009,51.6,1.18
10/10/2009,51.7,1.19
10/11/2009,51.7,1.19
10/12/2009,51.7,1.19
10/13/2009,51.8,1.19
10/14/2009,51.7,1.19
10/15/2009,51.6,1.18
10/16/2009,51.6,1.18
10/17/2009,51.8,1.19
10/18/2009,51.8,1.19
10/19/2009,51.8,1.19
10/20/2009,51.9,1.19
10/21/2009,51.7,1.19
10/22/2009,51.6,1.18
10/23/2009,51.6,1.18
10/24/2009,51.6,1.18
10/25/2009,51.7,1.19
10/26/2009,51.6,1.18
10/27/2009,51.8,1.19
10/28/2009,51.8,1.19
10/29/2009,51.6,1.18
10/30/2009,51.7,1.19
10/31/2009,42.3,1.02
11/1/2009,11.9,0.47
11/2/2009,9.56,0.41
11/3/2009,6.24,0.32
11/4/2009,6.25,0.32
11/5/2009,6.25,0.32
11/6/2009,6.21,0.32
11/7/2009,6.24,0.32
11/8/2009,6.27,0.32
11/9/2009,6.26,0.32
11/10/2009,6.34,0.32
11/11/2009,6.19,0.31
11/12/2009,4.07,0.21
11/13/2009,0,-0.01
11/14/2009,0,-0.01
11/15/2009,0,-0.02
11/16/2009,0,-0.02
11/17/2009,0,-0.03
11/18/2009,0,-0.03
11/19/2009,0,-0.03
11/20/2009,0,-0.04
11/21/2009,0,-0.04
11/22/2009,0,-0.04
11/23/2009,0,-0.04
11/24/2009,0,-0.05
11/25/2009,0,-0.05
11/26/2009,0,-0.06
11/27/2009,0,-0.06
11/28/2009,0,-0.06
11/29/2009,0,-0.07
11/30/2009,0,-0.07
12/1/2009,0,-0.07
12/2/2009,0,-0.08
12/3/2009,0,-0.08
12/4/2009,0,-0.08
12/5/2009,0,-0.09
12/6/2009,0,-0.09
12/7/2009,0,-0.09
12/8/2009,0,-0.1
12/9/2009,0,-0.1
12/10/2009,0,-0.1
12/11/2009,0,-0.1
12/12/2009,0,-0.1
12/13/2009,0,-0.1
12/14/2009,0,-0.11
12/15/2009,0,-0.11
12/16/2009,0,-0.11
12/17/2009,0,-0.11
12/18/2009,0,-0.11
12/19/2009,0,-0.11
12/20/2009,0,-0.11
12/21/2009,0,-0.11
12/22/2009,0,-0.11
12/23/2009,0,-0.11
12/24/2009,0,-0.11
12/25/2009,0,-0.12
12/26/2009,0,-0.12
12/27/2009,0,-0.12
12/28/2009,0,-0.12
12/29/2009,0,-0.12
12/30/2009,0,-0.12
12/31/2009,0,-0.12
1/1/2010,0,-0.12
1/2/2010,0,-0.12
1/3/2010,0,-0.12
1/4/2010,0,-0.12
1/5/2010,0,-0.12
1/6/2010,0,-0.12
1/7/2010,0,-0.12
1/8/2010,0,-0.12
1/9/2010,0,-0.12
1/10/2010,0,-0.12
1/11/2010,0,-0.12
1/12/2010,0,-0.12
1/13/2010,0,-0.12
1/14/2010,0,-0.12
1/15/2010,0,-0.12
1/16/2010,0,-0.13
1/17/2010,0,-0.13
1/18/2010,0,-0.13
1/19/2010,0,-0.13
1/20/2010,0,-0.13
1/21/2010,0,-0.13
1/22/2010,0,-0.13
1/23/2010,0,-0.13
1/24/2010,0,-0.13
1/25/2010,0,-0.13
1/26/2010,0,-0.13
1/27/2010,0,-0.13
1/28/2010,0,-0.13
1/29/2010,0,-0.13
1/30/2010,0,-0.13
1/31/2010,0,-0.13
2/1/2010,0,-0.13
2/2/2010,0,-0.13
2/3/2010,0,-0.13
2/4/2010,0,-0.13
2/5/2010,0,-0.13
2/6/2010,0,-0.13
2/7/2010,0,-0.13
2/8/2010,0,-0.13
2/9/2010,0,-0.13
2/10/2010,0,-0.13
2/11/2010,0,-0.13
2/12/2010,0,-0.13
2/13/2010,0,-0.13
2/14/2010,0,-0.13
2/15/2010,0,-0.13
2/16/2010,0,-0.13
2/17/2010,0,-0.13
2/18/2010,0,-0.13
2/19/2010,0,-0.13
2/20/2010,0,-0.13
2/21/2010,0,-0.13
2/22/2010,0,-0.13
2/23/2010,0,-0.13
2/24/2010,0,-0.13
2/25/2010,0,-0.13
2/26/2010,0,-0.13
2/27/2010,0,-0.13
2/28/2010,0,-0.13
3/1/2010,0,-0.13
3/2/2010,0,-0.13
3/3/2010,0,-0.14
3/4/2010,0,-0.14
3/5/2010,0,-0.14
3/6/2010,0,-0.14
3/7/2010,0,-0.14
3/8/2010,0,-0.14
3/9/2010,0,-0.14
3/10/2010,0,-0.14
3/11/2010,0,-0.14
3/12/2010,0,-0.14
3/13/2010,0,-0.14
3/14/2010,12,0.24
3/15/2010,33.4,0.9
3/16/2010,33.7,0.91
3/17/2010,33.6,0.9
3/18/2010,33.6,0.9
3/19/2010,33.5,0.9
3/20/2010,33.7,0.91
3/21/2010,33.4,0.9
3/22/2010,33.4,0.9
3/23/2010,33.4,0.9
3/24/2010,33.5,0.9
3/25/2010,33.5,0.9
3/26/2010,33.5,0.9
3/27/2010,33.6,0.9
3/28/2010,33.6,0.9
3/29/2010,33.7,0.91
3/30/2010,33.6,0.91
3/31/2010,36.9,0.96
4/1/2010,48.2,1.13
4/2/2010,48.4,1.14
4/3/2010,48.1,1.13
4/4/2010,48.2,1.13
4/5/2010,48.3,1.14
4/6/2010,48.1,1.13
4/7/2010,48.1,1.13
4/8/2010,48.2,1.13
4/9/2010,48.2,1.13
4/10/2010,48.3,1.14
4/11/2010,48.2,1.13
4/12/2010,48.3,1.14
4/13/2010,48.2,1.13
4/14/2010,48.3,1.14
4/15/2010,48.7,1.14
4/16/2010,45,1.07
4/17/2010,48.3,1.14
4/18/2010,48.2,1.13
4/19/2010,48.1,1.13
4/20/2010,48.2,1.13
4/21/2010,48.3,1.14
4/22/2010,48.3,1.14
4/23/2010,48.3,1.14
4/24/2010,48.3,1.14
4/25/2010,48.2,1.13
4/26/2010,48.2,1.13
4/27/2010,48,1.13
4/28/2010,48.1,1.13
4/29/2010,48.2,1.13
4/30/2010,48.9,1.14
5/1/2010,51,1.18
5/2/2010,51,1.17
5/3/2010,50.6,1.17
5/4/2010,50.9,1.17
5/5/2010,51,1.18
5/6/2010,50.9,1.17
5/7/2010,50.9,1.17
5/8/2010,51.1,1.18
5/9/2010,51,1.18
5/10/2010,50.9,1.17
5/11/2010,50.9,1.17
5/12/2010,51,1.17
5/13/2010,51,1.18
5/14/2010,51.1,1.18
5/15/2010,51,1.18
5/16/2010,51,1.18
5/17/2010,50.7,1.17
5/18/2010,51.1,1.18
5/19/2010,51,1.18
5/20/2010,51,1.18
5/21/2010,51,1.18
5/22/2010,51,1.18
5/23/2010,51,1.17
5/24/2010,51,1.17
5/25/2010,50.9,1.17
5/26/2010,50.9,1.17
5/27/2010,51,1.17
5/28/2010,51,1.17
5/29/2010,40.7,0.98
5/30/2010,8.37,0.38
5/31/2010,8.43,0.38
6/1/2010,8.4,0.38
6/2/2010,17.8,0.56
6/3/2010,52.3,1.19
6/4/2010,52.3,1.19
6/5/2010,52.4,1.2
6/6/2010,52.3,1.19
6/7/2010,52.4,1.2
6/8/2010,52.1,1.19
6/9/2010,52.3,1.19
6/10/2010,52.3,1.19
6/11/2010,51.1,1.17
6/12/2010,52.4,1.2
6/13/2010,52.3,1.19
6/14/2010,52.4,1.2
6/15/2010,52.2,1.19
6/16/2010,52.3,1.19
6/17/2010,52.3,1.19
6/18/2010,52.3,1.19
6/19/2010,52.4,1.2
6/20/2010,52.3,1.19
6/21/2010,52.4,1.2
6/22/2010,52.3,1.19
6/23/2010,52.3,1.19
6/24/2010,52.4,1.2
6/25/2010,52.2,1.19
6/26/2010,52.4,1.2
6/27/2010,52.4,1.2
6/28/2010,52.2,1.19
6/29/2010,52.3,1.19
6/30/2010,52.3,1.19
7/1/2010,51.7,1.19
7/2/2010,51.8,1.19
7/3/2010,51.8,1.19
7/4/2010,51.7,1.19
7/5/2010,51.8,1.19
7/6/2010,51.8,1.19
7/7/2010,51.7,1.19
7/8/2010,51.9,1.19
7/9/2010,51.7,1.19
7/10/2010,51.7,1.19
7/11/2010,51.7,1.19
7/12/2010,51.6,1.18
7/13/2010,51.5,1.18
7/14/2010,51.4,1.18
7/15/2010,51.6,1.18
7/16/2010,51.7,1.19
7/17/2010,51.6,1.18
7/18/2010,51.6,1.18
7/19/2010,51.6,1.18
7/20/2010,51.6,1.18
7/21/2010,51.6,1.18
7/22/2010,51.6,1.18
7/23/2010,51.6,1.18
7/24/2010,51.6,1.18
7/25/2010,51.7,1.19
7/26/2010,51.7,1.19
7/27/2010,51.5,1.18
7/28/2010,51.5,1.18
7/29/2010,41.2,0.99
7/30/2010,8.37,0.38
7/31/2010,8.41,0.38
8/1/2010,8.44,0.38
8/2/2010,16.4,0.53
8/3/2010,52.3,1.19
8/4/2010,52.2,1.19
8/5/2010,51.4,1.18
8/6/2010,51.6,1.18
8/7/2010,51.5,1.18
8/8/2010,51.5,1.18
8/9/2010,51.6,1.18
8/10/2010,51.7,1.19
8/11/2010,51.6,1.18
8/12/2010,51.7,1.19
8/13/2010,51.7,1.19
8/14/2010,51.7,1.19
8/15/2010,51.5,1.18
8/16/2010,51.6,1.18
8/17/2010,51.6,1.18
8/18/2010,51.5,1.18
8/19/2010,51.7,1.19
8/20/2010,51.7,1.19
8/21/2010,51.6,1.18
8/22/2010,51.6,1.18
8/23/2010,51.6,1.18
8/24/2010,51.6,1.18
8/25/2010,51.7,1.19
8/26/2010,51.6,1.18
8/27/2010,51.1,1.18
8/28/2010,51,1.18
8/29/2010,51.6,1.18
8/30/2010,51.1,1.18
8/31/2010,50.3,1.17
9/1/2010,47.6,1.12
9/2/2010,47.6,1.12
9/3/2010,47.5,1.12
9/4/2010,47.6,1.13
9/5/2010,47.4,1.12
9/6/2010,46.1,1.1
9/7/2010,46.8,1.11
9/8/2010,47.6,1.13
9/9/2010,47.6,1.12
9/10/2010,47.5,1.12
9/11/2010,47.5,1.12
9/12/2010,47.5,1.12
9/13/2010,47.6,1.13
9/14/2010,47.1,1.12
9/15/2010,47.2,1.12
9/16/2010,47.7,1.13
9/17/2010,47.5,1.12
9/18/2010,47.6,1.12
9/19/2010,47.6,1.13
9/20/2010,47.6,1.12
9/21/2010,47.6,1.12
9/22/2010,47.6,1.12
9/23/2010,47.5,1.12
9/24/2010,47.6,1.13
9/25/2010,47.5,1.12
9/26/2010,47.6,1.12
9/27/2010,47.5,1.12
9/28/2010,47.7,1.13
9/29/2010,47.6,1.13
9/30/2010,47.9,1.13
10/1/2010,49.5,1.15
10/2/2010,49.6,1.15
10/3/2010,49.5,1.15
10/4/2010,49.5,1.15
10/5/2010,49.7,1.16
10/6/2010,49.6,1.15
10/7/2010,49.5,1.15
10/8/2010,48.2,1.13
10/9/2010,49.6,1.15
10/10/2010,49.7,1.16
10/11/2010,49.5,1.15
10/12/2010,49.7,1.16
10/13/2010,49.4,1.15
10/14/2010,49.6,1.15
10/15/2010,49.6,1.16
10/16/2010,49.8,1.16
10/17/2010,49.6,1.15
10/18/2010,49.6,1.15
10/19/2010,49.7,1.16
10/20/2010,49.9,1.16
10/21/2010,49.4,1.15
10/22/2010,49.7,1.16
10/23/2010,49.8,1.16
10/24/2010,49.9,1.16
10/25/2010,49.4,1.15
10/26/2010,49.5,1.15
10/27/2010,5.79,5.9
10/28/2010,49.7,1.16
10/29/2010,49.6,1.15
10/30/2010,49.5,1.15
10/31/2010,39.8,0.97
11/1/2010,8.39,0.38
11/2/2010,8.36,0.38
11/3/2010,8.32,0.38
11/4/2010,8.4,0.38
11/5/2010,8.36,0.38
11/6/2010,8.24,0.38
11/7/2010,8.34,0.38
11/8/2010,8.34,0.38
11/9/2010,8.33,0.38
11/10/2010,8.35,0.38
11/11/2010,8.37,0.38
11/12/2010,8.29,0.38
11/13/2010,8.37,0.38
11/14/2010,5.52,0.25
11/15/2010,0,0
11/16/2010,0,0
11/17/2010,0,0
11/18/2010,0,0
11/19/2010,0,0
11/20/2010,0,0
11/21/2010,0,0
11/22/2010,0,0
11/23/2010,0,0
11/24/2010,0,0
11/25/2010,0,0
11/26/2010,0,0
11/27/2010,0,0
11/28/2010,0,0
11/29/2010,0,0
11/30/2010,0,0
12/1/2010,0,0
12/2/2010,0,0
12/3/2010,0,0
12/4/2010,0,0
12/5/2010,0,0
12/6/2010,0,0
12/7/2010,0,0
12/8/2010,0,0
12/9/2010,0,0
12/10/2010,0,0
12/11/2010,0,0
12/12/2010,0,0
12/13/2010,0,0
12/14/2010,0,0
12/15/2010,0,0
12/16/2010,0,0
12/17/2010,0,0
12/18/2010,0,0
12/19/2010,0,0
12/20/2010,0,0
12/21/2010,0,0
12/22/2010,0,0
12/23/2010,0,0
12/24/2010,0,0
12/25/2010,0,0
12/26/2010,0,0
12/27/2010,0,0
12/28/2010,0,0
12/29/2010,0,0
12/30/2010,0,0
12/31/2010,0,0
1/1/2011,0,0
1/2/2011,0,0
1/3/2011,0,0
1/4/2011,0,0
1/5/2011,0,0
1/6/2011,0,0
1/7/2011,0,0
1/8/2011,0,0
1/9/2011,0,0
1/10/2011,0,0
1/11/2011,0,0
1/12/2011,0,0
1/13/2011,0,0
1/14/2011,0,0
1/15/2011,0,0
1/16/2011,0,0
1/17/2011,0,0
1/18/2011,0,0
1/19/2011,0,0
1/20/2011,0,0
1/21/2011,0,0
1/22/2011,0,0
1/23/2011,0,0
1/24/2011,0,0
1/25/2011,0,0
1/26/2011,0,0
1/27/2011,0,0
1/28/2011,0,0
1/29/2011,0,0
1/30/2011,0,0
1/31/2011,0,0
2/1/2011,0,0
2/2/2011,0,0
2/3/2011,0,0
2/4/2011,0,0
2/5/2011,0,0
2/6/2011,0,0
2/7/2011,0,0
2/8/2011,0,0
2/9/2011,0,0
2/10/2011,0,0
2/11/2011,0,0
2/12/2011,0,0
2/13/2011,0,0
2/14/2011,0,0
2/15/2011,0,0
2/16/2011,0,0
2/17/2011,0,0
2/18/2011,0,0
2/19/2011,0,0
2/20/2011,0,0
2/21/2011,0,0
2/22/2011,0,0
2/23/2011,0,0
2/24/2011,0,0
2/25/2011,0,0
2/26/2011,0,0
2/27/2011,0,0
2/28/2011,0,0
3/1/2011,0,0
3/2/2011,0,0
3/3/2011,2.62,0.13
3/4/2011,6.87,0.33
3/5/2011,6.84,0.33
3/6/2011,6.36,0.32
3/7/2011,6.41,0.32
3/8/2011,6.8,0.33
3/9/2011,6.71,0.33
3/10/2011,6.81,0.33
3/11/2011,6.89,0.34
3/12/2011,6.38,0.32
3/13/2011,6.37,0.32
3/14/2011,11.7,0.44
3/15/2011,32.1,0.88
3/16/2011,32,0.88
3/17/2011,32.1,0.88
3/18/2011,32.2,0.88
3/19/2011,32.1,0.88
3/20/2011,32.1,0.88
3/21/2011,32.1,0.88
3/22/2011,32.2,0.88
3/23/2011,32.1,0.88
3/24/2011,32.2,0.88
3/25/2011,32.2,0.88
3/26/2011,32,0.88
3/27/2011,32.1,0.88
3/28/2011,32,0.88
3/29/2011,31.8,0.88
3/30/2011,31.9,0.88
3/31/2011,35.5,0.93
4/1/2011,47,1.12
4/2/2011,46.9,1.11
4/3/2011,47,1.12
4/4/2011,47,1.12
4/5/2011,47,1.12
4/6/2011,47.1,1.12
4/7/2011,46.8,1.11
4/8/2011,47,1.12
4/9/2011,46.8,1.11
4/10/2011,47,1.12
4/11/2011,46.8,1.11
4/12/2011,46.5,1.11
4/13/2011,46.4,1.11
4/14/2011,46.9,1.12
4/15/2011,46.8,1.11
4/16/2011,47.1,1.12
4/17/2011,46.8,1.11
4/18/2011,46.7,1.11
4/19/2011,46.9,1.11
4/20/2011,46.9,1.12
4/21/2011,47,1.12
4/22/2011,46.9,1.11
4/23/2011,46.8,1.11
4/24/2011,46.9,1.11
4/25/2011,46.9,1.11
4/26/2011,46.8,1.11
4/27/2011,47.1,1.12
4/28/2011,46.9,1.11
4/29/2011,46.8,1.11
4/30/2011,47.4,1.12
5/1/2011,49.6,1.15
5/2/2011,49.6,1.15
5/3/2011,49.5,1.15
5/4/2011,49.8,1.16
5/5/2011,49.7,1.16
5/6/2011,49.7,1.16
5/7/2011,49.4,1.15
5/8/2011,49.7,1.16
5/9/2011,49.6,1.15
5/10/2011,48,1.13
5/11/2011,36,0.94
5/12/2011,36,0.95
5/13/2011,47.2,1.12
5/14/2011,49.5,1.15
5/15/2011,49.6,1.15
5/16/2011,49.6,1.15
5/17/2011,49.5,1.15
5/18/2011,49.7,1.16
5/19/2011,49.6,1.15
5/20/2011,49.6,1.15
5/21/2011,49.6,1.15
5/22/2011,49.7,1.16
5/23/2011,49.7,1.16
5/24/2011,49.5,1.15
5/25/2011,49.7,1.16
5/26/2011,49.6,1.15
5/27/2011,49.6,1.15
5/28/2011,49.7,1.16
5/29/2011,39.2,0.95
5/30/2011,6.58,0.33
5/31/2011,6.53,0.33
6/1/2011,6.53,0.33
6/2/2011,17,0.53
6/3/2011,51.3,1.18
6/4/2011,51.4,1.18
6/5/2011,51.3,1.18
6/6/2011,51.3,1.18
6/7/2011,51.4,1.18
6/8/2011,51.3,1.18
6/9/2011,51.3,1.18
6/10/2011,51.3,1.18
6/11/2011,51.3,1.18
6/12/2011,51.3,1.18
6/13/2011,51.3,1.18
6/14/2011,51.4,1.18
6/15/2011,51.3,1.18
6/16/2011,51.3,1.18
6/17/2011,51.3,1.18
6/18/2011,55.3,1.23
6/19/2011,57.3,1.25
6/20/2011,51.3,1.18
6/21/2011,51.4,1.18
6/22/2011,51.3,1.18
6/23/2011,51.3,1.18
6/24/2011,51.3,1.18
6/25/2011,51.4,1.18
6/26/2011,51.3,1.18
6/27/2011,51.3,1.18
6/28/2011,51.4,1.18
6/29/2011,51.3,1.18
6/30/2011,51.1,1.18
7/1/2011,50.3,1.16
7/2/2011,50.3,1.16
7/3/2011,50.3,1.16
7/4/2011,50.3,1.16
7/5/2011,50.2,1.16
7/6/2011,50.3,1.16
7/7/2011,50.4,1.17
7/8/2011,50.3,1.16
7/9/2011,50.4,1.17
7/10/2011,50.4,1.17
7/11/2011,50.3,1.16
7/12/2011,50.3,1.16
7/13/2011,50.4,1.17
7/14/2011,50.2,1.16
7/15/2011,50.4,1.17
7/16/2011,50.4,1.17
7/17/2011,50.4,1.17
7/18/2011,50.3,1.16
7/19/2011,50.3,1.16
7/20/2011,50.3,1.16
7/21/2011,50.4,1.17
7/22/2011,50.4,1.17
7/23/2011,50.4,1.17
7/24/2011,50.3,1.16
7/25/2011,50.3,1.16
7/26/2011,50.3,1.16
7/27/2011,50.3,1.16
7/28/2011,50.3,1.16
7/29/2011,39.9,0.97
7/30/2011,6.39,0.32
7/31/2011,8.15,0.37
8/1/2011,6.58,0.33
8/2/2011,15.1,0.49
8/3/2011,50.3,1.17
8/4/2011,50.3,1.16
8/5/2011,50.3,1.16
8/6/2011,50.3,1.16
8/7/2011,50.4,1.17
8/8/2011,50.3,1.16
8/9/2011,50.3,1.16
8/10/2011,50.4,1.17
8/11/2011,50.5,1.17
8/12/2011,50.2,1.16
8/13/2011,50.4,1.17
8/14/2011,50.4,1.17
8/15/2011,50.3,1.16
8/16/2011,50.4,1.17
8/17/2011,50.5,1.17
8/18/2011,50.3,1.16
8/19/2011,50.3,1.16
8/20/2011,50.4,1.17
8/21/2011,50.3,1.16
8/22/2011,50.4,1.17
8/23/2011,50.4,1.17
8/24/2011,50.4,1.17
8/25/2011,50.5,1.17
8/26/2011,50.4,1.17
8/27/2011,50.3,1.16
8/28/2011,50.4,1.17
8/29/2011,50.3,1.16
8/30/2011,50.3,1.16
8/31/2011,49.5,1.15
9/1/2011,46.2,1.1
9/2/2011,46.3,1.11
9/3/2011,46.2,1.1
9/4/2011,46.1,1.1
9/5/2011,46.1,1.1
9/6/2011,46.2,1.1
9/7/2011,46.2,1.1
9/8/2011,46.1,1.1
9/9/2011,46.3,1.11
9/10/2011,46.2,1.1
9/11/2011,46.2,1.11
9/12/2011,46.1,1.1
9/13/2011,46.2,1.11
9/14/2011,46.4,1.11
9/15/2011,46.1,1.1
9/16/2011,46.4,1.11
9/17/2011,46.2,1.1
9/18/2011,46.3,1.11
9/19/2011,46.3,1.11
9/20/2011,46.2,1.1
9/21/2011,46.2,1.1
9/22/2011,46.3,1.11
9/23/2011,46.2,1.11
9/24/2011,46.2,1.1
9/25/2011,46.3,1.11
9/26/2011,46.2,1.1
9/27/2011,46.2,1.1
9/28/2011,46.2,1.1
9/29/2011,46.4,1.11
9/30/2011,46.1,1.1
10/1/2011,NA,NA
10/2/2011,NA,NA
10/3/2011,48.3,1.14
10/4/2011,48.4,1.14
10/5/2011,48.3,1.14
10/6/2011,48.3,1.14
10/7/2011,48.2,1.13
10/8/2011,48.3,1.14
10/9/2011,48.3,1.14
10/10/2011,48.3,1.14
10/11/2011,48.2,1.13
10/12/2011,47.9,1.13
10/13/2011,48.3,1.14
10/14/2011,48.3,1.14
10/15/2011,48.3,1.14
10/16/2011,48.3,1.14
10/17/2011,48.4,1.14
10/18/2011,48.3,1.14
10/19/2011,48.2,1.13
10/20/2011,48.1,1.13
10/21/2011,48,1.13
10/22/2011,48.3,1.14
10/23/2011,48.2,1.13
10/24/2011,48.2,1.13
10/25/2011,48.1,1.13
10/26/2011,48.3,1.14
10/27/2011,48.2,1.13
10/28/2011,48.1,1.13
10/29/2011,48.2,1.13
10/30/2011,48.2,1.13
10/31/2011,38.5,0.95
11/1/2011,6.54,0.33
11/2/2011,6.54,0.33
11/3/2011,6.53,0.33
11/4/2011,6.61,0.33
11/5/2011,6.55,0.33
11/6/2011,6.51,0.32
11/7/2011,6.44,0.32
11/8/2011,6.41,0.32
11/9/2011,6.35,0.32
11/10/2011,6.47,0.32
11/11/2011,6.5,0.32
11/12/2011,6.46,0.32
11/13/2011,6.47,0.32
11/14/2011,4.12,0.2
11/15/2011,0,0
11/16/2011,0,0
11/17/2011,0,-0.01
11/18/2011,0,-0.01
11/19/2011,0,-0.02
11/20/2011,0,-0.02
11/21/2011,0,-0.02
11/22/2011,0,-0.02
11/23/2011,0,-0.02
11/24/2011,0,-0.02
11/25/2011,0,-0.03
11/26/2011,0,-0.03
11/27/2011,0,-0.03
11/28/2011,0,-0.03
11/29/2011,0,-0.03
11/30/2011,0,-0.03
12/1/2011,0,-0.04
12/2/2011,0,-0.04
12/3/2011,0,-0.04
12/4/2011,0,-0.04
12/5/2011,0,-0.04
12/6/2011,0,-0.04
12/7/2011,0,-0.04
12/8/2011,0,-0.04
12/9/2011,0,-0.04
12/10/2011,0,-0.04
12/11/2011,0,-0.04
12/12/2011,0,-0.04
12/13/2011,0,-0.04
12/14/2011,0,-0.04
12/15/2011,0,-0.05
12/16/2011,0,-0.05
12/17/2011,0,-0.05
12/18/2011,0,-0.05
12/19/2011,0,-0.05
12/20/2011,0,-0.05
12/21/2011,0,-0.05
12/22/2011,0,-0.05
12/23/2011,0,-0.05
12/24/2011,0,-0.05
12/25/2011,0,-0.05
12/26/2011,0,-0.05
12/27/2011,0,-0.05
12/28/2011,0,-0.05
12/29/2011,0,-0.05
12/30/2011,0,-0.05
12/31/2011,0,-0.05
1/1/2012,0,-0.06
1/2/2012,0,-0.06
1/3/2012,0,-0.06
1/4/2012,0,-0.06
1/5/2012,0,-0.06
1/6/2012,0,-0.06
1/7/2012,0,-0.06
1/8/2012,0,-0.06
1/9/2012,0,-0.06
1/10/2012,0,-0.06
1/11/2012,0,-0.06
1/12/2012,0,-0.06
1/13/2012,0,-0.06
1/14/2012,0,-0.06
1/15/2012,0,-0.06
1/16/2012,0,-0.06
1/17/2012,0,-0.07
1/18/2012,0,-0.07
1/19/2012,0,-0.07
1/20/2012,0,-0.07
1/21/2012,0,-0.07
1/22/2012,0,-0.07
1/23/2012,0,-0.07
1/24/2012,0,-0.07
1/25/2012,0,-0.07
1/26/2012,0,-0.07
1/27/2012,0,-0.07
1/28/2012,0,-0.07
1/29/2012,0,-0.07
1/30/2012,0,-0.07
1/31/2012,0,-0.07
2/1/2012,0,-0.07
2/2/2012,0,-0.07
2/3/2012,0,-0.07
2/4/2012,0,-0.07
2/5/2012,0,-0.07
2/6/2012,0,-0.07
2/7/2012,0,-0.07
2/8/2012,0,-0.07
2/9/2012,0,-0.07
2/10/2012,0,-0.07
2/11/2012,0,-0.08
2/12/2012,0,-0.08
2/13/2012,0,-0.08
2/14/2012,0,-0.08
2/15/2012,0,-0.08
2/16/2012,0,-0.08
2/17/2012,0,-0.08
2/18/2012,0,-0.08
2/19/2012,0,-0.08
2/20/2012,0,-0.08
2/21/2012,0,-0.08
2/22/2012,0,-0.08
2/23/2012,0,-0.08
2/24/2012,0,-0.08
