date,q.flscanco,h.flscanco
3/1/1999,3.16,0
3/2/1999,0,0
3/3/1999,0,0
3/4/1999,0,0
3/5/1999,0,0
3/6/1999,0,0
3/7/1999,0,0
3/8/1999,0,0
3/9/1999,0,0
3/10/1999,0,0
3/11/1999,0,0
3/12/1999,0,0
3/13/1999,0,0
3/14/1999,0,0
3/15/1999,0,0
3/16/1999,0,0
3/17/1999,0,0
3/18/1999,0,0
3/19/1999,0,0
3/20/1999,0,0
3/21/1999,0,0
3/22/1999,0,0
3/23/1999,0,0
3/24/1999,0,0
3/25/1999,0,0
3/26/1999,0,0
3/27/1999,0,0
3/28/1999,0,0
3/29/1999,0,0
3/30/1999,0,0
3/31/1999,0,0
4/1/1999,0,0
4/2/1999,0,0
4/3/1999,0,0
4/4/1999,0,0
4/5/1999,0,0
4/6/1999,0,0
4/7/1999,0,0
4/8/1999,0,0
4/9/1999,0,0
4/10/1999,0,0
4/11/1999,0,0
4/12/1999,68.9,0.91
4/13/1999,7.62,0.14
4/14/1999,0,0
4/15/1999,0,0
4/16/1999,0,0
4/17/1999,0,0
4/18/1999,0,0
4/19/1999,0,0
4/20/1999,0,0
4/21/1999,0,0
4/22/1999,0,0
4/23/1999,0,0
4/24/1999,0,0
4/25/1999,0,0
4/26/1999,0,0
4/27/1999,0,0
4/28/1999,0.015,0
4/29/1999,0,0
4/30/1999,0,0
5/1/1999,0,0
5/2/1999,0,0
5/3/1999,0,0
5/4/1999,0,0
5/5/1999,0,0
5/6/1999,0,0
5/7/1999,0,0
5/8/1999,0,0
5/9/1999,0,0
5/10/1999,0,0
5/11/1999,0,0
5/12/1999,0,0
5/13/1999,0,0
5/14/1999,0,0
5/15/1999,0,0
5/16/1999,0,0
5/17/1999,0,0
5/18/1999,0,0
5/19/1999,0,0
5/20/1999,0,0
5/21/1999,0,0
5/22/1999,0,0
5/23/1999,0,0
5/24/1999,0,0
5/25/1999,0,0
5/26/1999,0,0
5/27/1999,0,0
5/28/1999,0,0
5/29/1999,0,0
5/30/1999,0,0
5/31/1999,0,0
6/1/1999,0,0
6/2/1999,0,0
6/3/1999,0,0
6/4/1999,0,0
6/5/1999,0,0
6/6/1999,0,0
6/7/1999,0,0
6/8/1999,0,0
6/9/1999,0,0
6/10/1999,0,0
6/11/1999,0,0
6/12/1999,0,0
6/13/1999,0,0
6/14/1999,0,0
6/15/1999,0,0
6/16/1999,0,0
6/17/1999,0,0
6/18/1999,0,0
6/19/1999,0,0
6/20/1999,0,0
6/21/1999,0,0
6/22/1999,0,0
6/23/1999,1.82,0.03
6/24/1999,13.2,0.23
6/25/1999,0,0
6/26/1999,0,0
6/27/1999,0,0
6/28/1999,0,0
6/29/1999,0,0
6/30/1999,0,0
7/1/1999,0,0
7/2/1999,0,0
7/3/1999,0,0
7/4/1999,0,0
7/5/1999,0,0
7/6/1999,0,0
7/7/1999,0,0
7/8/1999,0,0
7/9/1999,0,0
7/10/1999,0,0
7/11/1999,0,0
7/12/1999,0,0
7/13/1999,0,0
7/14/1999,0,0
7/15/1999,0,0
7/16/1999,0.775,0.02
7/17/1999,3.93,0.08
7/18/1999,0,0
7/19/1999,0,0
7/20/1999,0,0
7/21/1999,0,0
7/22/1999,0,0
7/23/1999,0,0
7/24/1999,0,0
7/25/1999,0,0
7/26/1999,0,0
7/27/1999,0,0
7/28/1999,0,0
7/29/1999,0,0
7/30/1999,0,0
7/31/1999,0,0
8/1/1999,0,0
8/2/1999,0,0
8/3/1999,0,0
8/4/1999,0,0
8/5/1999,0,0
8/6/1999,0,0
8/7/1999,0,0
8/8/1999,0,0
8/9/1999,0,0
8/10/1999,0,0
8/11/1999,0,0
8/12/1999,0,0
8/13/1999,0,0
8/14/1999,0,0
8/15/1999,0,0
8/16/1999,0,0
8/17/1999,0,0
8/18/1999,0,0
8/19/1999,0,0
8/20/1999,0,0
8/21/1999,0,0
8/22/1999,0,0
8/23/1999,0,0
8/24/1999,0,0
8/25/1999,0,0
8/26/1999,0,0
8/27/1999,0,0
8/28/1999,0,0
8/29/1999,0,0
8/30/1999,0,0
8/31/1999,0,0
9/1/1999,0,0
9/2/1999,0,0
9/3/1999,0,0
9/4/1999,0,0
9/5/1999,0,0
9/6/1999,0,0
9/7/1999,0,0
9/8/1999,0,0
9/9/1999,0,0
9/10/1999,0,0
9/11/1999,0,0
9/12/1999,0,0
9/13/1999,0,0
9/14/1999,0,0
9/15/1999,0,0
9/16/1999,0,0
9/17/1999,0,0
9/18/1999,0,0
9/19/1999,0,0
9/20/1999,0,0
9/21/1999,0,0
9/22/1999,0,0
9/23/1999,0,0
9/24/1999,0,0
9/25/1999,0,0
9/26/1999,0,0
9/27/1999,0,0
9/28/1999,0,0
9/29/1999,0,0
9/30/1999,0,0
10/1/1999,0,0
10/2/1999,0,0
10/3/1999,0,0
10/4/1999,0,0
10/5/1999,0,0
10/6/1999,0,0
10/7/1999,0,0
10/8/1999,0,0
10/9/1999,0,0
10/10/1999,0,0
10/11/1999,0,0
10/12/1999,0,0
10/13/1999,0,0
10/14/1999,0,0
10/15/1999,0,0
10/16/1999,0,0
10/17/1999,0,0
10/18/1999,0,0
10/19/1999,0,0
10/20/1999,0,0
10/21/1999,0,0
10/22/1999,0,0
10/23/1999,0,0
10/24/1999,0,0
10/25/1999,0,0
10/26/1999,0,0
10/27/1999,0,0
10/28/1999,0,0
10/29/1999,0,0
10/30/1999,0,0
10/31/1999,0,0
11/1/1999,0,0
11/2/1999,0,0
11/3/1999,0,0
11/4/1999,0,0
11/5/1999,0,0
11/6/1999,0,0
11/7/1999,13.9,0.1
11/8/1999,0,0
11/9/1999,0,0
11/10/1999,0,0
11/11/1999,0,0
11/12/1999,0,0
11/13/1999,0,0
11/14/1999,0,0
11/15/1999,0,0
11/16/1999,0,0
11/17/1999,0,0
11/18/1999,0,0
11/19/1999,0,0
11/20/1999,0,0
11/21/1999,0,0
11/22/1999,0,0
11/23/1999,0,0
11/24/1999,0,0
11/25/1999,0,0
11/26/1999,0,0
11/27/1999,0,0
11/28/1999,0,0
11/29/1999,0,0
11/30/1999,0,0
12/1/1999,329,2.94
12/2/1999,525,4.65
12/3/1999,446,5.03
12/4/1999,324,4.51
12/5/1999,323,4.49
12/6/1999,346,4.68
12/7/1999,366,4.83
12/8/1999,384,4.83
12/9/1999,370,4.83
12/10/1999,380,4.86
12/11/1999,417,4.86
12/12/1999,406,4.77
12/13/1999,402,4.74
12/14/1999,395,4.69
12/15/1999,409,4.79
12/16/1999,422,4.89
12/17/1999,372,4.35
12/18/1999,375,4.35
12/19/1999,378,4.37
12/20/1999,377,4.36
12/21/1999,379,4.38
12/22/1999,403,4.56
12/23/1999,405,4.57
12/24/1999,387,4.43
12/25/1999,352,4.17
12/26/1999,349,4.14
12/27/1999,347,4.12
12/28/1999,353,4.17
12/29/1999,360,4.22
12/30/1999,382,4.34
12/31/1999,436,4.51
1/1/2000,464,4.71
1/2/2000,482,4.84
1/3/2000,503,5
1/4/2000,516,5.09
1/5/2000,NA,NA
1/6/2000,373,4.03
1/7/2000,371,4.02
1/8/2000,370,4.01
1/9/2000,371,4.01
1/10/2000,368,3.99
1/11/2000,369,4
1/12/2000,369,4
1/13/2000,367,3.98
1/14/2000,367,3.99
1/15/2000,342,4.03
1/16/2000,367,3.98
1/17/2000,286,3.6
1/18/2000,314,3.69
1/19/2000,367,3.98
1/20/2000,363,3.92
1/21/2000,205,2.38
1/22/2000,-570.7,58.51
1/23/2000,NA,99.91
1/24/2000,NA,99.9
1/25/2000,NA,99.9
1/26/2000,NA,99.9
1/27/2000,NA,99.9
1/28/2000,NA,99.89
1/29/2000,NA,99.91
1/30/2000,NA,99.92
1/31/2000,NA,99.94
2/1/2000,NA,99.95
2/2/2000,NA,99.95
2/3/2000,NA,99.95
2/4/2000,NA,99.94
2/5/2000,NA,99.94
2/6/2000,NA,99.93
2/7/2000,NA,99.92
2/8/2000,-974.6,98.98
2/9/2000,NA,99.9
2/10/2000,NA,99.88
2/11/2000,NA,99.88
2/12/2000,NA,99.88
2/13/2000,NA,99.88
2/14/2000,NA,99.88
2/15/2000,NA,99.88
2/16/2000,NA,99.88
2/17/2000,NA,99.88
2/18/2000,NA,99.88
2/19/2000,NA,99.88
2/20/2000,NA,99.88
2/21/2000,NA,99.88
2/22/2000,NA,99.88
2/23/2000,NA,99.88
2/24/2000,NA,99.88
2/25/2000,NA,99.88
2/26/2000,NA,99.88
2/27/2000,NA,99.88
2/28/2000,NA,99.88
2/29/2000,NA,99.88
3/1/2000,NA,99.88
3/2/2000,NA,99.88
3/3/2000,NA,99.88
3/4/2000,NA,99.88
3/5/2000,NA,99.88
3/6/2000,NA,99.88
3/7/2000,NA,99.88
3/8/2000,-204.9,32.66
3/9/2000,194,2.49
3/10/2000,151,2.06
3/11/2000,121,1.72
3/12/2000,57.6,0.88
3/13/2000,7.22,0.15
3/14/2000,6.6,0.14
3/15/2000,6.6,0.14
3/16/2000,6.48,0.14
3/17/2000,6.27,0.13
3/18/2000,6.1,0.13
3/19/2000,6.28,0.13
3/20/2000,6.1,0.13
3/21/2000,6.1,0.13
3/22/2000,6.1,0.13
3/23/2000,6.1,0.13
3/24/2000,6.1,0.13
3/25/2000,6.1,0.13
3/26/2000,6.04,0.13
3/27/2000,6.1,0.13
3/28/2000,6.1,0.13
3/29/2000,6.1,0.13
3/30/2000,8.59,0.18
3/31/2000,15.4,0.3
4/1/2000,NA,NA
4/2/2000,NA,NA
4/3/2000,NA,NA
4/4/2000,2.56,0.06
4/5/2000,0.247,0.01
4/6/2000,0.272,0.01
4/7/2000,0.269,0.01
4/8/2000,0.175,0.01
4/9/2000,0.172,0.01
4/10/2000,0.259,0.01
4/11/2000,0.05,0
4/12/2000,0.05,0
4/13/2000,0.075,0
4/14/2000,64.3,0.77
4/15/2000,237,2.81
4/16/2000,211,2.5
4/17/2000,-608.4,61.52
4/18/2000,NA,99.88
4/19/2000,NA,99.88
4/20/2000,NA,99.88
4/21/2000,NA,99.88
4/22/2000,NA,99.88
4/23/2000,NA,99.88
4/24/2000,NA,99.88
4/25/2000,NA,99.88
4/26/2000,NA,99.88
4/27/2000,NA,99.88
4/28/2000,NA,99.88
4/29/2000,NA,99.88
4/30/2000,-978.1,97.8
5/1/2000,NA,99.88
5/2/2000,NA,NA
5/3/2000,NA,NA
5/4/2000,NA,NA
5/5/2000,NA,99.88
5/6/2000,NA,99.88
5/7/2000,NA,99.88
5/8/2000,-758.8,75.97
5/9/2000,-717.8,71.83
5/10/2000,NA,99.89
5/11/2000,NA,99.89
5/12/2000,NA,99.88
5/13/2000,NA,99.88
5/14/2000,NA,99.88
5/15/2000,NA,99.88
5/16/2000,NA,99.88
5/17/2000,NA,99.88
5/18/2000,NA,99.88
5/19/2000,NA,99.88
5/20/2000,NA,99.88
5/21/2000,NA,99.88
5/22/2000,NA,99.88
5/23/2000,NA,99.88
5/24/2000,NA,99.88
5/25/2000,-873.1,91.89
5/26/2000,NA,99.88
5/27/2000,NA,99.88
5/28/2000,NA,99.88
5/29/2000,NA,99.88
5/30/2000,NA,99.88
5/31/2000,NA,99.88
6/1/2000,NA,99.88
6/2/2000,NA,99.88
6/3/2000,NA,99.88
6/4/2000,-988.6,98.84
6/5/2000,NA,99.88
6/6/2000,NA,99.88
6/7/2000,NA,99.88
6/8/2000,NA,99.88
6/9/2000,NA,99.88
6/10/2000,NA,99.88
6/11/2000,NA,99.88
6/12/2000,NA,99.88
6/13/2000,NA,99.88
6/14/2000,NA,99.88
6/15/2000,NA,99.88
6/16/2000,NA,99.88
6/17/2000,NA,99.88
6/18/2000,NA,99.87
6/19/2000,NA,99.88
6/20/2000,NA,99.88
6/21/2000,NA,99.88
6/22/2000,NA,99.88
6/23/2000,NA,99.88
6/24/2000,NA,99.87
6/25/2000,-988.6,98.84
6/26/2000,-890.2,90.64
6/27/2000,NA,99.87
6/28/2000,NA,99.87
6/29/2000,NA,99.87
6/30/2000,NA,99.87
7/1/2000,NA,99.87
7/2/2000,NA,99.88
7/3/2000,NA,99.87
7/4/2000,NA,99.87
7/5/2000,NA,99.88
7/6/2000,-978.1,97.8
7/7/2000,NA,99.88
7/8/2000,-988.6,98.84
7/9/2000,NA,99.88
7/10/2000,NA,99.88
7/11/2000,NA,99.87
7/12/2000,NA,99.87
7/13/2000,NA,99.87
7/14/2000,NA,99.87
7/15/2000,NA,99.87
7/16/2000,NA,99.87
7/17/2000,NA,99.88
7/18/2000,NA,99.88
7/19/2000,NA,99.88
7/20/2000,-305.5,45.27
7/21/2000,-283.2,31.71
7/22/2000,NA,99.74
7/23/2000,NA,99.73
7/24/2000,NA,99.73
7/25/2000,-950.5,97.86
7/26/2000,NA,99.73
7/27/2000,-918.5,94.76
7/28/2000,NA,99.73
7/29/2000,NA,99.73
7/30/2000,NA,99.73
7/31/2000,NA,99.73
8/1/2000,NA,99.73
8/2/2000,NA,99.73
8/3/2000,NA,99.73
8/4/2000,NA,99.73
8/5/2000,NA,99.73
8/6/2000,NA,99.73
8/7/2000,NA,99.73
8/8/2000,-978.1,97.65
8/9/2000,NA,99.73
8/10/2000,NA,99.72
8/11/2000,NA,99.73
8/12/2000,NA,99.73
8/13/2000,NA,99.72
8/14/2000,NA,99.73
8/15/2000,NA,99.73
8/16/2000,NA,99.73
8/17/2000,NA,99.72
8/18/2000,NA,99.72
8/19/2000,NA,99.72
8/20/2000,NA,99.72
8/21/2000,NA,99.72
8/22/2000,NA,99.72
8/23/2000,NA,99.72
8/24/2000,NA,99.72
8/25/2000,NA,99.72
8/26/2000,NA,99.72
8/27/2000,NA,99.72
8/28/2000,NA,99.72
8/29/2000,NA,99.72
8/30/2000,NA,99.72
8/31/2000,NA,99.72
9/1/2000,NA,99.72
9/2/2000,NA,99.72
9/3/2000,NA,99.72
9/4/2000,NA,99.72
9/5/2000,NA,99.72
9/6/2000,NA,99.72
9/7/2000,NA,99.72
9/8/2000,NA,99.72
9/9/2000,NA,99.72
9/10/2000,NA,99.72
9/11/2000,NA,99.72
9/12/2000,NA,99.72
9/13/2000,NA,99.72
9/14/2000,NA,99.72
9/15/2000,NA,99.72
9/16/2000,NA,99.72
9/17/2000,NA,99.72
9/18/2000,NA,99.72
9/19/2000,NA,99.72
9/20/2000,NA,99.72
9/21/2000,NA,99.72
9/22/2000,NA,99.72
9/23/2000,NA,99.72
9/24/2000,NA,99.72
9/25/2000,NA,99.71
9/26/2000,NA,99.72
9/27/2000,NA,99.72
9/28/2000,NA,99.72
9/29/2000,NA,99.72
9/30/2000,NA,99.72
10/1/2000,NA,99.72
10/2/2000,NA,99.72
10/3/2000,NA,99.72
10/4/2000,NA,99.72
10/5/2000,NA,99.72
10/6/2000,NA,99.71
10/7/2000,NA,99.71
10/8/2000,NA,99.71
10/9/2000,NA,99.71
10/10/2000,NA,99.71
10/11/2000,NA,99.71
10/12/2000,NA,99.72
10/13/2000,-771.2,85.8
10/14/2000,-977.5,97.65
10/15/2000,NA,99.72
10/16/2000,NA,99.72
10/17/2000,NA,99.72
10/18/2000,NA,99.72
10/19/2000,NA,99.72
10/20/2000,-863.7,89.6
10/21/2000,NA,99.72
10/22/2000,NA,99.72
10/23/2000,NA,99.71
10/24/2000,NA,99.71
10/25/2000,-965.8,96.42
10/26/2000,NA,99.35
10/27/2000,NA,99.35
10/28/2000,NA,99.35
10/29/2000,NA,99.51
10/30/2000,NA,99.39
10/31/2000,NA,99.38
11/1/2000,NA,99.38
11/2/2000,NA,99.37
11/3/2000,NA,99.35
11/4/2000,-974.8,98.41
11/5/2000,NA,99.34
11/6/2000,NA,99.34
11/7/2000,NA,99.33
11/8/2000,NA,99.33
11/9/2000,NA,99.33
11/10/2000,NA,99.33
11/11/2000,NA,99.33
11/12/2000,NA,99.33
11/13/2000,NA,99.33
11/14/2000,-547.1,65.99
11/15/2000,619,7.14
11/16/2000,548,6.82
11/17/2000,444,6.16
11/18/2000,300,5.23
11/19/2000,270,4.98
11/20/2000,260,4.9
11/21/2000,251,4.82
11/22/2000,263,4.81
11/23/2000,279,4.75
11/24/2000,278,4.74
11/25/2000,269,4.66
11/26/2000,260,4.59
11/27/2000,273,4.7
11/28/2000,295,4.89
11/29/2000,295,4.89
11/30/2000,308,5.02
12/1/2000,311,5.16
12/2/2000,320,5.17
12/3/2000,313,5.12
12/4/2000,217,4.32
12/5/2000,174,3.86
12/6/2000,199,4.11
12/7/2000,203,4.08
12/8/2000,217,4.1
12/9/2000,215,4.07
12/10/2000,214,4.07
12/11/2000,178,3.72
12/12/2000,139,3.24
12/13/2000,96.4,2.8
12/14/2000,98.6,2.83
12/15/2000,206,3.97
12/16/2000,295,4.78
12/17/2000,308,4.87
12/18/2000,352,5.25
12/19/2000,201,3.93
12/20/2000,252,4.41
12/21/2000,259,4.46
12/22/2000,265,4.5
12/23/2000,315,4.95
12/24/2000,240,4.31
12/25/2000,212,4.03
12/26/2000,355,5.26
12/27/2000,372,5.39
12/28/2000,471,6.15
12/29/2000,353,5.24
12/30/2000,298,4.81
12/31/2000,284,4.7
1/1/2001,236,4.27
1/2/2001,238,4.2
1/3/2001,283,4.45
1/4/2001,291,4.51
1/5/2001,303,4.61
1/6/2001,302,4.6
1/7/2001,376,5.18
1/8/2001,429,5.6
1/9/2001,331,4.82
1/10/2001,210,3.79
1/11/2001,196,3.66
1/12/2001,189,3.62
1/13/2001,185,3.62
1/14/2001,194,3.71
1/15/2001,207,3.83
1/16/2001,144,3.18
1/17/2001,182,3.59
1/18/2001,130,3.01
1/19/2001,162,3.35
1/20/2001,341,4.99
1/21/2001,310,4.73
1/22/2001,364,5.16
1/23/2001,386,5.34
1/24/2001,326,4.86
1/25/2001,318,4.8
1/26/2001,292,4.59
1/27/2001,265,4.36
1/28/2001,186,3.62
1/29/2001,210,3.87
1/30/2001,192,3.69
1/31/2001,141,3.05
2/1/2001,149,2.96
2/2/2001,183,3.31
2/3/2001,145,2.92
2/4/2001,136,2.83
2/5/2001,149,2.96
2/6/2001,159,3.08
2/7/2001,158,3.08
2/8/2001,167,3.19
2/9/2001,145,2.94
2/10/2001,185,3.37
2/11/2001,198,3.48
2/12/2001,257,4.02
2/13/2001,170,3.22
2/14/2001,163,3.15
2/15/2001,158,3.1
2/16/2001,155,2.98
2/17/2001,157,2.88
2/18/2001,155,2.86
2/19/2001,151,2.81
2/20/2001,147,2.77
2/21/2001,146,2.61
2/22/2001,147,2.77
2/23/2001,148,2.78
2/24/2001,148,2.77
2/25/2001,138,2.78
2/26/2001,-7.33,2.42
2/27/2001,-15.9,2.31
2/28/2001,125,2.63
3/1/2001,132,2.71
3/2/2001,191,3.31
3/3/2001,271,4.06
3/4/2001,284,4.18
3/5/2001,284,4.17
3/6/2001,280,4.14
3/7/2001,283,4.17
3/8/2001,281,4.15
3/9/2001,246,3.83
3/10/2001,253,3.91
3/11/2001,260,3.97
3/12/2001,216,3.65
3/13/2001,246,3.85
3/14/2001,232,3.71
3/15/2001,-942.1,0.41
3/16/2001,NA,0.09
3/17/2001,-976.4,84.46
3/18/2001,NA,99.96
3/19/2001,NA,98.91
3/20/2001,NA,99.95
3/21/2001,NA,99.95
3/22/2001,NA,99.95
3/23/2001,NA,99.95
3/24/2001,NA,99.95
3/25/2001,-288.5,43.41
3/26/2001,415,5.19
3/27/2001,-181.3,1.87
3/28/2001,NA,0.31
3/29/2001,NA,0.19
3/30/2001,NA,0.08
3/31/2001,NA,82.27
4/1/2001,NA,99.96
4/2/2001,NA,99.96
4/3/2001,NA,99.96
4/4/2001,NA,99.96
4/5/2001,NA,99.96
4/6/2001,NA,98.92
4/7/2001,-988.5,98.93
4/8/2001,NA,99.96
4/9/2001,NA,99.96
4/10/2001,NA,99.95
4/11/2001,NA,12.74
4/12/2001,NA,0.23
4/13/2001,NA,0.12
4/14/2001,NA,57.29
4/15/2001,NA,99.96
4/16/2001,NA,99.96
4/17/2001,NA,99.96
4/18/2001,NA,99.96
4/19/2001,NA,99.96
4/20/2001,NA,99.96
4/21/2001,NA,99.96
4/22/2001,NA,99.95
4/23/2001,NA,99.95
4/24/2001,NA,99.95
4/25/2001,NA,99.95
4/26/2001,NA,99.95
4/27/2001,NA,99.95
4/28/2001,NA,99.95
4/29/2001,-953.8,98.07
4/30/2001,NA,99.95
5/1/2001,NA,NA
5/2/2001,NA,NA
5/3/2001,NA,NA
5/4/2001,NA,NA
5/5/2001,NA,NA
5/6/2001,NA,NA
5/7/2001,NA,NA
5/8/2001,NA,NA
5/9/2001,NA,NA
5/10/2001,NA,NA
5/11/2001,NA,NA
5/12/2001,NA,NA
5/13/2001,NA,NA
5/14/2001,NA,NA
5/15/2001,NA,NA
5/16/2001,NA,NA
5/17/2001,NA,NA
5/18/2001,NA,NA
5/19/2001,NA,NA
5/20/2001,NA,NA
5/21/2001,NA,NA
5/22/2001,NA,NA
5/23/2001,NA,NA
5/24/2001,NA,NA
5/25/2001,NA,NA
5/26/2001,NA,NA
5/27/2001,NA,NA
5/28/2001,NA,NA
5/29/2001,NA,NA
5/30/2001,NA,NA
5/31/2001,NA,NA
6/1/2001,NA,NA
6/2/2001,NA,NA
6/3/2001,NA,NA
6/4/2001,NA,NA
6/5/2001,NA,NA
6/6/2001,NA,NA
6/7/2001,NA,NA
6/8/2001,NA,NA
6/9/2001,NA,NA
6/10/2001,NA,NA
6/11/2001,NA,NA
6/12/2001,NA,NA
6/13/2001,NA,NA
6/14/2001,NA,NA
6/15/2001,NA,NA
6/16/2001,NA,NA
6/17/2001,NA,NA
6/18/2001,NA,NA
6/19/2001,NA,NA
6/20/2001,NA,NA
6/21/2001,NA,NA
6/22/2001,NA,NA
6/23/2001,NA,NA
6/24/2001,NA,NA
6/25/2001,NA,NA
6/26/2001,NA,NA
6/27/2001,NA,NA
6/28/2001,NA,NA
6/29/2001,NA,NA
6/30/2001,NA,NA
7/1/2001,NA,NA
7/2/2001,NA,NA
7/3/2001,NA,NA
7/4/2001,NA,NA
7/5/2001,NA,NA
7/6/2001,NA,NA
7/7/2001,NA,NA
7/8/2001,NA,NA
7/9/2001,NA,NA
7/10/2001,NA,NA
7/11/2001,NA,NA
7/12/2001,NA,NA
7/13/2001,NA,NA
7/14/2001,NA,NA
7/15/2001,NA,NA
7/16/2001,NA,NA
7/17/2001,NA,NA
7/18/2001,NA,NA
7/19/2001,NA,NA
7/20/2001,NA,NA
7/21/2001,NA,NA
7/22/2001,NA,NA
7/23/2001,NA,NA
7/24/2001,NA,NA
7/25/2001,NA,NA
7/26/2001,NA,NA
7/27/2001,NA,NA
7/28/2001,NA,NA
7/29/2001,NA,NA
7/30/2001,NA,NA
7/31/2001,NA,NA
8/1/2001,NA,NA
8/2/2001,NA,NA
8/3/2001,NA,NA
8/4/2001,NA,NA
8/5/2001,NA,NA
8/6/2001,NA,NA
8/7/2001,NA,NA
8/8/2001,NA,NA
8/9/2001,NA,NA
8/10/2001,NA,NA
8/11/2001,NA,NA
8/12/2001,NA,NA
8/13/2001,NA,0
8/14/2001,NA,0
8/15/2001,NA,0
8/16/2001,NA,0
8/17/2001,NA,0
8/18/2001,NA,0
8/19/2001,NA,0
8/20/2001,-399.6,0
8/21/2001,0,0
8/22/2001,0,0
8/23/2001,0,0
8/24/2001,0,0
8/25/2001,0,0
8/26/2001,0,0
8/27/2001,0,0
8/28/2001,0,0
8/29/2001,0,0
8/30/2001,0,0
8/31/2001,0,0
9/1/2001,0,0
9/2/2001,0,0
9/3/2001,0,0
9/4/2001,0,0
9/5/2001,0,0
9/6/2001,0,0
9/7/2001,0,0
9/8/2001,0,0
9/9/2001,0,0
9/10/2001,0,0
9/11/2001,0,0
9/12/2001,0,0
9/13/2001,0,0
9/14/2001,0,0
9/15/2001,0,0
9/16/2001,0,0.07
9/17/2001,0,0
9/18/2001,0,0
9/19/2001,0,0
9/20/2001,0,0
9/21/2001,0,0
9/22/2001,0,0
9/23/2001,0,0
9/24/2001,0,0
9/25/2001,0,0
9/26/2001,0,0
9/27/2001,0,0
9/28/2001,0,0
9/29/2001,0,0
9/30/2001,0,0
10/1/2001,0,0
10/2/2001,0,0
10/3/2001,0,0
10/4/2001,0,0
10/5/2001,0,0
10/6/2001,0,0
10/7/2001,0,0
10/8/2001,0,0
10/9/2001,0,0
10/10/2001,0,0
10/11/2001,0,0
10/12/2001,0,0
10/13/2001,0,0
10/14/2001,0,0
10/15/2001,0,0
10/16/2001,0,0
10/17/2001,0,0
10/18/2001,0,0
10/19/2001,0,0
10/20/2001,0,0
10/21/2001,0,0
10/22/2001,0,0
10/23/2001,0,0
10/24/2001,0,0
10/25/2001,0,0
10/26/2001,0,0
10/27/2001,0,0
10/28/2001,0,0
10/29/2001,0,0
10/30/2001,0,0
10/31/2001,0,0
11/1/2001,0,0
11/2/2001,0,0
11/3/2001,0,0
11/4/2001,0,0
11/5/2001,0,0
11/6/2001,0,0
11/7/2001,0,0
11/8/2001,0,0
11/9/2001,0,0
11/10/2001,0,44.04
11/11/2001,0,99.99
11/12/2001,0,99.99
11/13/2001,0,99.99
11/14/2001,-181.6,99.99
11/15/2001,-249.8,99.99
11/16/2001,-249.8,86.45
11/17/2001,-249.8,25
11/18/2001,-20.2,7.88
11/19/2001,145,2.13
11/20/2001,249,15.88
11/21/2001,217,31.02
11/22/2001,167,31.06
11/23/2001,278,4.43
11/24/2001,271,4.36
11/25/2001,262,4.28
11/26/2001,267,4.33
11/27/2001,228,3.97
11/28/2001,322,4.63
11/29/2001,414,5.15
11/30/2001,424,11.07
12/1/2001,353,4.69
12/2/2001,354,4.7
12/3/2001,292,4.2
12/4/2001,295,4.23
12/5/2001,294,4.22
12/6/2001,289,4.18
12/7/2001,279,4.09
12/8/2001,275,3.98
12/9/2001,269,3.95
12/10/2001,276,4
12/11/2001,329,4.45
12/12/2001,340,4.53
12/13/2001,253,3.65
12/14/2001,166,2.78
12/15/2001,486,5.63
12/16/2001,469,5.5
12/17/2001,350,4.61
12/18/2001,338,4.51
12/19/2001,336,4.5
12/20/2001,352,4.62
12/21/2001,342,4.55
12/22/2001,331,4.46
12/23/2001,332,4.46
12/24/2001,361,4.69
12/25/2001,461,5.44
12/26/2001,493,5.69
12/27/2001,437,5.26
12/28/2001,319,4.36
12/29/2001,304,4.24
12/30/2001,324,4.4
12/31/2001,429,5.21
1/1/2002,290,4.05
1/2/2002,235,3.58
1/3/2002,205,3.33
1/4/2002,206,9.24
1/5/2002,295,4.17
1/6/2002,288,4.11
1/7/2002,173,2.99
1/8/2002,58,1.76
1/9/2002,0,0.66
1/10/2002,15.2,0.62
1/11/2002,20.2,0.6
1/12/2002,-0.47,12.17
1/13/2002,19.4,0.59
1/14/2002,16.9,0.55
1/15/2002,15.6,0.52
1/16/2002,22.9,0.63
1/17/2002,43.4,0.95
1/18/2002,17.8,12.44
1/19/2002,22.5,0.63
1/20/2002,16.5,0.54
1/21/2002,15.6,0.52
1/22/2002,22.1,0.63
1/23/2002,25.2,0.67
1/24/2002,21.9,0.66
1/25/2002,25.6,0.77
1/26/2002,32.1,0.88
1/27/2002,23.6,0.75
1/28/2002,8.11,0.49
1/29/2002,6.97,0.47
1/30/2002,5.25,0.43
1/31/2002,12.3,0.56
2/1/2002,11.6,0.55
2/2/2002,0.95,0.34
2/3/2002,7.44,0.42
2/4/2002,4.58,0.42
2/5/2002,4.69,0.42
2/6/2002,7.82,0.38
2/7/2002,-4.56,6.09
2/8/2002,6.53,0.3
2/9/2002,27,7.76
2/10/2002,87.9,1.48
2/11/2002,87.8,1.2
2/12/2002,88.5,1.05
2/13/2002,71,0.83
2/14/2002,67.6,0.79
2/15/2002,66.7,0.78
2/16/2002,65.3,0.76
2/17/2002,65.3,0.76
2/18/2002,64.7,0.75
2/19/2002,56.7,0.77
2/20/2002,40.8,0.75
2/21/2002,43.9,0.8
2/22/2002,42.7,0.78
2/23/2002,43.1,0.78
2/24/2002,38.5,-0.18
2/25/2002,51.8,0.91
2/26/2002,59.9,1.01
2/27/2002,70.7,1.15
2/28/2002,72.7,1.18
3/1/2002,52.6,2.06
3/2/2002,103,1.55
3/3/2002,241,2.96
3/4/2002,196,-21.41
3/5/2002,350,4.35
3/6/2002,211,3.36
3/7/2002,230,3.26
3/8/2002,280,3.25
3/9/2002,266,-8.54
3/10/2002,266,3.13
3/11/2002,112,-49.93
3/12/2002,105,1.4
3/13/2002,73,0.94
3/14/2002,168,2.02
3/15/2002,-338.8,35.59
3/16/2002,NA,99.9
3/17/2002,NA,74.88
3/18/2002,NA,99.83
3/19/2002,-457.9,45.75
3/20/2002,0,0
3/21/2002,170,4.31
3/22/2002,116,1.59
3/23/2002,28.1,0.5
3/24/2002,14.6,0.29
3/25/2002,-266.9,27.15
3/26/2002,NA,99.96
3/27/2002,NA,99.95
3/28/2002,NA,99.95
3/29/2002,NA,99.95
3/30/2002,NA,99.95
3/31/2002,NA,99.94
4/1/2002,NA,99.94
4/2/2002,-509.9,51.01
4/3/2002,0,0
4/4/2002,0,0
4/5/2002,0,0
4/6/2002,0,0
4/7/2002,0,0
4/8/2002,0,0
4/9/2002,-187.3,18.75
4/10/2002,0,0
4/11/2002,-166.5,16.66
4/12/2002,-811.7,81.24
4/13/2002,NA,99.99
4/14/2002,NA,99.99
4/15/2002,-967.8,96.87
4/16/2002,NA,99.99
4/17/2002,NA,99.99
4/18/2002,NA,99.99
4/19/2002,NA,99.99
4/20/2002,NA,99.99
4/21/2002,NA,99.99
4/22/2002,NA,99.99
4/23/2002,NA,99.99
4/24/2002,NA,99.99
4/25/2002,NA,99.99
4/26/2002,NA,99.99
4/27/2002,NA,99.99
4/28/2002,NA,99.99
4/29/2002,NA,99.99
4/30/2002,NA,99.99
5/1/2002,NA,99.99
5/2/2002,NA,99.99
5/3/2002,NA,99.99
5/4/2002,NA,99.99
5/5/2002,NA,99.99
5/6/2002,NA,99.99
5/7/2002,NA,99.99
5/8/2002,NA,99.99
5/9/2002,NA,99.99
5/10/2002,NA,99.99
5/11/2002,NA,99.99
5/12/2002,NA,99.99
5/13/2002,NA,99.99
5/14/2002,NA,99.99
5/15/2002,NA,99.99
5/16/2002,NA,99.98
5/17/2002,NA,99.98
5/18/2002,NA,99.98
5/19/2002,NA,99.98
5/20/2002,NA,99.98
5/21/2002,NA,99.98
5/22/2002,NA,99.98
5/23/2002,NA,99.98
5/24/2002,NA,99.98
5/25/2002,NA,99.98
5/26/2002,NA,99.98
5/27/2002,NA,99.98
5/28/2002,NA,99.98
5/29/2002,NA,99.98
5/30/2002,NA,99.98
5/31/2002,NA,99.98
6/1/2002,NA,99.98
6/2/2002,NA,99.98
6/3/2002,NA,99.98
6/4/2002,-243.5,25.12
6/5/2002,0.923,0.02
6/6/2002,-811.7,81.24
6/7/2002,-894.9,89.57
6/8/2002,NA,99.99
6/9/2002,NA,99.99
6/10/2002,NA,99.99
6/11/2002,NA,99.99
6/12/2002,NA,99.99
6/13/2002,NA,99.99
6/14/2002,NA,99.99
6/15/2002,NA,99.99
6/16/2002,NA,99.99
6/17/2002,NA,99.99
6/18/2002,NA,99.99
6/19/2002,NA,99.99
6/20/2002,NA,99.99
6/21/2002,NA,99.99
6/22/2002,NA,99.99
6/23/2002,NA,99.99
6/24/2002,NA,99.99
6/25/2002,NA,65.65
6/26/2002,NA,99.99
6/27/2002,NA,99.99
6/28/2002,NA,99.99
6/29/2002,NA,99.99
6/30/2002,NA,99.99
7/1/2002,NA,99.99
7/2/2002,NA,99.99
7/3/2002,NA,99.99
7/4/2002,NA,99.98
7/5/2002,NA,99.98
7/6/2002,NA,99.98
7/7/2002,NA,99.98
7/8/2002,NA,99.98
7/9/2002,NA,99.98
7/10/2002,NA,99.98
7/11/2002,NA,99.98
7/12/2002,NA,99.98
7/13/2002,NA,99.98
7/14/2002,NA,99.98
7/15/2002,NA,99.98
7/16/2002,NA,99.98
7/17/2002,NA,99.98
7/18/2002,NA,99.98
7/19/2002,NA,99.98
7/20/2002,NA,99.98
7/21/2002,NA,99.98
7/22/2002,NA,99.98
7/23/2002,NA,99.98
7/24/2002,-394.5,39.59
7/25/2002,0.084,0
7/26/2002,0.059,0
7/27/2002,0,0
7/28/2002,0,0
7/29/2002,0,0
7/30/2002,0,0
7/31/2002,0,0
8/1/2002,0,0
8/2/2002,0,0
8/3/2002,0,0
8/4/2002,0,0
8/5/2002,0,0
8/6/2002,0,0
8/7/2002,-10.4,-10.41
8/8/2002,0,0
8/9/2002,0,0
8/10/2002,0,0
8/11/2002,0,0
8/12/2002,0,0
8/13/2002,0,0
8/14/2002,0,0
8/15/2002,0,0
8/16/2002,0,0
8/17/2002,0,0
8/18/2002,0,0
8/19/2002,0,0
8/20/2002,0,0
8/21/2002,0,0
8/22/2002,0,0
8/23/2002,0,0
8/24/2002,0,0
8/25/2002,0,0
8/26/2002,0,0
8/27/2002,0,0
8/28/2002,0,0
8/29/2002,0,0
8/30/2002,0,0
8/31/2002,0,0
9/1/2002,0,0
9/2/2002,0,0
9/3/2002,0,0
9/4/2002,0,0
9/5/2002,0,0
9/6/2002,0,0
9/7/2002,0,0
9/8/2002,0,0
9/9/2002,0,0
9/10/2002,0,0
9/11/2002,-456.6,45.85
9/12/2002,-718,71.87
9/13/2002,-822.1,82.28
9/14/2002,NA,99.99
9/15/2002,-645.2,64.58
9/16/2002,-561.9,56.24
9/17/2002,-385,38.54
9/18/2002,0,0
9/19/2002,-187.3,18.75
9/20/2002,-374.6,37.5
9/21/2002,-166.5,16.67
9/22/2002,-145.7,14.58
9/23/2002,-135.3,13.54
9/24/2002,-208.1,20.83
9/25/2002,-83.2,8.33
9/26/2002,-20.8,2.08
9/27/2002,-260.2,26.04
9/28/2002,0,0
9/29/2002,-72.8,7.29
9/30/2002,0,0
10/1/2002,0,0
10/2/2002,-405.8,40.62
10/3/2002,NA,99.99
10/4/2002,NA,99.99
10/5/2002,NA,99.99
10/6/2002,NA,99.99
10/7/2002,NA,99.99
10/8/2002,NA,99.99
10/9/2002,NA,99.99
10/10/2002,NA,99.99
10/11/2002,NA,99.99
10/12/2002,NA,99.99
10/13/2002,NA,99.99
10/14/2002,NA,99.99
10/15/2002,NA,99.99
10/16/2002,NA,99.99
10/17/2002,NA,99.99
10/18/2002,NA,99.99
10/19/2002,-926.2,121.54
10/20/2002,NA,99.99
10/21/2002,NA,99.99
10/22/2002,NA,99.99
10/23/2002,NA,99.99
10/24/2002,NA,99.99
10/25/2002,NA,99.99
10/26/2002,NA,99.99
10/27/2002,NA,99.99
10/28/2002,NA,99.99
10/29/2002,NA,99.99
10/30/2002,NA,99.99
10/31/2002,NA,99.99
11/1/2002,NA,88.54
11/2/2002,NA,99.99
11/3/2002,NA,99.98
11/4/2002,NA,99.99
11/5/2002,NA,99.99
11/6/2002,NA,99.99
11/7/2002,NA,99.99
11/8/2002,NA,99.99
11/9/2002,NA,99.99
11/10/2002,NA,99.99
11/11/2002,NA,99.99
11/12/2002,NA,99.99
11/13/2002,NA,99.99
11/14/2002,NA,99.99
11/15/2002,NA,99.99
11/16/2002,NA,99.99
11/17/2002,NA,99.99
11/18/2002,NA,99.99
11/19/2002,NA,99.99
11/20/2002,NA,99.99
11/21/2002,NA,99.99
11/22/2002,NA,99.99
11/23/2002,NA,99.99
11/24/2002,NA,99.99
11/25/2002,NA,99.99
11/26/2002,NA,99.99
11/27/2002,NA,99.99
11/28/2002,NA,99.99
11/29/2002,NA,99.99
11/30/2002,NA,99.99
12/1/2002,NA,99.99
12/2/2002,NA,99.99
12/3/2002,NA,99.99
12/4/2002,NA,99.99
12/5/2002,NA,99.99
12/6/2002,NA,99.98
12/7/2002,NA,99.98
12/8/2002,NA,99.98
12/9/2002,NA,99.98
12/10/2002,NA,99.98
12/11/2002,NA,99.98
12/12/2002,NA,99.98
12/13/2002,NA,99.98
12/14/2002,NA,99.98
12/15/2002,NA,99.98
12/16/2002,NA,99.99
12/17/2002,NA,99.99
12/18/2002,NA,99.99
12/19/2002,NA,99.99
12/20/2002,NA,99.99
12/21/2002,NA,99.99
12/22/2002,NA,99.99
12/23/2002,NA,99.98
12/24/2002,NA,99.99
12/25/2002,-291.4,29.16
12/26/2002,0.488,0.01
12/27/2002,0.912,0.03
12/28/2002,1.1,0.03
12/29/2002,0.62,0.02
12/30/2002,-790.9,79.16
12/31/2002,NA,99.99
1/1/2003,NA,99.99
1/2/2003,NA,99.99
1/3/2003,NA,99.99
1/4/2003,NA,99.99
1/5/2003,NA,99.99
1/6/2003,NA,99.99
1/7/2003,NA,99.99
1/8/2003,NA,99.99
1/9/2003,NA,99.99
1/10/2003,NA,99.99
1/11/2003,NA,99.99
1/12/2003,NA,99.98
1/13/2003,NA,99.99
1/14/2003,NA,99.99
1/15/2003,NA,99.98
1/16/2003,NA,99.98
1/17/2003,NA,99.98
1/18/2003,NA,99.99
1/19/2003,NA,99.99
1/20/2003,NA,99.99
1/21/2003,NA,99.99
1/22/2003,NA,99.99
1/23/2003,NA,99.99
1/24/2003,-499.5,49.99
1/25/2003,NA,99.99
1/26/2003,NA,99.98
1/27/2003,NA,99.98
1/28/2003,NA,99.98
1/29/2003,NA,99.98
1/30/2003,NA,99.98
1/31/2003,NA,99.98
2/1/2003,NA,99.99
2/2/2003,NA,99.99
2/3/2003,NA,99.98
2/4/2003,NA,99.98
2/5/2003,NA,99.98
2/6/2003,NA,99.98
2/7/2003,-988.6,51.53
2/8/2003,-103.9,-35.51
2/9/2003,0.3,0.01
2/10/2003,-18.2,-18.83
2/11/2003,0.272,0.01
2/12/2003,-237.3,23.75
2/13/2003,-561.9,55.87
2/14/2003,0,0
2/15/2003,0,0
2/16/2003,0,0
2/17/2003,0,0
2/18/2003,0,0
2/19/2003,0,0
2/20/2003,0,0
2/21/2003,0,0
2/22/2003,0,0
2/23/2003,0,0
2/24/2003,0.291,0.01
2/25/2003,0.122,0
2/26/2003,0,0
2/27/2003,-759.7,76.03
2/28/2003,NA,99.98
3/1/2003,NA,99.98
3/2/2003,NA,99.98
3/3/2003,NA,99.98
3/4/2003,NA,99.98
3/5/2003,NA,99.98
3/6/2003,NA,99.98
3/7/2003,NA,99.98
3/8/2003,NA,99.98
3/9/2003,NA,99.98
3/10/2003,NA,99.98
3/11/2003,NA,99.98
3/12/2003,NA,99.98
3/13/2003,NA,99.98
3/14/2003,NA,99.99
3/15/2003,NA,99.99
3/16/2003,NA,99.99
3/17/2003,NA,99.98
3/18/2003,NA,99.98
3/19/2003,NA,52.2
3/20/2003,NA,99.98
3/21/2003,NA,99.98
3/22/2003,NA,99.98
3/23/2003,NA,99.98
3/24/2003,NA,99.98
3/25/2003,NA,99.98
3/26/2003,NA,99.98
3/27/2003,NA,99.98
3/28/2003,NA,99.98
3/29/2003,NA,99.98
3/30/2003,NA,99.98
3/31/2003,NA,99.98
4/1/2003,NA,99.98
4/2/2003,NA,99.98
4/3/2003,NA,99.98
4/4/2003,NA,99.98
4/5/2003,NA,99.98
4/6/2003,NA,99.98
4/7/2003,NA,99.98
4/8/2003,NA,99.98
4/9/2003,NA,99.98
4/10/2003,NA,99.98
4/11/2003,NA,99.98
4/12/2003,NA,99.98
4/13/2003,NA,99.98
4/14/2003,NA,99.98
4/15/2003,NA,99.98
4/16/2003,NA,99.98
4/17/2003,NA,99.98
4/18/2003,NA,99.98
4/19/2003,NA,99.98
4/20/2003,NA,99.98
4/21/2003,NA,99.98
4/22/2003,NA,99.98
4/23/2003,NA,99.98
4/24/2003,NA,99.98
4/25/2003,NA,99.98
4/26/2003,NA,99.98
4/27/2003,NA,99.98
4/28/2003,NA,99.98
4/29/2003,NA,99.98
4/30/2003,NA,99.98
5/1/2003,NA,99.98
5/2/2003,NA,99.98
5/3/2003,NA,99.98
5/4/2003,NA,99.98
5/5/2003,NA,99.98
5/6/2003,NA,99.98
5/7/2003,NA,99.98
5/8/2003,NA,99.98
5/9/2003,NA,99.98
5/10/2003,NA,99.98
5/11/2003,NA,99.98
5/12/2003,NA,99.98
5/13/2003,NA,99.98
5/14/2003,NA,99.98
5/15/2003,NA,99.98
5/16/2003,NA,99.98
5/17/2003,NA,99.98
5/18/2003,NA,99.98
5/19/2003,NA,99.98
5/20/2003,NA,99.98
5/21/2003,NA,87.77
5/22/2003,NA,99.98
5/23/2003,NA,99.98
5/24/2003,NA,99.98
5/25/2003,NA,99.98
5/26/2003,NA,99.98
5/27/2003,NA,99.98
5/28/2003,NA,99.98
5/29/2003,NA,99.98
5/30/2003,NA,99.98
5/31/2003,NA,99.98
6/1/2003,NA,99.98
6/2/2003,NA,99.58
6/3/2003,NA,99.4
6/4/2003,NA,99.4
6/5/2003,NA,99.4
6/6/2003,NA,99.4
6/7/2003,NA,99.4
6/8/2003,NA,99.4
6/9/2003,NA,99.4
6/10/2003,NA,99.4
6/11/2003,NA,99.4
6/12/2003,NA,99.4
6/13/2003,NA,99.4
6/14/2003,NA,99.4
6/15/2003,NA,99.4
6/16/2003,NA,99.4
6/17/2003,NA,99.4
6/18/2003,NA,99.4
6/19/2003,NA,99.4
6/20/2003,NA,99.4
6/21/2003,NA,99.4
6/22/2003,NA,99.4
6/23/2003,NA,99.4
6/24/2003,NA,60.63
6/25/2003,NA,99.4
6/26/2003,NA,99.4
6/27/2003,NA,99.4
6/28/2003,NA,99.4
6/29/2003,NA,99.4
6/30/2003,NA,99.4
7/1/2003,-926.2,92.15
7/2/2003,NA,99.4
7/3/2003,NA,99.4
7/4/2003,NA,99.4
7/5/2003,NA,99.4
7/6/2003,NA,99.4
7/7/2003,NA,99.4
7/8/2003,NA,99.4
7/9/2003,NA,99.4
7/10/2003,NA,99.4
7/11/2003,NA,99.4
7/12/2003,NA,99.4
7/13/2003,NA,99.4
7/14/2003,NA,99.4
7/15/2003,NA,99.4
7/16/2003,NA,99.4
7/17/2003,NA,99.4
7/18/2003,NA,99.4
7/19/2003,NA,99.4
7/20/2003,NA,99.49
7/21/2003,NA,99.54
7/22/2003,NA,99.47
7/23/2003,NA,99.47
7/24/2003,NA,99.47
7/25/2003,NA,99.47
7/26/2003,NA,99.47
7/27/2003,NA,99.47
7/28/2003,NA,99.47
7/29/2003,NA,99.47
7/30/2003,NA,99.46
7/31/2003,NA,99.46
8/1/2003,NA,99.47
8/2/2003,NA,99.46
8/3/2003,NA,99.46
8/4/2003,NA,99.46
8/5/2003,NA,99.46
8/6/2003,NA,99.46
8/7/2003,NA,99.46
8/8/2003,NA,99.46
8/9/2003,NA,99.46
8/10/2003,NA,99.46
8/11/2003,NA,99.46
8/12/2003,NA,99.46
8/13/2003,NA,99.46
8/14/2003,NA,99.46
8/15/2003,NA,99.46
8/16/2003,NA,99.46
8/17/2003,NA,99.46
8/18/2003,NA,99.46
8/19/2003,NA,99.46
8/20/2003,NA,99.46
8/21/2003,NA,99.46
8/22/2003,NA,99.46
8/23/2003,NA,99.46
8/24/2003,NA,99.46
8/25/2003,NA,99.46
8/26/2003,NA,99.46
8/27/2003,NA,99.46
8/28/2003,NA,99.46
8/29/2003,NA,99.46
8/30/2003,NA,99.46
8/31/2003,NA,99.46
9/1/2003,NA,99.46
9/2/2003,NA,99.46
9/3/2003,NA,99.46
9/4/2003,NA,99.46
9/5/2003,NA,99.46
9/6/2003,NA,99.46
9/7/2003,NA,99.46
9/8/2003,NA,99.46
9/9/2003,NA,99.46
9/10/2003,NA,99.46
9/11/2003,NA,99.46
9/12/2003,NA,99.46
9/13/2003,NA,99.46
9/14/2003,NA,99.46
9/15/2003,NA,99.46
9/16/2003,NA,99.46
9/17/2003,NA,99.46
9/18/2003,NA,99.46
9/19/2003,NA,99.46
9/20/2003,NA,99.46
9/21/2003,NA,99.46
9/22/2003,NA,99.46
9/23/2003,NA,99.46
9/24/2003,NA,99.46
9/25/2003,NA,99.46
9/26/2003,NA,99.46
9/27/2003,NA,99.46
9/28/2003,NA,99.46
9/29/2003,NA,99.46
9/30/2003,NA,99.46
10/1/2003,NA,99.46
10/2/2003,NA,99.46
10/3/2003,NA,99.46
10/4/2003,NA,99.46
10/5/2003,NA,99.46
10/6/2003,NA,99.46
10/7/2003,NA,99.46
10/8/2003,NA,99.46
10/9/2003,NA,99.46
10/10/2003,NA,99.46
10/11/2003,NA,99.46
10/12/2003,NA,99.46
10/13/2003,NA,99.46
10/14/2003,NA,NA
10/15/2003,NA,NA
10/16/2003,NA,NA
10/17/2003,NA,NA
10/18/2003,NA,NA
10/19/2003,NA,NA
10/20/2003,NA,NA
10/21/2003,NA,NA
10/22/2003,0,0
10/23/2003,0,0
10/24/2003,0,0
10/25/2003,0,0
10/26/2003,0,0
10/27/2003,0,0
10/28/2003,0,0
10/29/2003,0,0
10/30/2003,0,-0.85
10/31/2003,0,0
11/1/2003,0,0
11/2/2003,-114.5,11.46
11/3/2003,NA,99.99
11/4/2003,NA,99.99
11/5/2003,NA,99.99
11/6/2003,NA,99.99
11/7/2003,NA,99.99
11/8/2003,NA,99.99
11/9/2003,NA,99.99
11/10/2003,NA,99.99
11/11/2003,NA,99.99
11/12/2003,NA,99.99
11/13/2003,NA,99.99
11/14/2003,NA,99.99
11/15/2003,NA,99.99
11/16/2003,NA,99.99
11/17/2003,NA,99.99
11/18/2003,NA,99.99
11/19/2003,NA,99.99
11/20/2003,NA,99.99
11/21/2003,NA,41.53
11/22/2003,NA,99.99
11/23/2003,NA,99.99
11/24/2003,NA,99.99
11/25/2003,NA,99.99
11/26/2003,NA,99.99
11/27/2003,NA,99.99
11/28/2003,NA,99.99
11/29/2003,NA,99.99
11/30/2003,NA,99.99
12/1/2003,NA,99.99
12/2/2003,NA,-9.91
12/3/2003,NA,99.99
12/4/2003,NA,99.99
12/5/2003,NA,99.99
12/6/2003,NA,99.99
12/7/2003,NA,99.99
12/8/2003,NA,99.99
12/9/2003,NA,99.99
12/10/2003,NA,99.99
12/11/2003,NA,NA
12/12/2003,NA,NA
12/13/2003,NA,NA
12/14/2003,NA,NA
12/15/2003,NA,NA
12/16/2003,NA,NA
12/17/2003,NA,NA
12/18/2003,NA,NA
12/19/2003,NA,NA
12/20/2003,NA,NA
12/21/2003,NA,NA
12/22/2003,NA,NA
12/23/2003,NA,NA
12/24/2003,NA,NA
12/25/2003,NA,NA
12/26/2003,NA,NA
12/27/2003,NA,NA
12/28/2003,NA,NA
12/29/2003,NA,NA
12/30/2003,NA,NA
12/31/2003,NA,NA
1/1/2004,NA,NA
1/2/2004,NA,NA
1/3/2004,NA,NA
1/4/2004,NA,NA
1/5/2004,NA,NA
1/6/2004,NA,NA
1/7/2004,NA,NA
1/8/2004,NA,NA
1/9/2004,NA,NA
1/10/2004,NA,NA
1/11/2004,NA,NA
1/12/2004,NA,NA
1/13/2004,NA,NA
1/14/2004,NA,NA
1/15/2004,NA,NA
1/16/2004,NA,NA
1/17/2004,NA,NA
1/18/2004,NA,NA
1/19/2004,NA,NA
1/20/2004,NA,NA
1/21/2004,NA,NA
1/22/2004,NA,NA
1/23/2004,NA,NA
1/24/2004,NA,NA
1/25/2004,NA,NA
1/26/2004,NA,NA
1/27/2004,NA,NA
1/28/2004,NA,NA
1/29/2004,NA,NA
1/30/2004,NA,NA
1/31/2004,NA,NA
2/1/2004,NA,NA
2/2/2004,NA,NA
2/3/2004,NA,NA
2/4/2004,NA,NA
2/5/2004,NA,NA
2/6/2004,NA,NA
2/7/2004,NA,NA
2/8/2004,NA,NA
2/9/2004,NA,NA
2/10/2004,NA,NA
2/11/2004,NA,NA
2/12/2004,NA,NA
2/13/2004,NA,NA
2/14/2004,NA,NA
2/15/2004,NA,NA
2/16/2004,NA,NA
2/17/2004,NA,NA
2/18/2004,NA,NA
2/19/2004,NA,NA
2/20/2004,NA,NA
2/21/2004,NA,NA
2/22/2004,NA,NA
2/23/2004,NA,NA
2/24/2004,NA,NA
2/25/2004,NA,NA
2/26/2004,NA,NA
2/27/2004,NA,NA
2/28/2004,NA,NA
2/29/2004,NA,NA
3/1/2004,NA,NA
3/2/2004,NA,NA
3/3/2004,NA,NA
3/4/2004,NA,NA
3/5/2004,NA,NA
3/6/2004,NA,NA
3/7/2004,NA,NA
3/8/2004,NA,NA
3/9/2004,NA,NA
3/10/2004,NA,NA
3/11/2004,NA,NA
3/12/2004,NA,NA
3/13/2004,NA,NA
3/14/2004,NA,NA
3/15/2004,NA,NA
3/16/2004,NA,NA
3/17/2004,NA,NA
3/18/2004,NA,NA
3/19/2004,NA,NA
3/20/2004,NA,NA
3/21/2004,NA,NA
3/22/2004,NA,NA
3/23/2004,NA,NA
3/24/2004,NA,NA
3/25/2004,NA,NA
3/26/2004,NA,NA
3/27/2004,NA,NA
3/28/2004,NA,NA
3/29/2004,NA,NA
3/30/2004,NA,NA
3/31/2004,NA,NA
4/1/2004,NA,NA
4/2/2004,NA,NA
4/3/2004,NA,NA
4/4/2004,NA,NA
4/5/2004,NA,NA
4/6/2004,NA,NA
4/7/2004,NA,NA
4/8/2004,NA,NA
4/9/2004,NA,NA
4/10/2004,NA,NA
4/11/2004,NA,NA
4/12/2004,NA,NA
4/13/2004,NA,NA
4/14/2004,NA,NA
4/15/2004,NA,NA
4/16/2004,NA,NA
4/17/2004,NA,NA
4/18/2004,NA,NA
4/19/2004,NA,NA
4/20/2004,NA,NA
4/21/2004,NA,NA
4/22/2004,NA,NA
4/23/2004,NA,NA
4/24/2004,NA,NA
4/25/2004,NA,NA
4/26/2004,NA,NA
4/27/2004,NA,NA
4/28/2004,NA,NA
4/29/2004,NA,NA
4/30/2004,NA,NA
5/1/2004,NA,NA
5/2/2004,NA,NA
5/3/2004,NA,NA
5/4/2004,NA,NA
5/5/2004,NA,NA
5/6/2004,NA,NA
5/7/2004,NA,NA
5/8/2004,NA,NA
5/9/2004,NA,NA
5/10/2004,NA,NA
5/11/2004,NA,NA
5/12/2004,NA,NA
5/13/2004,NA,NA
5/14/2004,NA,NA
5/15/2004,NA,NA
5/16/2004,NA,NA
5/17/2004,NA,NA
5/18/2004,NA,NA
5/19/2004,NA,NA
5/20/2004,NA,NA
5/21/2004,NA,NA
5/22/2004,NA,NA
5/23/2004,NA,NA
5/24/2004,NA,NA
5/25/2004,NA,NA
5/26/2004,NA,NA
5/27/2004,NA,NA
5/28/2004,NA,NA
5/29/2004,NA,NA
5/30/2004,NA,NA
5/31/2004,NA,NA
6/1/2004,NA,NA
6/2/2004,NA,NA
6/3/2004,NA,NA
6/4/2004,NA,NA
6/5/2004,NA,NA
6/6/2004,NA,NA
6/7/2004,NA,NA
6/8/2004,NA,NA
6/9/2004,NA,NA
6/10/2004,NA,NA
6/11/2004,NA,NA
6/12/2004,NA,NA
6/13/2004,NA,NA
6/14/2004,NA,NA
6/15/2004,NA,NA
6/16/2004,NA,NA
6/17/2004,NA,NA
6/18/2004,NA,NA
6/19/2004,NA,NA
6/20/2004,NA,NA
6/21/2004,NA,NA
6/22/2004,NA,NA
6/23/2004,NA,NA
6/24/2004,NA,NA
6/25/2004,NA,NA
6/26/2004,NA,NA
6/27/2004,NA,NA
6/28/2004,NA,NA
6/29/2004,NA,NA
6/30/2004,NA,NA
7/1/2004,NA,NA
7/2/2004,NA,NA
7/3/2004,NA,NA
7/4/2004,NA,NA
7/5/2004,NA,NA
7/6/2004,NA,NA
7/7/2004,NA,NA
7/8/2004,NA,NA
7/9/2004,NA,NA
7/10/2004,NA,NA
7/11/2004,NA,NA
7/12/2004,NA,NA
7/13/2004,NA,NA
7/14/2004,NA,NA
7/15/2004,NA,NA
7/16/2004,NA,NA
7/17/2004,NA,NA
7/18/2004,NA,NA
7/19/2004,NA,NA
7/20/2004,NA,NA
7/21/2004,NA,NA
7/22/2004,NA,NA
7/23/2004,NA,NA
7/24/2004,NA,NA
7/25/2004,NA,NA
7/26/2004,NA,NA
7/27/2004,NA,NA
7/28/2004,NA,NA
7/29/2004,NA,NA
7/30/2004,NA,NA
7/31/2004,NA,NA
8/1/2004,NA,NA
8/2/2004,NA,NA
8/3/2004,NA,NA
8/4/2004,NA,NA
8/5/2004,NA,NA
8/6/2004,NA,NA
8/7/2004,NA,NA
8/8/2004,NA,NA
8/9/2004,NA,NA
8/10/2004,NA,NA
8/11/2004,NA,NA
8/12/2004,NA,NA
8/13/2004,NA,NA
8/14/2004,NA,NA
8/15/2004,NA,NA
8/16/2004,NA,NA
8/17/2004,NA,NA
8/18/2004,NA,NA
8/19/2004,NA,NA
8/20/2004,NA,NA
8/21/2004,NA,NA
8/22/2004,NA,NA
8/23/2004,NA,NA
8/24/2004,NA,NA
8/25/2004,NA,NA
8/26/2004,NA,NA
8/27/2004,NA,NA
8/28/2004,NA,NA
8/29/2004,NA,NA
8/30/2004,NA,NA
8/31/2004,NA,NA
9/1/2004,NA,NA
9/2/2004,NA,NA
9/3/2004,NA,NA
9/4/2004,NA,NA
9/5/2004,NA,NA
9/6/2004,NA,NA
9/7/2004,NA,NA
9/8/2004,NA,NA
9/9/2004,NA,NA
9/10/2004,NA,NA
9/11/2004,NA,NA
9/12/2004,NA,NA
9/13/2004,NA,NA
9/14/2004,NA,NA
9/15/2004,NA,NA
9/16/2004,NA,NA
9/17/2004,NA,NA
9/18/2004,NA,NA
9/19/2004,NA,NA
9/20/2004,NA,NA
9/21/2004,NA,NA
9/22/2004,NA,NA
9/23/2004,NA,NA
9/24/2004,NA,NA
9/25/2004,NA,NA
9/26/2004,NA,NA
9/27/2004,NA,NA
9/28/2004,NA,NA
9/29/2004,NA,NA
9/30/2004,NA,NA
10/1/2004,NA,NA
10/2/2004,NA,NA
10/3/2004,NA,NA
10/4/2004,NA,NA
10/5/2004,NA,NA
10/6/2004,NA,NA
10/7/2004,NA,NA
10/8/2004,NA,NA
10/9/2004,NA,NA
10/10/2004,NA,NA
10/11/2004,NA,NA
10/12/2004,NA,NA
10/13/2004,NA,NA
10/14/2004,NA,NA
10/15/2004,NA,NA
10/16/2004,NA,NA
10/17/2004,NA,NA
10/18/2004,NA,NA
10/19/2004,NA,NA
10/20/2004,NA,NA
10/21/2004,NA,NA
10/22/2004,NA,NA
10/23/2004,NA,NA
10/24/2004,NA,NA
10/25/2004,NA,NA
10/26/2004,NA,NA
10/27/2004,NA,NA
10/28/2004,NA,NA
10/29/2004,NA,NA
10/30/2004,NA,NA
10/31/2004,NA,NA
11/1/2004,NA,NA
11/2/2004,NA,NA
11/3/2004,NA,NA
11/4/2004,NA,NA
11/5/2004,NA,NA
11/6/2004,NA,NA
11/7/2004,NA,NA
11/8/2004,NA,NA
11/9/2004,NA,NA
11/10/2004,NA,NA
11/11/2004,NA,NA
11/12/2004,NA,NA
11/13/2004,NA,NA
11/14/2004,NA,NA
11/15/2004,NA,NA
11/16/2004,NA,NA
11/17/2004,NA,NA
11/18/2004,NA,NA
11/19/2004,NA,NA
11/20/2004,NA,NA
11/21/2004,NA,NA
11/22/2004,NA,NA
11/23/2004,NA,NA
11/24/2004,NA,NA
11/25/2004,NA,NA
11/26/2004,NA,NA
11/27/2004,NA,NA
11/28/2004,NA,NA
11/29/2004,NA,NA
11/30/2004,NA,NA
12/1/2004,NA,NA
12/2/2004,NA,NA
12/3/2004,NA,NA
12/4/2004,NA,NA
12/5/2004,NA,NA
12/6/2004,NA,NA
12/7/2004,NA,NA
12/8/2004,NA,NA
12/9/2004,NA,NA
12/10/2004,NA,NA
12/11/2004,NA,NA
12/12/2004,NA,NA
12/13/2004,NA,NA
12/14/2004,NA,NA
12/15/2004,NA,NA
12/16/2004,NA,NA
12/17/2004,NA,NA
12/18/2004,NA,NA
12/19/2004,NA,NA
12/20/2004,NA,NA
12/21/2004,NA,NA
12/22/2004,NA,NA
12/23/2004,NA,NA
12/24/2004,NA,NA
12/25/2004,NA,NA
12/26/2004,NA,NA
12/27/2004,NA,NA
12/28/2004,NA,NA
12/29/2004,NA,NA
12/30/2004,NA,NA
12/31/2004,NA,NA
1/1/2005,NA,NA
1/2/2005,NA,NA
1/3/2005,NA,NA
1/4/2005,NA,NA
1/5/2005,NA,NA
1/6/2005,NA,NA
1/7/2005,NA,NA
1/8/2005,NA,NA
1/9/2005,NA,NA
1/10/2005,NA,NA
1/11/2005,NA,NA
1/12/2005,NA,NA
1/13/2005,NA,NA
1/14/2005,NA,NA
1/15/2005,NA,NA
1/16/2005,NA,NA
1/17/2005,NA,NA
1/18/2005,NA,NA
1/19/2005,NA,NA
1/20/2005,NA,NA
1/21/2005,NA,NA
1/22/2005,NA,NA
1/23/2005,NA,NA
1/24/2005,NA,NA
1/25/2005,NA,NA
1/26/2005,NA,NA
1/27/2005,NA,NA
1/28/2005,NA,NA
1/29/2005,NA,NA
1/30/2005,NA,NA
1/31/2005,NA,NA
2/1/2005,NA,NA
2/2/2005,NA,NA
2/3/2005,NA,NA
2/4/2005,NA,NA
2/5/2005,NA,NA
2/6/2005,NA,NA
2/7/2005,NA,NA
2/8/2005,NA,NA
2/9/2005,NA,NA
2/10/2005,NA,NA
2/11/2005,NA,NA
2/12/2005,NA,NA
2/13/2005,NA,NA
2/14/2005,NA,NA
2/15/2005,NA,NA
2/16/2005,NA,NA
2/17/2005,NA,NA
2/18/2005,NA,NA
2/19/2005,NA,NA
2/20/2005,NA,NA
2/21/2005,NA,NA
2/22/2005,NA,NA
2/23/2005,NA,NA
2/24/2005,NA,NA
2/25/2005,NA,NA
2/26/2005,NA,NA
2/27/2005,NA,NA
2/28/2005,NA,NA
3/1/2005,NA,NA
3/2/2005,NA,NA
3/3/2005,NA,NA
3/4/2005,NA,NA
3/5/2005,NA,NA
3/6/2005,NA,NA
3/7/2005,NA,NA
3/8/2005,NA,NA
3/9/2005,NA,NA
3/10/2005,NA,NA
3/11/2005,NA,NA
3/12/2005,NA,NA
3/13/2005,NA,NA
3/14/2005,NA,NA
3/15/2005,NA,NA
3/16/2005,NA,NA
3/17/2005,NA,NA
3/18/2005,NA,NA
3/19/2005,NA,NA
3/20/2005,NA,NA
3/21/2005,NA,NA
3/22/2005,NA,NA
3/23/2005,NA,NA
3/24/2005,NA,NA
3/25/2005,NA,NA
3/26/2005,NA,NA
3/27/2005,NA,NA
3/28/2005,NA,NA
3/29/2005,NA,NA
3/30/2005,NA,NA
3/31/2005,NA,NA
4/1/2005,NA,NA
4/2/2005,NA,NA
4/3/2005,NA,NA
4/4/2005,NA,NA
4/5/2005,NA,NA
4/6/2005,NA,NA
4/7/2005,NA,NA
4/8/2005,NA,NA
4/9/2005,NA,NA
4/10/2005,NA,NA
4/11/2005,NA,NA
4/12/2005,NA,NA
4/13/2005,NA,NA
4/14/2005,NA,NA
4/15/2005,NA,NA
4/16/2005,NA,NA
4/17/2005,NA,NA
4/18/2005,NA,NA
4/19/2005,NA,NA
4/20/2005,NA,NA
4/21/2005,NA,NA
4/22/2005,NA,NA
4/23/2005,NA,NA
4/24/2005,NA,NA
4/25/2005,NA,NA
4/26/2005,NA,NA
4/27/2005,NA,NA
4/28/2005,NA,NA
4/29/2005,NA,NA
4/30/2005,NA,NA
5/1/2005,NA,NA
5/2/2005,NA,NA
5/3/2005,NA,NA
5/4/2005,NA,NA
5/5/2005,NA,NA
5/6/2005,NA,NA
5/7/2005,NA,NA
5/8/2005,NA,NA
5/9/2005,NA,NA
5/10/2005,NA,NA
5/11/2005,NA,NA
5/12/2005,NA,NA
5/13/2005,NA,NA
5/14/2005,NA,NA
5/15/2005,NA,NA
5/16/2005,NA,NA
5/17/2005,NA,NA
5/18/2005,NA,NA
5/19/2005,NA,NA
5/20/2005,NA,NA
5/21/2005,NA,NA
5/22/2005,NA,NA
5/23/2005,NA,NA
5/24/2005,NA,NA
5/25/2005,NA,NA
5/26/2005,NA,NA
5/27/2005,NA,NA
5/28/2005,NA,NA
5/29/2005,NA,NA
5/30/2005,NA,NA
5/31/2005,NA,NA
6/1/2005,NA,NA
6/2/2005,NA,NA
6/3/2005,NA,NA
6/4/2005,NA,NA
6/5/2005,NA,NA
6/6/2005,NA,NA
6/7/2005,NA,NA
6/8/2005,NA,NA
6/9/2005,NA,NA
6/10/2005,NA,NA
6/11/2005,NA,NA
6/12/2005,NA,NA
6/13/2005,NA,NA
6/14/2005,NA,NA
6/15/2005,NA,NA
6/16/2005,NA,NA
6/17/2005,NA,NA
6/18/2005,NA,NA
6/19/2005,NA,NA
6/20/2005,NA,NA
6/21/2005,NA,NA
6/22/2005,NA,NA
6/23/2005,NA,NA
6/24/2005,NA,NA
6/25/2005,NA,NA
6/26/2005,NA,NA
6/27/2005,NA,NA
6/28/2005,NA,NA
6/29/2005,NA,NA
6/30/2005,NA,NA
7/1/2005,NA,NA
7/2/2005,NA,NA
7/3/2005,NA,NA
7/4/2005,NA,NA
7/5/2005,NA,NA
7/6/2005,NA,NA
7/7/2005,NA,NA
7/8/2005,NA,NA
7/9/2005,NA,NA
7/10/2005,NA,NA
7/11/2005,NA,NA
7/12/2005,NA,NA
7/13/2005,NA,NA
7/14/2005,NA,NA
7/15/2005,NA,NA
7/16/2005,NA,NA
7/17/2005,NA,NA
7/18/2005,NA,NA
7/19/2005,NA,NA
7/20/2005,NA,NA
7/21/2005,NA,NA
7/22/2005,NA,NA
7/23/2005,NA,NA
7/24/2005,NA,NA
7/25/2005,NA,NA
7/26/2005,NA,NA
7/27/2005,NA,NA
7/28/2005,NA,NA
7/29/2005,NA,NA
7/30/2005,NA,NA
7/31/2005,NA,NA
8/1/2005,NA,NA
8/2/2005,NA,NA
8/3/2005,NA,NA
8/4/2005,NA,NA
8/5/2005,NA,NA
8/6/2005,NA,NA
8/7/2005,NA,NA
8/8/2005,NA,NA
8/9/2005,NA,NA
8/10/2005,NA,NA
8/11/2005,NA,NA
8/12/2005,NA,NA
8/13/2005,NA,NA
8/14/2005,NA,NA
8/15/2005,NA,NA
8/16/2005,NA,NA
8/17/2005,NA,NA
8/18/2005,NA,NA
8/19/2005,NA,NA
8/20/2005,NA,NA
8/21/2005,NA,NA
8/22/2005,NA,NA
8/23/2005,NA,NA
8/24/2005,NA,NA
8/25/2005,NA,NA
8/26/2005,NA,NA
8/27/2005,NA,NA
8/28/2005,NA,NA
8/29/2005,NA,NA
8/30/2005,NA,NA
8/31/2005,NA,NA
9/1/2005,NA,NA
9/2/2005,NA,NA
9/3/2005,NA,NA
9/4/2005,NA,NA
9/5/2005,NA,NA
9/6/2005,NA,NA
9/7/2005,NA,NA
9/8/2005,NA,NA
9/9/2005,NA,NA
9/10/2005,NA,NA
9/11/2005,NA,NA
9/12/2005,NA,NA
9/13/2005,NA,NA
9/14/2005,NA,NA
9/15/2005,NA,NA
9/16/2005,NA,NA
9/17/2005,NA,NA
9/18/2005,NA,NA
9/19/2005,NA,NA
9/20/2005,NA,NA
9/21/2005,NA,NA
9/22/2005,NA,NA
9/23/2005,NA,NA
9/24/2005,NA,NA
9/25/2005,NA,NA
9/26/2005,NA,NA
9/27/2005,NA,NA
9/28/2005,NA,NA
9/29/2005,NA,NA
9/30/2005,NA,NA
10/1/2005,NA,NA
10/2/2005,NA,NA
10/3/2005,NA,NA
10/4/2005,NA,NA
10/5/2005,NA,NA
10/6/2005,NA,NA
10/7/2005,NA,NA
10/8/2005,NA,NA
10/9/2005,NA,NA
10/10/2005,NA,NA
10/11/2005,NA,NA
10/12/2005,NA,NA
10/13/2005,NA,NA
10/14/2005,NA,NA
10/15/2005,NA,NA
10/16/2005,NA,NA
10/17/2005,NA,NA
10/18/2005,NA,NA
10/19/2005,NA,NA
10/20/2005,NA,NA
10/21/2005,NA,NA
10/22/2005,NA,NA
10/23/2005,NA,NA
10/24/2005,NA,NA
10/25/2005,NA,NA
10/26/2005,NA,NA
10/27/2005,NA,NA
10/28/2005,NA,NA
10/29/2005,NA,NA
10/30/2005,NA,NA
10/31/2005,NA,NA
11/1/2005,NA,NA
11/2/2005,NA,NA
11/3/2005,NA,NA
11/4/2005,NA,NA
11/5/2005,NA,NA
11/6/2005,NA,NA
11/7/2005,NA,NA
11/8/2005,NA,NA
11/9/2005,NA,NA
11/10/2005,-241.7,-241.69
11/11/2005,0,0
11/12/2005,0,0
11/13/2005,0,0
11/14/2005,0,0
11/15/2005,497,4.77
11/16/2005,650,6.02
11/17/2005,339,5.07
11/18/2005,225,4.65
11/19/2005,200,4.41
11/20/2005,155,3.95
11/21/2005,160,3.8
11/22/2005,222,4.02
11/23/2005,222,4.02
11/24/2005,230,4.09
11/25/2005,226,4.05
11/26/2005,218,3.98
11/27/2005,206,3.87
11/28/2005,199,3.8
11/29/2005,199,3.8
11/30/2005,183,3.64
12/1/2005,185,3.65
12/2/2005,183,3.64
12/3/2005,188,3.69
12/4/2005,207,3.88
12/5/2005,230,4.08
12/6/2005,238,4.15
12/7/2005,161,3.42
12/8/2005,147,3.26
12/9/2005,185,3.66
12/10/2005,243,4.2
12/11/2005,300,4.7
12/12/2005,327,4.92
12/13/2005,366,5.22
12/14/2005,368,5.24
12/15/2005,251,4.26
12/16/2005,199,3.79
12/17/2005,192,3.73
12/18/2005,198,3.79
12/19/2005,241,4.19
12/20/2005,332,-15.74
12/21/2005,418,5.62
12/22/2005,120,-221.07
12/23/2005,487,6.13
12/24/2005,454,5.89
12/25/2005,381,5.33
12/26/2005,285,4.58
12/27/2005,270,4.44
12/28/2005,265,4.37
12/29/2005,246,4.2
12/30/2005,233,4.08
12/31/2005,232,4.07
1/1/2006,235,4.1
1/2/2006,237,4.11
1/3/2006,233,4.08
1/4/2006,229,4.03
1/5/2006,244,4.15
1/6/2006,261,4.3
1/7/2006,251,4.21
1/8/2006,254,4.24
1/9/2006,250,4.2
1/10/2006,246,4.17
1/11/2006,243,4.14
1/12/2006,243,4.14
1/13/2006,240,4.11
1/14/2006,249,4.19
1/15/2006,249,4.19
1/16/2006,244,4.15
1/17/2006,186,3.59
1/18/2006,77.2,2.37
1/19/2006,33.4,1.77
1/20/2006,38.9,1.85
1/21/2006,30.1,1.71
1/22/2006,59.8,2.11
1/23/2006,64.6,2.19
1/24/2006,102,2.67
1/25/2006,42.6,1.89
1/26/2006,15.1,1.48
1/27/2006,12.5,1.43
1/28/2006,11.6,1.42
1/29/2006,3.29,1.21
1/30/2006,24.4,1
1/31/2006,65.5,0.96
2/1/2006,62.3,0.92
2/2/2006,61.5,0.91
2/3/2006,60.8,0.9
2/4/2006,53.6,0.8
2/5/2006,80.5,1.15
2/6/2006,110,1.51
2/7/2006,117,1.59
2/8/2006,121,1.64
2/9/2006,126,1.7
2/10/2006,102,1.7
2/11/2006,113,1.91
2/12/2006,143,2.28
2/13/2006,105,1.84
2/14/2006,103,1.82
2/15/2006,97.3,1.75
2/16/2006,95.9,1.73
2/17/2006,114,2.3
2/18/2006,91.3,1.67
2/19/2006,99.2,1.76
2/20/2006,181,2.62
2/21/2006,266,3.46
2/22/2006,277,3.56
2/23/2006,165,2.51
2/24/2006,132,2.16
2/25/2006,146,2.32
2/26/2006,232,3.16
2/27/2006,270,3.5
2/28/2006,278,3.57
3/1/2006,253,3.67
3/2/2006,213,3.66
3/3/2006,194,3.48
3/4/2006,191,3.45
3/5/2006,181,3.35
3/6/2006,96.5,2.03
3/7/2006,0,0.27
3/8/2006,0,-0.01
3/9/2006,0,-0.14
3/10/2006,0,-0.15
3/11/2006,0,-0.15
3/12/2006,0,-0.15
3/13/2006,0,-0.15
3/14/2006,0,-0.15
3/15/2006,0,-0.15
3/16/2006,0,-0.15
3/17/2006,0,-0.15
3/18/2006,0,-0.16
3/19/2006,0,-0.16
3/20/2006,0,-0.16
3/21/2006,0,-0.16
3/22/2006,0,-0.16
3/23/2006,0,-0.16
3/24/2006,0,-0.16
3/25/2006,0,-0.16
3/26/2006,0,-0.16
3/27/2006,0,-0.16
3/28/2006,0,-0.16
3/29/2006,0,-0.16
3/30/2006,0,-0.16
3/31/2006,0,-0.16
4/1/2006,0,-0.16
4/2/2006,0,-0.16
4/3/2006,0,-0.16
4/4/2006,0,-0.16
4/5/2006,0,-0.16
4/6/2006,0,-0.16
4/7/2006,0,-0.16
4/8/2006,0,-0.16
4/9/2006,0,-0.16
4/10/2006,0,-0.16
4/11/2006,0,-0.16
4/12/2006,0,-0.16
4/13/2006,0,-0.16
4/14/2006,0,-0.16
4/15/2006,0,-0.16
4/16/2006,0,-0.16
4/17/2006,0,-0.16
4/18/2006,0,-0.16
4/19/2006,0,-0.16
4/20/2006,0,-0.16
4/21/2006,0,-0.16
4/22/2006,0,-0.16
4/23/2006,0,-0.16
4/24/2006,0,-0.16
4/25/2006,0,-0.16
4/26/2006,0,-0.16
4/27/2006,0,-0.16
4/28/2006,0,-0.16
4/29/2006,0,-0.16
4/30/2006,0,-0.16
5/1/2006,0,-0.16
5/2/2006,0,-0.16
5/3/2006,0,-0.16
5/4/2006,0,-0.16
5/5/2006,0,-0.17
5/6/2006,0,-0.17
5/7/2006,0,-0.17
5/8/2006,0,-0.16
5/9/2006,0,-0.16
5/10/2006,0,-0.16
5/11/2006,0,-0.16
5/12/2006,0,-0.16
5/13/2006,0,-0.16
5/14/2006,0,-0.16
5/15/2006,0,-0.16
5/16/2006,0,-0.16
5/17/2006,0,-0.16
5/18/2006,0,-0.16
5/19/2006,0,-0.16
5/20/2006,0,-0.16
5/21/2006,0,-0.16
5/22/2006,0,-0.16
5/23/2006,0,-0.1
5/24/2006,0,-0.12
5/25/2006,0,-0.13
5/26/2006,0,-0.13
5/27/2006,0,-0.13
5/28/2006,0,-0.13
5/29/2006,0,-0.13
5/30/2006,0,-0.13
5/31/2006,0,0.24
6/1/2006,0,0.04
6/2/2006,0,-0.1
6/3/2006,0,-0.11
6/4/2006,0,-0.11
6/5/2006,0,-0.11
6/6/2006,0,-0.11
6/7/2006,0,-0.11
6/8/2006,0,-0.11
6/9/2006,0,-0.11
6/10/2006,0,-0.11
6/11/2006,0,-0.11
6/12/2006,0,-0.12
6/13/2006,0,-0.12
6/14/2006,0,-0.12
6/15/2006,0,-0.12
6/16/2006,0,-0.12
6/17/2006,0,-0.12
6/18/2006,0,-0.12
6/19/2006,0,-0.12
6/20/2006,0,-0.12
6/21/2006,0,-0.12
6/22/2006,0,-0.12
6/23/2006,0,-0.12
6/24/2006,0,-0.12
6/25/2006,0,-0.12
6/26/2006,0,-0.12
6/27/2006,0,-0.12
6/28/2006,0,-0.12
6/29/2006,0,-0.12
6/30/2006,0,-0.12
7/1/2006,0,-0.12
7/2/2006,0,-0.12
7/3/2006,0,-0.1
7/4/2006,0,-0.07
7/5/2006,0,-0.1
7/6/2006,0,-0.1
7/7/2006,0,-0.1
7/8/2006,0,-0.1
7/9/2006,0,-0.11
7/10/2006,0,-0.03
7/11/2006,680,7.33
7/12/2006,685,7.86
7/13/2006,20.9,0.39
7/14/2006,4.99,0.11
7/15/2006,2.4,0.06
7/16/2006,2.1,0.05
7/17/2006,1.96,0.05
7/18/2006,1.79,0.04
7/19/2006,1.61,0.04
7/20/2006,1.6,0.04
7/21/2006,1.77,0.04
7/22/2006,1.64,0.04
7/23/2006,1.6,0.04
7/24/2006,1.6,0.04
7/25/2006,1.6,0.04
7/26/2006,1.6,0.04
7/27/2006,1.6,0.04
7/28/2006,1.43,0.04
7/29/2006,NA,NA
7/30/2006,NA,NA
7/31/2006,NA,NA
8/1/2006,NA,NA
8/2/2006,NA,NA
8/3/2006,NA,NA
8/4/2006,NA,NA
8/5/2006,NA,NA
8/6/2006,NA,NA
8/7/2006,NA,NA
8/8/2006,NA,NA
8/9/2006,NA,NA
8/10/2006,NA,NA
8/11/2006,NA,NA
8/12/2006,NA,NA
8/13/2006,NA,NA
8/14/2006,NA,NA
8/15/2006,NA,NA
8/16/2006,-294.6,-295.97
8/17/2006,1.6,0.04
8/18/2006,3.62,0.08
8/19/2006,9.5,0.2
8/20/2006,3.84,0.08
8/21/2006,2.6,0.06
8/22/2006,2.6,0.06
8/23/2006,2.53,0.06
8/24/2006,2.5,0.06
8/25/2006,2.37,0.06
8/26/2006,3.34,0.07
8/27/2006,5.99,0.13
8/28/2006,4.99,0.11
8/29/2006,4.69,0.1
8/30/2006,2.06,0.04
8/31/2006,0,0
9/1/2006,0.677,0.02
9/2/2006,1.28,0.03
9/3/2006,0.088,0
9/4/2006,0,0
9/5/2006,0,0
9/6/2006,0,0
9/7/2006,0,0
9/8/2006,0,0
9/9/2006,0,0
9/10/2006,0,0
9/11/2006,0.319,0.01
9/12/2006,0,0
9/13/2006,0,0
9/14/2006,0,0
9/15/2006,0,0
9/16/2006,0,0
9/17/2006,0,0
9/18/2006,0,0
9/19/2006,0,0
9/20/2006,0,0
9/21/2006,1.71,0.04
9/22/2006,0.295,0.01
9/23/2006,0,0
9/24/2006,0,0
9/25/2006,0,0
9/26/2006,0,0
9/27/2006,0,0
9/28/2006,0,0
9/29/2006,0,0
9/30/2006,0,0
10/1/2006,0,0
10/2/2006,0,0
10/3/2006,0,0
10/4/2006,0,0
10/5/2006,0,0
10/6/2006,0,0
10/7/2006,0,0
10/8/2006,0,0
10/9/2006,0,0
10/10/2006,0,0
10/11/2006,0,0
10/12/2006,0,0
10/13/2006,0,0
10/14/2006,0,0
10/15/2006,0,0
10/16/2006,0,0
10/17/2006,0,0
10/18/2006,0,0
10/19/2006,-166.5,0
10/20/2006,-187.3,0
10/21/2006,-124.9,0
10/22/2006,-218.5,0
10/23/2006,-166.5,0
10/24/2006,-41.6,0
10/25/2006,-124.9,0
10/26/2006,3.02,0.07
10/27/2006,1,0.03
10/28/2006,0,0
10/29/2006,0,0
10/30/2006,0,0
10/31/2006,0,0
11/1/2006,0,0
11/2/2006,0,0
11/3/2006,0,0
11/4/2006,0,0
11/5/2006,0,0
11/6/2006,0,0
11/7/2006,0,0
11/8/2006,0,0
11/9/2006,0,0
11/10/2006,0,0
11/11/2006,0,0
11/12/2006,0,0
11/13/2006,-395.4,0
11/14/2006,-738.8,-0.01
11/15/2006,-196.1,1.08
11/16/2006,6.52,0.14
11/17/2006,6.1,0.13
11/18/2006,240,3.81
11/19/2006,386,6
11/20/2006,382,5.96
11/21/2006,361,6.07
11/22/2006,303,5.88
11/23/2006,293,5.8
11/24/2006,285,5.73
11/25/2006,276,5.66
11/26/2006,267,5.58
11/27/2006,257,5.5
11/28/2006,242,5.36
11/29/2006,255,5.47
11/30/2006,265,5.56
12/1/2006,266,5.55
12/2/2006,355,6.29
12/3/2006,276,5.66
12/4/2006,306,5.9
12/5/2006,357,6.3
12/6/2006,272,5.62
12/7/2006,268,5.59
12/8/2006,249,5.42
12/9/2006,235,5.29
12/10/2006,239,5.33
12/11/2006,273,5.4
12/12/2006,297,5.45
12/13/2006,291,5.4
12/14/2006,288,5.37
12/15/2006,297,5.45
12/16/2006,282,5.32
12/17/2006,273,5.24
12/18/2006,267,5.19
12/19/2006,267,5.19
12/20/2006,280,5.3
12/21/2006,331,5.71
12/22/2006,272,5.02
12/23/2006,167,4.17
12/24/2006,353,5.89
12/25/2006,370,6.03
12/26/2006,378,6.09
12/27/2006,406,6.3
12/28/2006,413,6.35
12/29/2006,353,5.9
12/30/2006,327,5.68
12/31/2006,491,6.93
1/1/2007,457,6.68
1/2/2007,438,6.53
1/3/2007,401,6.25
1/4/2007,437,6.53
1/5/2007,521,7.14
1/6/2007,519,7.13
1/7/2007,422,6.42
1/8/2007,382,6.11
1/9/2007,424,6.43
1/10/2007,418,6.39
1/11/2007,499,6.98
1/12/2007,484,6.87
1/13/2007,313,5.57
1/14/2007,241,4.96
1/15/2007,NA,NA
1/16/2007,-20.4,-205.56
1/17/2007,303,5.48
1/18/2007,355,5.91
1/19/2007,398,6.24
1/20/2007,437,6.53
1/21/2007,476,6.82
1/22/2007,474,6.81
1/23/2007,451,6.63
1/24/2007,473,6.8
1/25/2007,504,7.03
1/26/2007,529,7.21
1/27/2007,547,7.34
1/28/2007,509,7.06
1/29/2007,495,6.96
1/30/2007,485,6.88
1/31/2007,377,6.33
2/1/2007,202,5.32
2/2/2007,126,4.52
2/3/2007,90.2,4.09
2/4/2007,125,4.5
2/5/2007,153,4.82
2/6/2007,174,5.04
2/7/2007,176,5.06
2/8/2007,153,4.82
2/9/2007,113,4.17
2/10/2007,99.6,3.89
2/11/2007,104,3.94
2/12/2007,71.5,3.54
2/13/2007,86.8,3.72
2/14/2007,79.6,3.64
2/15/2007,49.9,3.24
2/16/2007,67.9,3.44
2/17/2007,131,4.26
2/18/2007,53.9,3.31
2/19/2007,38.9,3.1
2/20/2007,41.1,3.14
2/21/2007,44.8,3.19
2/22/2007,48.9,3.25
2/23/2007,21.4,-38.75
2/24/2007,104,2.75
2/25/2007,91.7,2.6
2/26/2007,86,2.53
2/27/2007,75,2.39
2/28/2007,82.8,2.3
3/1/2007,95.1,2.26
3/2/2007,100,2.32
3/3/2007,173,3.12
3/4/2007,320,4.46
3/5/2007,361,4.78
3/6/2007,235,3.25
3/7/2007,0,0.09
3/8/2007,0,-0.04
3/9/2007,0,-0.04
3/10/2007,0,-0.04
3/11/2007,0,-0.04
3/12/2007,0,-0.05
3/13/2007,0,-0.05
3/14/2007,0,-0.04
3/15/2007,0,-0.05
3/16/2007,0,-0.05
3/17/2007,0,-0.05
3/18/2007,0,-0.05
3/19/2007,0,-0.05
3/20/2007,0,-0.05
3/21/2007,0,-0.04
3/22/2007,0,-0.05
3/23/2007,0,-0.05
3/24/2007,0,-0.05
3/25/2007,0,-0.05
3/26/2007,0,-0.05
3/27/2007,0,-0.05
3/28/2007,0,-0.05
3/29/2007,0,-0.05
3/30/2007,0,-0.05
3/31/2007,0,-0.05
4/1/2007,0,-0.05
4/2/2007,0,-0.05
4/3/2007,0,-0.05
4/4/2007,0,-0.05
4/5/2007,0,-1.76
4/6/2007,0,-0.06
4/7/2007,0,-0.06
4/8/2007,0,-0.06
4/9/2007,0,-0.06
4/10/2007,0,-0.06
4/11/2007,0,-0.06
4/12/2007,0,-0.06
4/13/2007,0,-0.04
4/14/2007,0,-0.02
4/15/2007,0,-0.02
4/16/2007,0,-0.03
4/17/2007,0,-0.04
4/18/2007,0,-1.77
4/19/2007,0,-0.04
4/20/2007,0,-0.04
4/21/2007,0,-0.04
4/22/2007,0,0
4/23/2007,0,-0.02
4/24/2007,0,-0.01
4/25/2007,0,-0.01
4/26/2007,0,-0.03
4/27/2007,0,-0.04
4/28/2007,0,-0.04
4/29/2007,0,-0.04
4/30/2007,0,-0.04
5/1/2007,0,-0.04
5/2/2007,0,-0.04
5/3/2007,0,-0.04
5/4/2007,0,-0.04
5/5/2007,0,-0.04
5/6/2007,0,-0.04
5/7/2007,0,-0.04
5/8/2007,0,-0.04
5/9/2007,0,-0.04
5/10/2007,0,-0.04
5/11/2007,0,-0.04
5/12/2007,0,-0.04
5/13/2007,0,-0.04
5/14/2007,0,-0.03
5/15/2007,0,0
5/16/2007,0,-0.03
5/17/2007,198,2.29
5/18/2007,522,5.99
5/19/2007,506,5.87
5/20/2007,706,7.19
5/21/2007,224,2.77
5/22/2007,0,0.25
5/23/2007,0,0.23
5/24/2007,257,3.04
5/25/2007,517,5.95
5/26/2007,489,5.75
5/27/2007,496,5.8
5/28/2007,502,5.84
5/29/2007,512,5.91
5/30/2007,498,5.81
5/31/2007,558,6.93
6/1/2007,658,8.1
6/2/2007,649,8.04
6/3/2007,657,8.1
6/4/2007,640,7.99
6/5/2007,944,7.56
6/6/2007,703,6.97
6/7/2007,484,6.8
6/8/2007,511,6.99
6/9/2007,498,6.9
6/10/2007,360,5.26
6/11/2007,0,0.32
6/12/2007,0,0.3
6/13/2007,0,0.31
6/14/2007,0,0.3
6/15/2007,0,0.29
6/16/2007,0,0.29
6/17/2007,0,0.28
6/18/2007,243,3.62
6/19/2007,507,7.03
6/20/2007,521,6.96
6/21/2007,495,6.35
6/22/2007,289,3.93
6/23/2007,0,0.29
6/24/2007,0,0.29
6/25/2007,NA,NA
6/26/2007,-159.8,-159.58
6/27/2007,375,4.23
6/28/2007,183,2.76
6/29/2007,0,0.33
6/30/2007,-41.6,-41.32
7/1/2007,0,0.31
7/2/2007,0,0.31
7/3/2007,0,0.31
7/4/2007,0,0.3
7/5/2007,0,0.3
7/6/2007,0,0.3
7/7/2007,0,0.3
7/8/2007,0,0.3
7/9/2007,0,0.3
7/10/2007,0,0.3
7/11/2007,0,0.29
7/12/2007,0,0.29
7/13/2007,0,0.29
7/14/2007,0,0.29
7/15/2007,0,0.29
7/16/2007,0,0.29
7/17/2007,0,0.29
7/18/2007,0,0.29
7/19/2007,0,0.29
7/20/2007,0,0.29
7/21/2007,0,0.29
7/22/2007,0,0.29
7/23/2007,0,0.29
7/24/2007,0,0.29
7/25/2007,0,0.29
7/26/2007,0,0.29
7/27/2007,0,0.29
7/28/2007,0,0.29
7/29/2007,0,0.28
7/30/2007,0,0.28
7/31/2007,0,0.28
8/1/2007,0,0.28
8/2/2007,0,0.28
8/3/2007,0,0.28
8/4/2007,0,0.28
8/5/2007,0,0.28
8/6/2007,0,0.28
8/7/2007,0,0.28
8/8/2007,0,0.28
8/9/2007,0,0.28
8/10/2007,0,0.28
8/11/2007,0,0.28
8/12/2007,0,0.28
8/13/2007,0,0.28
8/14/2007,0,0.28
8/15/2007,0,0.28
8/16/2007,0,0.28
8/17/2007,0,0.28
8/18/2007,0,0.28
8/19/2007,0,0.28
8/20/2007,0,0.28
8/21/2007,0,0.28
8/22/2007,0,0.28
8/23/2007,0,0.28
8/24/2007,0,0.28
8/25/2007,0,0.28
8/26/2007,0,0.28
8/27/2007,0,0.28
8/28/2007,0,0.28
8/29/2007,0,0.28
8/30/2007,0,0.28
8/31/2007,0,0.28
9/1/2007,0,0.28
9/2/2007,0,0.28
9/3/2007,0,0.28
9/4/2007,0,0.28
9/5/2007,0,0.28
9/6/2007,0,0.28
9/7/2007,0,0.27
9/8/2007,0,0.27
9/9/2007,0,0.27
9/10/2007,0,0.27
9/11/2007,0,0.27
9/12/2007,0,0.27
9/13/2007,0,0.27
9/14/2007,0,0.27
9/15/2007,0,0.27
9/16/2007,0,0.27
9/17/2007,0,0.27
9/18/2007,0,0.27
9/19/2007,0,0.27
9/20/2007,0,0.27
9/21/2007,0,0.27
9/22/2007,0,0.27
9/23/2007,0,0.27
9/24/2007,0,0.27
9/25/2007,0,0.27
9/26/2007,0,0.27
9/27/2007,0,0.27
9/28/2007,0,0.26
9/29/2007,0,0.26
9/30/2007,0,0.26
10/1/2007,0,0.26
10/2/2007,0,0.26
10/3/2007,0,0.26
10/4/2007,0,0.26
10/5/2007,0,0.26
10/6/2007,0,0.26
10/7/2007,0,0.26
10/8/2007,0,0.26
10/9/2007,0,0.26
10/10/2007,0,0.26
10/11/2007,0,0.26
10/12/2007,0,0.26
10/13/2007,0,0.26
10/14/2007,0,0.26
10/15/2007,0,0.26
10/16/2007,0,0.25
10/17/2007,0,0.25
10/18/2007,0,0.26
10/19/2007,0,0.26
10/20/2007,0,0.26
10/21/2007,0,0.26
10/22/2007,0,0.25
10/23/2007,0,0.25
10/24/2007,0,0.25
10/25/2007,0,0.25
10/26/2007,0,0.25
10/27/2007,0,0.25
10/28/2007,0,0.25
10/29/2007,0,0.25
10/30/2007,0,0.25
10/31/2007,0.185,0.09
11/1/2007,0,-0.07
11/2/2007,0,-0.07
11/3/2007,0,-0.07
11/4/2007,0,-0.07
11/5/2007,0,-0.06
11/6/2007,0,-0.06
11/7/2007,0,-0.06
11/8/2007,0,-0.06
11/9/2007,0,-0.06
11/10/2007,0,-0.06
11/11/2007,0,-0.06
11/12/2007,0,-0.06
11/13/2007,0,-0.06
11/14/2007,0,-0.06
11/15/2007,326,-25.86
11/16/2007,491,6.6
11/17/2007,424,5.65
11/18/2007,390,5.17
11/19/2007,374,4.94
11/20/2007,319,4.81
11/21/2007,288,4.73
11/22/2007,283,4.66
11/23/2007,289,4.74
11/24/2007,289,4.76
11/25/2007,287,4.72
11/26/2007,281,4.63
11/27/2007,280,4.61
11/28/2007,280,4.62
11/29/2007,277,4.57
11/30/2007,275,4.55
12/1/2007,274,4.55
12/2/2007,300,4.94
12/3/2007,265,4.42
12/4/2007,265,4.41
12/5/2007,261,4.36
12/6/2007,258,4.31
12/7/2007,260,4.35
12/8/2007,263,4.38
12/9/2007,280,4.64
12/10/2007,291,4.81
12/11/2007,319,5.21
12/12/2007,324,5.29
12/13/2007,278,4.68
12/14/2007,333,5.61
12/15/2007,310,5.26
12/16/2007,288,4.94
12/17/2007,288,4.94
12/18/2007,300,5.11
12/19/2007,315,5.33
12/20/2007,307,5.22
12/21/2007,284,4.72
12/22/2007,300,4.65
12/23/2007,314,4.86
12/24/2007,334,5.14
12/25/2007,382,5.86
12/26/2007,352,5.42
12/27/2007,328,5.06
12/28/2007,290,4.5
12/29/2007,292,4.54
12/30/2007,301,4.66
12/31/2007,348,5.35
1/1/2008,328,5.07
1/2/2008,294,4.57
1/3/2008,299,4.89
1/4/2008,279,5.06
1/5/2008,352,6.15
1/6/2008,361,6.28
1/7/2008,352,6.14
1/8/2008,331,5.85
1/9/2008,337,5.93
1/10/2008,334,5.88
1/11/2008,319,5.67
1/12/2008,285,5.16
1/13/2008,273,4.98
1/14/2008,297,5
1/15/2008,348,5.01
1/16/2008,312,4.48
1/17/2008,232,3.27
1/18/2008,227,3.2
1/19/2008,257,3.65
1/20/2008,290,4.15
1/21/2008,262,3.73
1/22/2008,244,3.47
1/23/2008,221,3.12
1/24/2008,204,3.3
1/25/2008,168,3.74
1/26/2008,176,3.86
1/27/2008,169,3.75
1/28/2008,142,3.33
1/29/2008,110,2.82
1/30/2008,106,2.76
1/31/2008,104,2.72
2/1/2008,118,2.72
2/2/2008,118,2.41
2/3/2008,107,2.23
2/4/2008,108,2.26
2/5/2008,120,2.45
2/6/2008,115,2.37
2/7/2008,160,3.08
2/8/2008,206,3.8
2/9/2008,162,3.11
2/10/2008,142,2.81
2/11/2008,109,2.27
2/12/2008,105,2.21
2/13/2008,107,2.23
2/14/2008,104,2.19
2/15/2008,102,2.11
2/16/2008,110,2.11
2/17/2008,107,2.07
2/18/2008,101,1.97
2/19/2008,100,1.95
2/20/2008,98.6,1.93
2/21/2008,157,2.86
2/22/2008,201,3.55
2/23/2008,209,3.67
2/24/2008,211,3.71
2/25/2008,212,3.73
2/26/2008,218,3.73
2/27/2008,234,3.81
2/28/2008,236,3.84
2/29/2008,237,3.86
3/1/2008,234,3.82
3/2/2008,236,3.85
3/3/2008,238,3.88
3/4/2008,232,3.78
3/5/2008,230,3.75
3/6/2008,226,3.7
3/7/2008,220,3.6
3/8/2008,205,3.37
3/9/2008,228,3.72
3/10/2008,293,4.7
3/11/2008,314,5.02
3/12/2008,361,5.22
3/13/2008,404,5.14
3/14/2008,401,5.1
3/15/2008,51.5,-0.57
3/16/2008,0,-1.68
3/17/2008,0,-1.81
3/18/2008,0,-1.94
3/19/2008,0,-2.06
3/20/2008,0,-2.18
3/21/2008,0,-2.29
3/22/2008,0,-2.41
3/23/2008,0,-2.45
3/24/2008,0,-2.47
3/25/2008,0,-2.47
3/26/2008,0,-2.47
3/27/2008,0,-2.47
3/28/2008,0,-2.47
3/29/2008,0,-2.47
3/30/2008,0,-2.47
3/31/2008,0,-2.47
4/1/2008,0,-2.47
4/2/2008,0,-2.47
4/3/2008,0,-2.48
4/4/2008,0,-2.48
4/5/2008,0,-2.47
4/6/2008,0,-2.47
4/7/2008,0,-2.48
4/8/2008,0,-2.48
4/9/2008,0,-2.48
4/10/2008,0,-2.48
4/11/2008,0,-2.48
4/12/2008,0,-2.48
4/13/2008,0,-2.48
4/14/2008,0,-2.48
4/15/2008,0,-2.48
4/16/2008,0,-2.48
4/17/2008,0,-2.44
4/18/2008,0,-2.47
4/19/2008,0,-2.47
4/20/2008,0,-2.47
4/21/2008,0,-2.47
4/22/2008,0,-2.47
4/23/2008,0,-2.47
4/24/2008,0,-2.47
4/25/2008,0,-2.47
4/26/2008,0,-2.48
4/27/2008,0,-2.48
4/28/2008,0,-2.48
4/29/2008,0,-2.48
4/30/2008,0,-2.48
5/1/2008,0,-2.48
5/2/2008,0,-2.48
5/3/2008,0,-2.48
5/4/2008,0,-2.48
5/5/2008,0,-2.48
5/6/2008,0,-2.48
5/7/2008,0,-2.06
5/8/2008,0,-1.79
5/9/2008,0,-1.89
5/10/2008,0,-1.97
5/11/2008,0,-2.06
5/12/2008,0,-2.16
5/13/2008,0,-2.26
5/14/2008,0,-2.35
5/15/2008,0,-2.41
5/16/2008,0,-2.46
5/17/2008,0,-2.46
5/18/2008,0,-2.46
5/19/2008,0,-2.47
5/20/2008,0,-2.47
5/21/2008,0,-2.47
5/22/2008,0,-2.47
5/23/2008,0,-2.47
5/24/2008,0,-2.47
5/25/2008,0,-2.47
5/26/2008,0,-2.47
5/27/2008,0,-2.47
5/28/2008,0,-2.47
5/29/2008,0,-2.47
5/30/2008,0,-2.47
5/31/2008,0,-2.47
6/1/2008,0,-2.47
6/2/2008,0,-2.47
6/3/2008,0,-2.47
6/4/2008,0,-2.47
6/5/2008,0,-2.47
6/6/2008,0,-2.47
6/7/2008,0,-2.47
6/8/2008,0,-2.47
6/9/2008,0,-2.47
6/10/2008,0,-2.47
6/11/2008,0,-2.47
6/12/2008,0,-2.47
6/13/2008,0,-2.47
6/14/2008,0,-2.47
6/15/2008,0,-2.47
6/16/2008,0,-2.47
6/17/2008,0,-2.47
6/18/2008,0,-2.47
6/19/2008,0,-2.47
6/20/2008,0,-2.47
6/21/2008,0,-2.47
6/22/2008,0,-2.47
6/23/2008,0,-2.47
6/24/2008,0,-2.47
6/25/2008,0,-2.47
6/26/2008,0,-2.47
6/27/2008,0,-2.47
6/28/2008,0,-2.47
6/29/2008,0,-2.47
6/30/2008,0,-2.47
7/1/2008,0,-2.47
7/2/2008,0,-2.47
7/3/2008,0,-2.47
7/4/2008,0,-2.48
7/5/2008,0,-2.47
7/6/2008,0,-2.47
7/7/2008,0,-2.48
7/8/2008,0,-2.48
7/9/2008,0,-2.48
7/10/2008,0,-2.48
7/11/2008,0,-2.48
7/12/2008,0,-2.48
7/13/2008,0,-2.48
7/14/2008,0,-2.48
7/15/2008,0,-2.48
7/16/2008,0,-2.48
7/17/2008,0,-2.48
7/18/2008,0,-2.48
7/19/2008,0,-2.48
7/20/2008,0,-2.48
7/21/2008,0,-2.48
7/22/2008,0,-2.48
7/23/2008,0,-2.48
7/24/2008,0,-2.48
7/25/2008,0,-2.48
7/26/2008,0,-2.48
7/27/2008,0,-2.48
7/28/2008,0,-2.48
7/29/2008,0,-2.48
7/30/2008,0,-2.48
7/31/2008,0,-2.48
8/1/2008,0,-2.48
8/2/2008,0,-2.48
8/3/2008,0,-2.48
8/4/2008,0,-2.48
8/5/2008,0,-2.48
8/6/2008,0,-2.48
8/7/2008,0,-2.48
8/8/2008,0,-2.48
8/9/2008,0,-2.48
8/10/2008,0,-2.48
8/11/2008,0,-2.48
8/12/2008,0,-2.45
8/13/2008,0,-1.99
8/14/2008,0,-2.23
8/15/2008,0,-2.4
8/16/2008,0,-2.45
8/17/2008,0,-2.46
8/18/2008,21,-1.9
8/19/2008,64.4,-0.59
8/20/2008,0,-2.12
8/21/2008,0,-2.29
8/22/2008,0,-2.44
8/23/2008,0,-2.52
8/24/2008,0,-2.03
8/25/2008,0,-2.13
8/26/2008,0,-2.22
8/27/2008,0,-2.3
8/28/2008,0,-2.39
8/29/2008,0,-2.41
8/30/2008,0,-2.01
8/31/2008,0,-2.07
9/1/2008,0,-2.13
9/2/2008,0,-2.19
9/3/2008,0,-2.26
9/4/2008,0,-2.32
9/5/2008,0,-2.38
9/6/2008,0,-2.43
9/7/2008,0,-2.49
9/8/2008,0,-2.54
9/9/2008,0,-2.6
9/10/2008,0,-2.65
9/11/2008,0,-2.7
9/12/2008,0,-2.72
9/13/2008,0,-2.72
9/14/2008,0,-2.73
9/15/2008,0,-2.73
9/16/2008,0,-2.73
9/17/2008,0,-2.74
9/18/2008,0,-2.74
9/19/2008,0,-2.74
9/20/2008,0,-2.74
9/21/2008,0,-2.74
9/22/2008,0,-2.74
9/23/2008,0,-2.74
9/24/2008,0,-2.74
9/25/2008,0,-2.74
9/26/2008,0,-2.74
9/27/2008,0,-2.74
9/28/2008,0,-2.74
9/29/2008,0,-2.74
9/30/2008,0,-2.74
10/1/2008,0,-2.74
10/2/2008,0,-2.74
10/3/2008,0,-2.74
10/4/2008,0,-2.74
10/5/2008,0,-2.74
10/6/2008,0,-2.74
10/7/2008,0,-2.74
10/8/2008,0,-2.74
10/9/2008,0,-2.74
10/10/2008,0,-2.74
10/11/2008,0,-2.5
10/12/2008,0,-2.04
10/13/2008,0,-2.13
10/14/2008,0,-2.2
10/15/2008,0,-2.27
10/16/2008,0,-2.37
10/17/2008,0,-2.46
10/18/2008,0,-2.54
10/19/2008,0,-2.61
10/20/2008,0,-2.67
10/21/2008,0,-2.72
10/22/2008,0,-2.73
10/23/2008,0,-2.74
10/24/2008,0,-2.74
10/25/2008,0,-2.74
10/26/2008,0,-2.74
10/27/2008,0,-2.74
10/28/2008,0,-2.74
10/29/2008,0,-2.74
10/30/2008,0,-2.74
10/31/2008,0,-2.74
11/1/2008,0,-2.74
11/2/2008,0,-2.74
11/3/2008,0,-2.74
11/4/2008,0,-2.74
11/5/2008,0,-2.74
11/6/2008,0,-2.74
11/7/2008,0,-2.74
11/8/2008,0,-2.74
11/9/2008,0,-2.74
11/10/2008,0,-2.75
11/11/2008,0,-2.75
11/12/2008,0,-2.75
11/13/2008,0,-2.75
11/14/2008,0.037,-2.73
11/15/2008,525,6.82
11/16/2008,576,7.56
11/17/2008,451,6.37
11/18/2008,369,5.8
11/19/2008,351,5.54
11/20/2008,344,5.44
11/21/2008,336,5.32
11/22/2008,329,5.22
11/23/2008,330,5.23
11/24/2008,315,5.21
11/25/2008,298,5.21
11/26/2008,298,5.21
11/27/2008,301,5.25
11/28/2008,305,5.3
11/29/2008,305,5.3
11/30/2008,305,5.31
12/1/2008,308,5.36
12/2/2008,312,5.41
12/3/2008,315,5.46
12/4/2008,312,5.41
12/5/2008,314,5.36
12/6/2008,315,5.22
12/7/2008,301,5.02
12/8/2008,305,5.08
12/9/2008,310,5.16
12/10/2008,319,5.28
12/11/2008,321,5.31
12/12/2008,330,5.45
12/13/2008,338,5.57
12/14/2008,340,5.6
12/15/2008,328,5.43
12/16/2008,270,5.05
12/17/2008,265,5.73
12/18/2008,283,6.01
12/19/2008,295,6.18
12/20/2008,308,6.37
12/21/2008,267,5.76
12/22/2008,239,5.34
12/23/2008,270,5.8
12/24/2008,291,6.12
12/25/2008,284,6.02
12/26/2008,308,6.37
12/27/2008,312,6.43
12/28/2008,286,6.04
12/29/2008,299,6.24
12/30/2008,251,5.53
12/31/2008,302,5.4
1/1/2009,367,5.41
1/2/2009,360,5.3
1/3/2009,357,5.26
1/4/2009,355,5.23
1/5/2009,373,5.49
1/6/2009,396,5.82
1/7/2009,362,5.33
1/8/2009,354,5.21
1/9/2009,355,5.23
1/10/2009,354,5.21
1/11/2009,354,5.22
1/12/2009,341,5.03
1/13/2009,363,5.32
1/14/2009,330,4.79
1/15/2009,241,3.48
1/16/2009,231,3.32
1/17/2009,223,3.2
1/18/2009,221,3.17
1/19/2009,216,3.1
1/20/2009,211,3.02
1/21/2009,207,2.96
1/22/2009,179,2.9
1/23/2009,122,2.85
1/24/2009,118,2.77
1/25/2009,123,2.85
1/26/2009,143,3.17
1/27/2009,98.2,2.45
1/28/2009,128,2.94
1/29/2009,171,3.62
1/30/2009,211,4.24
1/31/2009,200,4.07
2/1/2009,178,3.73
2/2/2009,134,3.04
2/3/2009,122,2.83
2/4/2009,122,2.84
2/5/2009,121,2.83
2/6/2009,118,2.78
2/7/2009,114,2.71
2/8/2009,114,2.71
2/9/2009,116,2.74
2/10/2009,107,2.6
2/11/2009,98,2.33
2/12/2009,93.7,2.19
2/13/2009,88.6,2.1
2/14/2009,85.1,2.04
2/15/2009,83.1,2.01
2/16/2009,86,2.06
2/17/2009,85.6,2.05
2/18/2009,78.9,1.94
2/19/2009,79.6,1.95
2/20/2009,55,1.4
2/21/2009,0,0.09
2/22/2009,0,0
2/23/2009,0,-0.08
2/24/2009,0,-0.16
2/25/2009,0,-0.29
2/26/2009,0,-0.39
2/27/2009,0,-0.45
2/28/2009,0,-0.47
3/1/2009,0,-0.48
3/2/2009,0,-0.49
3/3/2009,0,-0.5
3/4/2009,0,-0.51
3/5/2009,0,-0.52
3/6/2009,0,-0.52
3/7/2009,0,-0.52
3/8/2009,0,-0.53
3/9/2009,0,-0.53
3/10/2009,0,-0.53
3/11/2009,0,-0.53
3/12/2009,0,-0.53
3/13/2009,0,-0.53
3/14/2009,0,-0.53
3/15/2009,0,-0.54
3/16/2009,0,-0.53
3/17/2009,0,-0.53
3/18/2009,0,-0.53
3/19/2009,0,-0.54
3/20/2009,0,-0.54
3/21/2009,0,-0.54
3/22/2009,0,-0.53
3/23/2009,0,-0.54
3/24/2009,0,-0.54
3/25/2009,0,-0.54
3/26/2009,0,-0.54
3/27/2009,0,-0.54
3/28/2009,0,-0.53
3/29/2009,0,-0.54
3/30/2009,0,-0.54
3/31/2009,0,-0.54
4/1/2009,0,-0.54
4/2/2009,0,-0.54
4/3/2009,0,-0.54
4/4/2009,0,-0.54
4/5/2009,0,-0.54
4/6/2009,0,-0.54
4/7/2009,0,-0.54
4/8/2009,0,-0.54
4/9/2009,0,-0.54
4/10/2009,0,-0.54
4/11/2009,0,-0.54
4/12/2009,0,-0.54
4/13/2009,0,-0.54
4/14/2009,0,-0.54
4/15/2009,0,-0.54
4/16/2009,0,-0.54
4/17/2009,0,-0.54
4/18/2009,0,-0.54
4/19/2009,0,-0.54
4/20/2009,0,-0.54
4/21/2009,0,-0.54
4/22/2009,0,-0.54
4/23/2009,0,-0.54
4/24/2009,0,-0.54
4/25/2009,0,-0.54
4/26/2009,0,-0.54
4/27/2009,0,-0.54
4/28/2009,0,-0.54
4/29/2009,0,-0.54
4/30/2009,0,-0.54
5/1/2009,0,-0.54
5/2/2009,0,-0.54
5/3/2009,0,-0.54
5/4/2009,0,-0.54
5/5/2009,0,-0.54
5/6/2009,0,-0.54
5/7/2009,0,-0.54
5/8/2009,0,-0.54
5/9/2009,0,-0.54
5/10/2009,0,-0.54
5/11/2009,0,-0.54
5/12/2009,0,-0.54
5/13/2009,0,-0.54
5/14/2009,0,-0.54
5/15/2009,0,-0.54
5/16/2009,0,-0.54
5/17/2009,0,-0.54
5/18/2009,0,-0.54
5/19/2009,0,-0.54
5/20/2009,0,-0.54
5/21/2009,0,-0.52
5/22/2009,0,-0.52
5/23/2009,0,-0.53
5/24/2009,0,-0.53
5/25/2009,0,-0.54
5/26/2009,0,-0.54
5/27/2009,0,-0.54
5/28/2009,0,-0.54
5/29/2009,0,-0.54
5/30/2009,0,-0.54
5/31/2009,0,-0.54
6/1/2009,0,-0.54
6/2/2009,0,-0.09
6/3/2009,0,-0.06
6/4/2009,0,-0.23
6/5/2009,0,-0.39
6/6/2009,221,3.43
6/7/2009,510,8.41
6/8/2009,512,8.21
6/9/2009,500,7.71
6/10/2009,508,7.82
6/11/2009,499,7.7
6/12/2009,512,7.88
6/13/2009,474,7.35
6/14/2009,500,7.71
6/15/2009,499,7.7
6/16/2009,323,5.03
6/17/2009,5.98,0.05
6/18/2009,0,-0.18
6/19/2009,0,-0.34
6/20/2009,0,-0.49
6/21/2009,0,-0.55
6/22/2009,0,-0.56
6/23/2009,0,-0.56
6/24/2009,0,-0.56
6/25/2009,0,-0.56
6/26/2009,0,-0.56
6/27/2009,0,-0.57
6/28/2009,0,-0.57
6/29/2009,0,-0.57
6/30/2009,0,-0.57
7/1/2009,0,-0.57
7/2/2009,0,-0.57
7/3/2009,0,-0.57
7/4/2009,0,-0.57
7/5/2009,0,-0.57
7/6/2009,0,-0.57
7/7/2009,0,-0.57
7/8/2009,0,-0.57
7/9/2009,0,-0.57
7/10/2009,0,-0.57
7/11/2009,0,-0.57
7/12/2009,0,-0.57
7/13/2009,0,-0.57
7/14/2009,0,-0.58
7/15/2009,0,-0.58
7/16/2009,0,-0.58
7/17/2009,0,-0.58
7/18/2009,0,-0.58
7/19/2009,0,-0.58
7/20/2009,0,-0.57
7/21/2009,0,-0.54
7/22/2009,0,-0.56
7/23/2009,0,-0.56
7/24/2009,0,-0.56
7/25/2009,0,-0.57
7/26/2009,0,-0.57
7/27/2009,0,-0.57
7/28/2009,0,-0.57
7/29/2009,0,-0.57
7/30/2009,0,-0.57
7/31/2009,0,-0.57
8/1/2009,0,-0.57
8/2/2009,0,-0.57
8/3/2009,0,-0.57
8/4/2009,0,-0.57
8/5/2009,0,-0.57
8/6/2009,0,-0.57
8/7/2009,0,-0.57
8/8/2009,0,-0.57
8/9/2009,0,-0.57
8/10/2009,0,-0.57
8/11/2009,0,-0.57
8/12/2009,0,-0.57
8/13/2009,0,-0.57
8/14/2009,0,-0.57
8/15/2009,0,-0.57
8/16/2009,0,-0.57
8/17/2009,0,-0.57
8/18/2009,0,-0.5
8/19/2009,0,-0.41
8/20/2009,0,-0.51
8/21/2009,0,-0.54
8/22/2009,0,-0.54
8/23/2009,0,-0.54
8/24/2009,0,-0.55
8/25/2009,0,-0.55
8/26/2009,0,-0.55
8/27/2009,0,-0.55
8/28/2009,0,-0.55
8/29/2009,0,-0.55
8/30/2009,0,-0.55
8/31/2009,0,-0.55
9/1/2009,0,-0.54
9/2/2009,0,-0.53
9/3/2009,0,-0.55
9/4/2009,0,-0.55
9/5/2009,0,-0.55
9/6/2009,0,-0.55
9/7/2009,0,-0.55
9/8/2009,0,-0.55
9/9/2009,0,-0.55
9/10/2009,0,-0.55
9/11/2009,0,-0.55
9/12/2009,0,-0.56
9/13/2009,0,-0.56
9/14/2009,0,-0.56
9/15/2009,0,-0.56
9/16/2009,0,-0.56
9/17/2009,0,-0.56
9/18/2009,0,-0.56
9/19/2009,0,-0.56
9/20/2009,0,-0.56
9/21/2009,0,-0.56
9/22/2009,0,-0.56
9/23/2009,0,-0.56
9/24/2009,0,-0.56
9/25/2009,0,-0.56
9/26/2009,0,-0.56
9/27/2009,0,-0.56
9/28/2009,0,-0.56
9/29/2009,0,-0.56
9/30/2009,0,-0.56
10/1/2009,0,-0.56
10/2/2009,0,-0.56
10/3/2009,0,-0.56
10/4/2009,0,-0.56
10/5/2009,0,-0.56
10/6/2009,0,-0.56
10/7/2009,0,-0.56
10/8/2009,0,-0.56
10/9/2009,0,-0.56
10/10/2009,0,-0.56
10/11/2009,0,-0.56
10/12/2009,0,-0.56
10/13/2009,0,-0.56
10/14/2009,0,-0.56
10/15/2009,0,-0.56
10/16/2009,0,-0.56
10/17/2009,0,-0.56
10/18/2009,0,-0.56
10/19/2009,0,-0.56
10/20/2009,0,-0.56
10/21/2009,0,-0.57
10/22/2009,0,-0.53
10/23/2009,0,-0.62
10/24/2009,0,-0.62
10/25/2009,0,-0.62
10/26/2009,0,-0.62
10/27/2009,0,-0.63
10/28/2009,0,-0.63
10/29/2009,0,-0.63
10/30/2009,0,-0.63
10/31/2009,0,-0.63
11/1/2009,0,-0.63
11/2/2009,0,-0.63
11/3/2009,0,-0.63
11/4/2009,0,-0.63
11/5/2009,0,-0.63
11/6/2009,0,-0.63
11/7/2009,0,-0.63
11/8/2009,0,-0.63
11/9/2009,0,-0.63
11/10/2009,0,-0.63
11/11/2009,0,-0.63
11/12/2009,0,-0.63
11/13/2009,0,-0.63
11/14/2009,0,-0.63
11/15/2009,480,7.41
11/16/2009,515,7.92
11/17/2009,427,6.68
11/18/2009,382,6.03
11/19/2009,401,5.77
11/20/2009,410,5.6
11/21/2009,399,5.43
11/22/2009,396,5.39
11/23/2009,389,5.29
11/24/2009,359,5.1
11/25/2009,352,5.07
11/26/2009,350,5.04
11/27/2009,350,5.03
11/28/2009,345,4.97
11/29/2009,337,4.84
11/30/2009,338,4.86
12/1/2009,339,4.89
12/2/2009,336,4.83
12/3/2009,335,4.79
12/4/2009,350,4.95
12/5/2009,310,4.36
12/6/2009,368,5.22
12/7/2009,352,4.99
12/8/2009,292,4.1
12/9/2009,309,4.35
12/10/2009,303,4.27
12/11/2009,293,4.13
12/12/2009,318,4.49
12/13/2009,393,5.58
12/14/2009,439,6.24
12/15/2009,447,6.42
12/16/2009,444,6.52
12/17/2009,440,6.47
12/18/2009,441,6.47
12/19/2009,416,6.12
12/20/2009,412,6.06
12/21/2009,426,6.26
12/22/2009,420,6.17
12/23/2009,400,5.89
12/24/2009,374,5.52
12/25/2009,348,5.14
12/26/2009,388,5.71
12/27/2009,403,5.93
12/28/2009,372,5.48
12/29/2009,349,5.15
12/30/2009,367,5.42
12/31/2009,398,5.86
1/1/2010,394,5.81
1/2/2010,404,5.95
1/3/2010,393,5.79
1/4/2010,367,5.42
1/5/2010,369,5.16
1/6/2010,401,5.22
1/7/2010,403,5.24
1/8/2010,375,4.84
1/9/2010,367,4.72
1/10/2010,404,5.26
1/11/2010,433,5.68
1/12/2010,419,5.47
1/13/2010,326,4.12
1/14/2010,326,4.12
1/15/2010,320,4.04
1/16/2010,323,4.08
1/17/2010,313,3.94
1/18/2010,297,3.71
1/19/2010,275,3.37
1/20/2010,267,3.25
1/21/2010,255,3.07
1/22/2010,236,3.01
1/23/2010,188,2.79
1/24/2010,182,2.69
1/25/2010,182,2.69
1/26/2010,182,2.69
1/27/2010,195,2.88
1/28/2010,169,2.49
1/29/2010,174,2.56
1/30/2010,197,2.92
1/31/2010,207,3.08
2/1/2010,166,2.44
2/2/2010,160,2.34
2/3/2010,162,2.37
2/4/2010,177,2.61
2/5/2010,174,2.57
2/6/2010,170,2.5
2/7/2010,180,2.65
2/8/2010,187,2.76
2/9/2010,188,2.78
2/10/2010,211,3.13
2/11/2010,208,3.14
2/12/2010,187,2.88
2/13/2010,186,2.87
2/14/2010,182,2.8
2/15/2010,176,2.71
2/16/2010,177,2.72
2/17/2010,181,2.78
2/18/2010,104,1.52
2/19/2010,23.9,0.16
2/20/2010,5.65,-0.2
2/21/2010,0.04,-0.45
2/22/2010,0,-0.67
2/23/2010,0,-0.72
2/24/2010,0,-0.74
2/25/2010,0,-0.74
2/26/2010,0,-0.74
2/27/2010,0,-0.74
2/28/2010,0,-0.74
3/1/2010,0,-0.74
3/2/2010,0,-0.74
3/3/2010,0,-0.74
3/4/2010,0,-0.74
3/5/2010,0,-0.74
3/6/2010,0,-0.75
3/7/2010,0,-0.75
3/8/2010,0,-0.74
3/9/2010,0,-0.74
3/10/2010,0,-0.74
3/11/2010,0,-0.74
3/12/2010,0,-0.75
3/13/2010,0,-0.75
3/14/2010,0,-0.75
3/15/2010,0,-0.75
3/16/2010,0,-0.75
3/17/2010,0,-0.75
3/18/2010,0,-0.75
3/19/2010,0,-0.75
3/20/2010,0,-0.75
3/21/2010,0,-0.75
3/22/2010,0,-0.75
3/23/2010,0,-0.75
3/24/2010,0,-0.75
3/25/2010,0,-0.75
3/26/2010,72.2,0.71
3/27/2010,161,2.48
3/28/2010,185,2.84
3/29/2010,200,3.07
3/30/2010,201,3.08
3/31/2010,202,3.11
4/1/2010,188,2.9
4/2/2010,193,2.97
4/3/2010,196,3.01
4/4/2010,173,2.66
4/5/2010,196,3.02
4/6/2010,158,2.41
4/7/2010,25,0.4
4/8/2010,11.6,0.26
4/9/2010,3.22,0.07
4/10/2010,0,-0.11
4/11/2010,0,-0.25
4/12/2010,0,-0.39
4/13/2010,0,-0.51
4/14/2010,0,-0.54
4/15/2010,0.579,-0.51
4/16/2010,7,0.15
4/17/2010,0,-0.07
4/18/2010,0,-0.15
4/19/2010,0,-0.23
4/20/2010,0,-0.3
4/21/2010,0,-0.37
4/22/2010,0,-0.43
4/23/2010,0,-0.51
4/24/2010,0,-0.59
4/25/2010,0,-0.67
4/26/2010,0,-0.69
4/27/2010,0,-0.75
4/28/2010,0,-0.8
4/29/2010,0,-0.82
4/30/2010,0,-0.82
5/1/2010,0,-0.83
5/2/2010,0,-0.83
5/3/2010,0,-0.84
5/4/2010,0,-0.84
5/5/2010,0,-0.84
5/6/2010,0,-0.84
5/7/2010,0,-0.84
5/8/2010,0,-0.84
5/9/2010,0,-0.84
5/10/2010,0,-0.84
5/11/2010,0,-0.85
5/12/2010,0,-0.85
5/13/2010,0,-0.85
5/14/2010,0,-0.85
5/15/2010,0,-0.85
5/16/2010,0,-0.85
5/17/2010,0,-0.85
5/18/2010,0,-0.82
5/19/2010,0,-0.79
5/20/2010,0,-0.82
5/21/2010,0,-0.83
5/22/2010,0,-0.83
5/23/2010,0,-0.83
5/24/2010,0,-0.83
5/25/2010,0,-0.83
5/26/2010,0,-0.83
5/27/2010,0,-0.83
5/28/2010,0,-0.83
5/29/2010,0,-0.83
5/30/2010,0,-0.83
5/31/2010,0,-0.83
6/1/2010,0,-0.83
6/2/2010,0,-0.84
6/3/2010,0,-0.84
6/4/2010,0,-0.84
6/5/2010,0,-0.84
6/6/2010,0,-0.84
6/7/2010,0,-0.84
6/8/2010,0,-0.84
6/9/2010,0,-0.84
6/10/2010,0,-0.84
6/11/2010,12.8,-0.23
6/12/2010,30.4,0.57
6/13/2010,0,-0.12
6/14/2010,0,-0.27
6/15/2010,0,-0.26
6/16/2010,0,-0.41
6/17/2010,0,-0.59
6/18/2010,0,-0.77
6/19/2010,0,-0.82
6/20/2010,0,-0.82
6/21/2010,36.3,-0.09
6/22/2010,420,7.11
6/23/2010,405,7.46
6/24/2010,198,4.12
6/25/2010,0,0.38
6/26/2010,0,0.18
6/27/2010,0,0.03
6/28/2010,0,-0.08
6/29/2010,0,-0.26
6/30/2010,0,-0.37
7/1/2010,0,-0.38
7/2/2010,0,-0.38
7/3/2010,0,-0.38
7/4/2010,0,-0.38
7/5/2010,0,-0.38
7/6/2010,0,-0.38
7/7/2010,0,-0.39
7/8/2010,0,-0.32
7/9/2010,0,-0.12
7/10/2010,0,-0.23
7/11/2010,0,-0.33
7/12/2010,0,-0.3
7/13/2010,0,-0.36
7/14/2010,0,-0.37
7/15/2010,0,-0.37
7/16/2010,0,-0.38
7/17/2010,0,-0.38
7/18/2010,0,-0.37
7/19/2010,0,-0.36
7/20/2010,0,-0.34
7/21/2010,0,-0.37
7/22/2010,0,-0.33
7/23/2010,0,-0.21
7/24/2010,0,-0.32
7/25/2010,0,-0.37
7/26/2010,0,-0.38
7/27/2010,0,-0.38
7/28/2010,0,-0.38
7/29/2010,0,-0.38
7/30/2010,0,-0.38
7/31/2010,0,-0.2
8/1/2010,0,-0.27
8/2/2010,0,-0.35
8/3/2010,0,-0.26
8/4/2010,0,0.26
8/5/2010,0,0.33
8/6/2010,0,0.23
8/7/2010,0,0.17
8/8/2010,0,0.11
8/9/2010,0,0.04
8/10/2010,0,-0.02
8/11/2010,0,-0.09
8/12/2010,0,-0.15
8/13/2010,0,-0.19
8/14/2010,0,-0.28
8/15/2010,0,-0.32
8/16/2010,0,-0.33
8/17/2010,0,-0.34
8/18/2010,0,-0.34
8/19/2010,0,-0.34
8/20/2010,0,-0.34
8/21/2010,0,-0.34
8/22/2010,0,-0.34
8/23/2010,0,-0.34
8/24/2010,0,-0.35
8/25/2010,0,-0.35
8/26/2010,0,-0.35
8/27/2010,0,-0.35
8/28/2010,0,-0.35
8/29/2010,0,-0.35
8/30/2010,0,-0.35
8/31/2010,0,-0.35
9/1/2010,0,-0.35
9/2/2010,0,-0.35
9/3/2010,0,-0.35
9/4/2010,0,-0.35
9/5/2010,0,-0.35
9/6/2010,0,-0.35
9/7/2010,0,-0.35
9/8/2010,0,-0.35
9/9/2010,0,-0.35
9/10/2010,0,-0.35
9/11/2010,0,-0.35
9/12/2010,0,-0.35
9/13/2010,0,-0.35
9/14/2010,0,-0.35
9/15/2010,0,-0.35
9/16/2010,0,-0.35
9/17/2010,0,-0.35
9/18/2010,0,-0.35
9/19/2010,0,-0.35
9/20/2010,0,-0.35
9/21/2010,0,-0.35
9/22/2010,0,-0.35
9/23/2010,0.247,-0.46
9/24/2010,0,-0.62
9/25/2010,0,-0.62
9/26/2010,0,-0.62
9/27/2010,0,-0.62
9/28/2010,0,-0.62
9/29/2010,0,-0.62
9/30/2010,0,-0.62
10/1/2010,0,-0.62
10/2/2010,0,-0.62
10/3/2010,0,-0.62
10/4/2010,0,-0.62
10/5/2010,0,-0.62
10/6/2010,0,-0.62
10/7/2010,0,-0.62
10/8/2010,0,-0.62
10/9/2010,0,-0.62
10/10/2010,0,-0.62
10/11/2010,0,-0.62
10/12/2010,0,-0.62
10/13/2010,0,-0.62
10/14/2010,0,-0.62
10/15/2010,0,-0.62
10/16/2010,0,-0.62
10/17/2010,0,-0.62
10/18/2010,0,-0.62
10/19/2010,0,-0.62
10/20/2010,0,-0.62
10/21/2010,0,-0.62
10/22/2010,0,-0.62
10/23/2010,0,-0.62
10/24/2010,0,-0.62
10/25/2010,0,-0.62
10/26/2010,0,-0.62
10/27/2010,0,-0.62
10/28/2010,0,-0.62
10/29/2010,0,-0.62
10/30/2010,0,-0.62
10/31/2010,0,-0.62
11/1/2010,0,-0.62
11/2/2010,0,-0.62
11/3/2010,0,-0.62
11/4/2010,0,-0.62
11/5/2010,0,-0.62
11/6/2010,0,-0.62
11/7/2010,0,-0.62
11/8/2010,0,-0.62
11/9/2010,0,-0.62
11/10/2010,0,-0.62
11/11/2010,0,-0.62
11/12/2010,0,-0.62
11/13/2010,0,-0.62
11/14/2010,0,-0.62
11/15/2010,247,4.91
11/16/2010,381,7.12
11/17/2010,305,5.81
11/18/2010,293,5.24
11/19/2010,282,5.06
11/20/2010,277,4.99
11/21/2010,273,4.94
11/22/2010,271,4.91
11/23/2010,266,4.83
11/24/2010,267,4.75
11/25/2010,269,4.7
11/26/2010,282,4.89
11/27/2010,284,4.92
11/28/2010,256,4.5
11/29/2010,251,4.42
11/30/2010,265,4.63
12/1/2010,293,4.96
12/2/2010,289,4.75
12/3/2010,276,4.56
12/4/2010,275,4.55
12/5/2010,283,4.65
12/6/2010,286,4.71
12/7/2010,292,4.79
12/8/2010,286,4.71
12/9/2010,287,4.72
12/10/2010,288,4.74
12/11/2010,287,4.72
12/12/2010,286,4.71
12/13/2010,283,4.66
12/14/2010,289,4.76
12/15/2010,281,4.72
12/16/2010,270,4.77
12/17/2010,269,4.76
12/18/2010,274,4.83
12/19/2010,275,4.84
12/20/2010,264,4.68
12/21/2010,267,4.61
12/22/2010,285,4.72
12/23/2010,289,4.77
12/24/2010,289,4.78
12/25/2010,284,4.71
12/26/2010,282,4.68
12/27/2010,280,4.64
12/28/2010,278,4.63
12/29/2010,280,4.67
12/30/2010,326,5.35
12/31/2010,260,4.37
1/1/2011,272,4.53
1/2/2011,190,3.3
1/3/2011,282,4.69
1/4/2011,340,5.55
1/5/2011,359,5.82
1/6/2011,358,5.82
1/7/2011,379,6.12
1/8/2011,387,6.23
1/9/2011,383,6.17
1/10/2011,338,5.53
1/11/2011,302,4.99
1/12/2011,251,4.23
1/13/2011,316,5.2
1/14/2011,370,5.99
1/15/2011,313,5.15
1/16/2011,260,4.36
1/17/2011,237,4.02
1/18/2011,230,3.98
1/19/2011,177,3.3
1/20/2011,155,2.96
1/21/2011,148,2.85
1/22/2011,123,2.45
1/23/2011,113,2.29
1/24/2011,106,2.17
1/25/2011,78.2,1.71
1/26/2011,66.1,1.43
1/27/2011,72.7,1.44
1/28/2011,79.1,1.55
1/29/2011,77.7,1.53
1/30/2011,68.8,1.38
1/31/2011,61.2,1.25
2/1/2011,63.4,1.28
2/2/2011,51.2,1.07
2/3/2011,59.4,1.21
2/4/2011,88.9,1.72
2/5/2011,136,2.49
2/6/2011,177,3.13
2/7/2011,141,2.61
2/8/2011,82.5,1.69
2/9/2011,63.2,1.37
2/10/2011,76.2,1.59
2/11/2011,93.4,1.88
2/12/2011,128,2.44
2/13/2011,186,3.36
2/14/2011,185,3.34
2/15/2011,104,2.05
2/16/2011,80.7,1.67
2/17/2011,73.9,1.55
2/18/2011,66.5,1.43
2/19/2011,63.8,1.38
2/20/2011,58,1.28
2/21/2011,54.1,1.21
2/22/2011,52.5,1.18
2/23/2011,48.3,1.04
2/24/2011,47.1,0.97
2/25/2011,47.1,0.97
2/26/2011,46.7,0.96
2/27/2011,50.1,1.02
2/28/2011,61.7,1.22
3/1/2011,47.6,0.94
3/2/2011,12.9,0.26
3/3/2011,0,-0.23
3/4/2011,0,-0.47
3/5/2011,0,-0.75
3/6/2011,0,-0.97
3/7/2011,0,-0.99
3/8/2011,0,-1
3/9/2011,0,-1
3/10/2011,0,-1
3/11/2011,0,-1
3/12/2011,0,-1
3/13/2011,0,-1
3/14/2011,0,-1
3/15/2011,0,-1
3/16/2011,0,-1
3/17/2011,0,-1
3/18/2011,0,-1
3/19/2011,0,-1
3/20/2011,0,-1
3/21/2011,0,-1
3/22/2011,0,-1
3/23/2011,0,-1
3/24/2011,0,-1
3/25/2011,0,-1
3/26/2011,0,-1
3/27/2011,0,-1
3/28/2011,0,-1
3/29/2011,0,-1
3/30/2011,0,-1
3/31/2011,0,-1
4/1/2011,0,-1
4/2/2011,0,-1
4/3/2011,0,-1
4/4/2011,0,-1
4/5/2011,0,-1
4/6/2011,0,-1
4/7/2011,0,-1
4/8/2011,0,-1
4/9/2011,0,-1
4/10/2011,0,-1
4/11/2011,0,-1
4/12/2011,0,-1
4/13/2011,0,-1
4/14/2011,0,-1
4/15/2011,0,-1
4/16/2011,0,-1
4/17/2011,0,-1
4/18/2011,0,-1
4/19/2011,0,-1
4/20/2011,0,-1
4/21/2011,0,-1
4/22/2011,0,-1
4/23/2011,0,-1
4/24/2011,0,-1
4/25/2011,0,-1
4/26/2011,0,-1
4/27/2011,0,-1
4/28/2011,0,-1
4/29/2011,0,-1
4/30/2011,0,-1
5/1/2011,0,-1
5/2/2011,0,-1
5/3/2011,0,-1
5/4/2011,0,-1
5/5/2011,0,-1
5/6/2011,0,-1
5/7/2011,0,-1
5/8/2011,0,-1
5/9/2011,0,-1
5/10/2011,0,-1
5/11/2011,0,-1
5/12/2011,0,-1
5/13/2011,0,-1
5/14/2011,0,-1
5/15/2011,0,-1
5/16/2011,0,-1
5/17/2011,0,-1
5/18/2011,0,-1
5/19/2011,0,-1
5/20/2011,0,-1
5/21/2011,0,-1
5/22/2011,0,-1
5/23/2011,0,-1
5/24/2011,0,-1
5/25/2011,0,-1
5/26/2011,0,-1
5/27/2011,0,-1
5/28/2011,0,-1
5/29/2011,0,-1
5/30/2011,0,-1
5/31/2011,0,-1
6/1/2011,0,-1
6/2/2011,0,-1
6/3/2011,0,-1
6/4/2011,0,-1
6/5/2011,0,-1
6/6/2011,0,-1
6/7/2011,0,-1
6/8/2011,0,-1
6/9/2011,0,-1
6/10/2011,0,-1
6/11/2011,0,-1
6/12/2011,0,-1
6/13/2011,0,-1
6/14/2011,0,-1
6/15/2011,0,-1
6/16/2011,0,-1
6/17/2011,0,-1
6/18/2011,0,-1
6/19/2011,0,-1
6/20/2011,0,-1
6/21/2011,0,-1
6/22/2011,0,-1
6/23/2011,0,-1
6/24/2011,0,-1
6/25/2011,0,-1
6/26/2011,0,-1
6/27/2011,0,-1
6/28/2011,0,-1
6/29/2011,0,-1
6/30/2011,0,-1
7/1/2011,0,-1
7/2/2011,0,-1
7/3/2011,0,-1
7/4/2011,0,-1
7/5/2011,0,-1
7/6/2011,0,-1
7/7/2011,0,-1
7/8/2011,0,-1
7/9/2011,0,-1
7/10/2011,0,-1
7/11/2011,0,-1
7/12/2011,0,-1
7/13/2011,0,-1
7/14/2011,0,-1
7/15/2011,0,-1.01
7/16/2011,0,-1
7/17/2011,0,-1
7/18/2011,0,-1
7/19/2011,0,-1
7/20/2011,0,-1
7/21/2011,0,-1.01
7/22/2011,0,-1.01
7/23/2011,0,-1.01
7/24/2011,0,-1.01
7/25/2011,0,-1.01
7/26/2011,0,-1.01
7/27/2011,0,-1.01
7/28/2011,0,-1.01
7/29/2011,0,-1.01
7/30/2011,0,-1.01
7/31/2011,0,-1.01
8/1/2011,0,-1.01
8/2/2011,0,-1.01
8/3/2011,0,-1.01
8/4/2011,0,-1.01
8/5/2011,0,-1.01
8/6/2011,0,-1.01
8/7/2011,0,-1.01
8/8/2011,0,-1.01
8/9/2011,0,-1.01
8/10/2011,0,-1.01
8/11/2011,0,-1.01
8/12/2011,0,-1.01
8/13/2011,0,-1.01
8/14/2011,0,-1.01
8/15/2011,0,-1.01
8/16/2011,0,-1.01
8/17/2011,0,-1.01
8/18/2011,0,-1.01
8/19/2011,0,-1.01
8/20/2011,0,-1.01
8/21/2011,0,-1.01
8/22/2011,0,-1.01
8/23/2011,0,-1.01
8/24/2011,0,-1.01
8/25/2011,0,-1.01
8/26/2011,0,-1.01
8/27/2011,0,-1.01
8/28/2011,0,-1.01
8/29/2011,0,-1.01
8/30/2011,0,-1.01
8/31/2011,0,-1.01
9/1/2011,0,-1.01
9/2/2011,0,-1.01
9/3/2011,0,-1.01
9/4/2011,0,-1.01
9/5/2011,0,-1.01
9/6/2011,0,-1.01
9/7/2011,0,-1.01
9/8/2011,0,-1.01
9/9/2011,0,-1.01
9/10/2011,0,-1.01
9/11/2011,0,-1.01
9/12/2011,0,-1.01
9/13/2011,0,-1.01
9/14/2011,0,-1.01
9/15/2011,0,-1.01
9/16/2011,0,-1.01
9/17/2011,0,-1.01
9/18/2011,0,-1.01
9/19/2011,0,-1.01
9/20/2011,0,-1.01
9/21/2011,0,-1.01
9/22/2011,0,-1.01
9/23/2011,0,-1.01
9/24/2011,0,-1.01
9/25/2011,0,-1.01
9/26/2011,0,-1.01
9/27/2011,0,-1.01
9/28/2011,0,-1.01
9/29/2011,0,-1.01
9/30/2011,0,-1.01
10/1/2011,0,-1.01
10/2/2011,0,-1.01
10/3/2011,0,-1.01
10/4/2011,0,-1.01
10/5/2011,0,-1.01
10/6/2011,0,-1.01
10/7/2011,0,-1.01
10/8/2011,0,-1.01
10/9/2011,0,-1.01
10/10/2011,0,-1.01
10/11/2011,0,-1.01
10/12/2011,0,-1.01
10/13/2011,0,-0.99
10/14/2011,0,-0.96
10/15/2011,0,-0.96
10/16/2011,0,-0.96
10/17/2011,0,-0.96
10/18/2011,0,-0.96
10/19/2011,0,-0.96
10/20/2011,0,-0.96
10/21/2011,0,-0.96
10/22/2011,0,-0.96
10/23/2011,0,-0.96
10/24/2011,0,-0.96
10/25/2011,0,-0.96
10/26/2011,0,-0.96
10/27/2011,0,-0.96
10/28/2011,0,-0.96
10/29/2011,0,-0.96
10/30/2011,0,-0.96
10/31/2011,0,-0.96
11/1/2011,0,-0.96
11/2/2011,0,-0.97
11/3/2011,0,-0.97
11/4/2011,0,-0.97
11/5/2011,0,-0.97
11/6/2011,0,-0.97
11/7/2011,0,-0.97
11/8/2011,0,-0.97
11/9/2011,0,-0.97
11/10/2011,0,-0.97
11/11/2011,0,-0.97
11/12/2011,0,-0.97
11/13/2011,0,-0.97
11/14/2011,0,-0.97
11/15/2011,368,5.87
11/16/2011,515,8.03
11/17/2011,465,7.32
11/18/2011,372,6.64
11/19/2011,319,6.39
11/20/2011,310,6.27
11/21/2011,297,6.07
11/22/2011,295,6.04
11/23/2011,297,6.08
11/24/2011,297,6.12
11/25/2011,296,6.09
11/26/2011,290,6
11/27/2011,277,5.81
11/28/2011,274,5.77
11/29/2011,277,5.82
11/30/2011,285,5.88
12/1/2011,294,5.94
12/2/2011,301,6.05
12/3/2011,296,5.97
12/4/2011,299,6.02
12/5/2011,305,6.12
12/6/2011,300,6.04
12/7/2011,279,5.75
12/8/2011,292,5.97
12/9/2011,336,6.62
12/10/2011,323,6.43
12/11/2011,330,6.54
12/12/2011,340,6.68
12/13/2011,326,6.47
12/14/2011,335,6.61
12/15/2011,342,6.57
12/16/2011,335,6.26
12/17/2011,311,5.89
12/18/2011,310,5.89
12/19/2011,306,5.82
12/20/2011,257,5.09
12/21/2011,274,5.96
12/22/2011,233,6.3
12/23/2011,261,6.72
12/24/2011,197,5.75
12/25/2011,206,5.89
12/26/2011,215,6.03
12/27/2011,222,6.13
12/28/2011,218,6.07
12/29/2011,269,6.33
12/30/2011,388,7.19
12/31/2011,410,7.49
1/1/2012,406,7.45
1/2/2012,374,6.98
1/3/2012,363,6.81
1/4/2012,351,6.64
1/5/2012,247,5.1
1/6/2012,197,4.34
1/7/2012,172,3.95
1/8/2012,128,3.25
1/9/2012,104,2.87
1/10/2012,96.2,2.74
1/11/2012,86.7,2.59
1/12/2012,83.6,2.55
1/13/2012,116,3.08
1/14/2012,100,2.82
1/15/2012,73.9,2.38
1/16/2012,69.1,2.3
1/17/2012,63.9,2.21
1/18/2012,59.3,2.13
1/19/2012,66.1,2.25
1/20/2012,66,2.16
1/21/2012,50.7,1.83
1/22/2012,50.1,1.82
1/23/2012,48.4,1.79
1/24/2012,48,1.78
1/25/2012,49,1.8
1/26/2012,59.9,1.9
1/27/2012,60.1,1.87
1/28/2012,58.4,1.84
1/29/2012,58.1,1.83
1/30/2012,60.3,1.87
1/31/2012,55,1.76
2/1/2012,42,1.67
2/2/2012,42.2,1.67
2/3/2012,46.2,1.74
2/4/2012,44.5,1.71
2/5/2012,40.5,1.64
2/6/2012,43.4,1.69
2/7/2012,41.5,1.66
2/8/2012,37.7,1.59
2/9/2012,31.5,1.47
2/10/2012,34.1,1.52
2/11/2012,37.2,1.58
2/12/2012,55.2,1.9
2/13/2012,42.6,1.68
2/14/2012,39.1,1.61
2/15/2012,44.6,1.67
2/16/2012,48,1.66
2/17/2012,49.7,1.68
2/18/2012,90.4,2.37
2/19/2012,114,2.77
2/20/2012,107,2.66
2/21/2012,105,2.62
2/22/2012,104,2.61
2/23/2012,102,2.57
2/24/2012,99,2.52
