date,q.rfdretco,h.rfdretco
3/1/1999,0,0
3/2/1999,0,0
3/3/1999,0,0
3/4/1999,0,0
3/5/1999,0,0
3/6/1999,0,0
3/7/1999,0,0
3/8/1999,0,0
3/9/1999,0,0
3/10/1999,0,0
3/11/1999,0,0
3/12/1999,0,0
3/13/1999,0,0
3/14/1999,0,0
3/15/1999,16.5,0.79
3/16/1999,22.5,1.07
3/17/1999,19.8,0.99
3/18/1999,20.1,1
3/19/1999,20.3,1.01
3/20/1999,20.3,1.01
3/21/1999,20.3,1.01
3/22/1999,20.3,1.01
3/23/1999,20.3,1.01
3/24/1999,20.3,1.01
3/25/1999,20.3,1.01
3/26/1999,20.3,1.01
3/27/1999,13.8,0.79
3/28/1999,18,0.93
3/29/1999,20.2,1.01
3/30/1999,20,1
3/31/1999,19.7,0.99
4/1/1999,27.2,1.21
4/2/1999,29.7,1.28
4/3/1999,31.1,1.32
4/4/1999,31.1,1.32
4/5/1999,31.1,1.32
4/6/1999,30.8,1.31
4/7/1999,29.5,1.28
4/8/1999,23,1.06
4/9/1999,23,1.02
4/10/1999,30.3,1.3
4/11/1999,30.3,1.3
4/12/1999,30.3,1.3
4/13/1999,30.3,1.3
4/14/1999,30.3,1.3
4/15/1999,30.3,1.3
4/16/1999,30.3,1.3
4/17/1999,30.3,1.3
4/18/1999,30.3,1.3
4/19/1999,30.3,1.3
4/20/1999,30.3,1.3
4/21/1999,29.7,1.28
4/22/1999,27.9,1.23
4/23/1999,30.3,1.3
4/24/1999,30.3,1.3
4/25/1999,30.2,1.3
4/26/1999,30.3,1.3
4/27/1999,30.3,1.3
4/28/1999,35.8,1.42
4/29/1999,0.887,0.12
4/30/1999,8.14,0.46
5/1/1999,38,1.19
5/2/1999,52.4,1.37
5/3/1999,0.625,0.11
5/4/1999,0.369,0.07
5/5/1999,0,0
5/6/1999,0,0
5/7/1999,0,0
5/8/1999,0,0
5/9/1999,0.017,0.01
5/10/1999,29.4,1.03
5/11/1999,52.7,1.84
5/12/1999,53.5,1.86
5/13/1999,53.5,1.86
5/14/1999,53.2,1.85
5/15/1999,53.6,1.86
5/16/1999,52.8,1.84
5/17/1999,52.6,1.84
5/18/1999,52.5,1.84
5/19/1999,52.8,1.84
5/20/1999,52.8,1.84
5/21/1999,52.8,1.84
5/22/1999,16.8,0.67
5/23/1999,14,0.58
5/24/1999,53.1,1.85
5/25/1999,52.8,1.84
5/26/1999,52.5,1.84
5/27/1999,53.3,1.85
5/28/1999,52.2,1.83
5/29/1999,52.1,1.83
5/30/1999,51.9,1.82
5/31/1999,52.7,1.84
6/1/1999,58.8,1.97
6/2/1999,59.4,1.99
6/3/1999,59.4,1.99
6/4/1999,59.3,1.98
6/5/1999,59.3,1.98
6/6/1999,59.4,1.99
6/7/1999,60.4,2.01
6/8/1999,59.5,1.99
6/9/1999,59.4,1.99
6/10/1999,59.8,1.99
6/11/1999,40.3,1.18
6/12/1999,NA,NA
6/13/1999,NA,NA
6/14/1999,NA,NA
6/15/1999,NA,NA
6/16/1999,NA,NA
6/17/1999,NA,NA
6/18/1999,NA,NA
6/19/1999,NA,NA
6/20/1999,36.4,1.22
6/21/1999,44,1.47
6/22/1999,59.9,2
6/23/1999,60.2,2
6/24/1999,60.2,1.99
6/25/1999,61.4,2.03
6/26/1999,61.1,2.02
6/27/1999,60.6,2.01
6/28/1999,60.4,2.01
6/29/1999,60.8,2.01
6/30/1999,61.1,2.02
7/1/1999,60.8,2.01
7/2/1999,59.1,1.98
7/3/1999,59.2,1.98
7/4/1999,59.3,1.98
7/5/1999,59.6,1.99
7/6/1999,59.6,1.99
7/7/1999,59.7,1.99
7/8/1999,59.7,1.99
7/9/1999,59.5,1.99
7/10/1999,59.5,1.99
7/11/1999,59.5,1.99
7/12/1999,59.3,1.98
7/13/1999,59.4,1.99
7/14/1999,59.3,1.98
7/15/1999,59.6,1.99
7/16/1999,59.4,1.98
7/17/1999,30.9,1.16
7/18/1999,5.19,0.43
7/19/1999,5.05,0.42
7/20/1999,1370,20.05
7/21/1999,3450,50
7/22/1999,0,0
7/23/1999,0,0
7/24/1999,28.2,0.95
7/25/1999,60.2,2
7/26/1999,60.3,2
7/27/1999,59,1.98
7/28/1999,61.4,2.03
7/29/1999,59.4,1.99
7/30/1999,59.5,1.99
7/31/1999,59.6,1.99
8/1/1999,42.6,1.44
8/2/1999,0.075,0.03
8/3/1999,4250,61.84
8/4/1999,43.2,1.48
8/5/1999,0.62,0.11
8/6/1999,0.6,0.11
8/7/1999,0.156,0.03
8/8/1999,0,0
8/9/1999,2470,36.16
8/10/1999,59.1,1.98
8/11/1999,59,1.98
8/12/1999,59.1,1.98
8/13/1999,59.4,1.98
8/14/1999,59.7,1.99
8/15/1999,60,2
8/16/1999,59.8,1.99
8/17/1999,60.2,2
8/18/1999,60.1,2
8/19/1999,60.1,2
8/20/1999,60,2
8/21/1999,60,2
8/22/1999,59.9,2
8/23/1999,59.9,2
8/24/1999,59.8,1.99
8/25/1999,60,2
8/26/1999,60,2
8/27/1999,60,2
8/28/1999,60,2
8/29/1999,60,2
8/30/1999,60,2
8/31/1999,57.3,1.94
9/1/1999,44.1,1.65
9/2/1999,10.6,0.51
9/3/1999,15.2,0.79
9/4/1999,21.5,1.05
9/5/1999,27.8,1.23
9/6/1999,28.9,1.26
9/7/1999,27.9,1.23
9/8/1999,19.3,0.97
9/9/1999,16.4,0.88
9/10/1999,10.8,0.6
9/11/1999,29,1.26
9/12/1999,28.6,1.25
9/13/1999,28.7,1.26
9/14/1999,28.5,1.25
9/15/1999,28.3,1.24
9/16/1999,28.1,1.24
9/17/1999,28,1.24
9/18/1999,27.7,1.23
9/19/1999,27.4,1.22
9/20/1999,27.5,1.22
9/21/1999,27.4,1.22
9/22/1999,27.4,1.22
9/23/1999,28.2,1.24
9/24/1999,28.5,1.25
9/25/1999,29,1.27
9/26/1999,29.2,1.27
9/27/1999,29.2,1.27
9/28/1999,29.4,1.28
9/29/1999,29.9,1.29
9/30/1999,29.1,1.27
10/1/1999,24,1.12
10/2/1999,15.3,0.78
10/3/1999,25.1,1.15
10/4/1999,28.6,1.25
10/5/1999,29.2,1.27
10/6/1999,27,1.21
10/7/1999,28.9,1.26
10/8/1999,29.8,1.29
10/9/1999,29.6,1.28
10/10/1999,29.6,1.28
10/11/1999,29.4,1.27
10/12/1999,29.2,1.27
10/13/1999,29.1,1.27
10/14/1999,28.5,1.25
10/15/1999,29.2,1.27
10/16/1999,29.2,1.27
10/17/1999,29.2,1.27
10/18/1999,29.1,1.27
10/19/1999,28.9,1.26
10/20/1999,28.9,1.26
10/21/1999,28.5,1.25
10/22/1999,28.2,1.24
10/23/1999,28.1,1.24
10/24/1999,28.1,1.24
10/25/1999,28.1,1.24
10/26/1999,28.1,1.24
10/27/1999,28.1,1.24
10/28/1999,28.5,1.25
10/29/1999,28.5,1.25
10/30/1999,28.6,1.25
10/31/1999,28.9,1.26
11/1/1999,28.9,1.26
11/2/1999,NA,NA
11/3/1999,NA,NA
11/4/1999,NA,NA
11/5/1999,1.07,0.05
11/6/1999,0,0
11/7/1999,0,0
11/8/1999,0,0
11/9/1999,0,0
11/10/1999,0,0
11/11/1999,934,13.54
11/12/1999,0,0
11/13/1999,0,0
11/14/1999,0,0
11/15/1999,0,0
11/16/1999,0,0
11/17/1999,647,9.38
11/18/1999,1720,25
11/19/1999,0,0
11/20/1999,0,0
11/21/1999,0,0
11/22/1999,0,0
11/23/1999,0,0
11/24/1999,0,0
11/25/1999,0,0
11/26/1999,0,0
11/27/1999,791,11.46
11/28/1999,6900,100
11/29/1999,2660,38.54
11/30/1999,0,0
12/1/1999,0,0
12/2/1999,0,0
12/3/1999,0,0
12/4/1999,0,0
12/5/1999,0,0
12/6/1999,0,0
12/7/1999,0,0
12/8/1999,36.1,1.31
12/9/1999,48.1,1.74
12/10/1999,48.2,1.74
12/11/1999,48.6,1.75
12/12/1999,12.7,0.47
12/13/1999,0,0.01
12/14/1999,0,0.01
12/15/1999,0,0.01
12/16/1999,0,0.01
12/17/1999,NA,NA
12/18/1999,NA,NA
12/19/1999,NA,NA
12/20/1999,NA,NA
12/21/1999,NA,NA
12/22/1999,NA,NA
12/23/1999,NA,NA
12/24/1999,NA,NA
12/25/1999,NA,NA
12/26/1999,NA,NA
12/27/1999,NA,NA
12/28/1999,NA,NA
12/29/1999,NA,NA
12/30/1999,NA,NA
12/31/1999,NA,NA
1/1/2000,NA,NA
1/2/2000,NA,NA
1/3/2000,NA,NA
1/4/2000,NA,NA
1/5/2000,NA,NA
1/6/2000,NA,NA
1/7/2000,NA,NA
1/8/2000,NA,NA
1/9/2000,NA,NA
1/10/2000,NA,NA
1/11/2000,NA,NA
1/12/2000,NA,NA
1/13/2000,NA,NA
1/14/2000,NA,NA
1/15/2000,NA,NA
1/16/2000,NA,NA
1/17/2000,0,-1.05
1/18/2000,0,-1.05
1/19/2000,NA,NA
1/20/2000,NA,NA
1/21/2000,NA,NA
1/22/2000,NA,NA
1/23/2000,NA,NA
1/24/2000,NA,NA
1/25/2000,NA,NA
1/26/2000,NA,NA
1/27/2000,NA,NA
1/28/2000,NA,NA
1/29/2000,NA,NA
1/30/2000,NA,NA
1/31/2000,NA,NA
2/1/2000,NA,NA
2/2/2000,NA,NA
2/3/2000,NA,NA
2/4/2000,NA,NA
2/5/2000,NA,NA
2/6/2000,NA,NA
2/7/2000,NA,NA
2/8/2000,NA,NA
2/9/2000,NA,NA
2/10/2000,NA,NA
2/11/2000,NA,NA
2/12/2000,NA,NA
2/13/2000,NA,NA
2/14/2000,NA,NA
2/15/2000,NA,NA
2/16/2000,NA,NA
2/17/2000,NA,NA
2/18/2000,NA,NA
2/19/2000,NA,NA
2/20/2000,NA,NA
2/21/2000,NA,NA
2/22/2000,NA,NA
2/23/2000,NA,NA
2/24/2000,NA,NA
2/25/2000,NA,NA
2/26/2000,NA,NA
2/27/2000,NA,NA
2/28/2000,NA,NA
2/29/2000,1.51,0.09
3/1/2000,-666,66.53
3/2/2000,-884.5,88.53
3/3/2000,-468.3,46.87
3/4/2000,-239.3,23.96
3/5/2000,0,0
3/6/2000,0,0
3/7/2000,-842.9,82.49
3/8/2000,-208.1,18.02
3/9/2000,0,0
3/10/2000,0,0
3/11/2000,0,0
3/12/2000,0,0
3/13/2000,0,0
3/14/2000,-18.6,2.2
3/15/2000,15.5,0.77
3/16/2000,29.3,1.24
3/17/2000,25.4,1.13
3/18/2000,19.1,0.95
3/19/2000,18.5,0.93
3/20/2000,18.8,0.94
3/21/2000,18.8,0.94
3/22/2000,18.5,0.93
3/23/2000,18.8,0.94
3/24/2000,18.5,0.93
3/25/2000,18.8,0.94
3/26/2000,18.5,0.93
3/27/2000,18.8,0.94
3/28/2000,18.3,0.92
3/29/2000,17.5,0.88
3/30/2000,17.9,0.9
3/31/2000,17.9,0.89
4/1/2000,30.9,1.24
4/2/2000,35.6,1.38
4/3/2000,28.8,1.2
4/4/2000,27.4,1.17
4/5/2000,27.3,1.16
4/6/2000,27.4,1.17
4/7/2000,27.4,1.17
4/8/2000,27.2,1.15
4/9/2000,27.4,1.17
4/10/2000,27.1,1.15
4/11/2000,27.5,1.17
4/12/2000,38.3,1.43
4/13/2000,44.6,1.59
4/14/2000,43.9,1.57
4/15/2000,44,1.57
4/16/2000,43.9,1.57
4/17/2000,43.4,1.55
4/18/2000,43.7,1.57
4/19/2000,43.6,1.56
4/20/2000,42.8,1.54
4/21/2000,41.4,1.51
4/22/2000,39.9,1.47
4/23/2000,40.6,1.49
4/24/2000,40,1.47
4/25/2000,40,1.47
4/26/2000,40.5,1.49
4/27/2000,39.9,1.47
4/28/2000,40.5,1.49
4/29/2000,39.9,1.47
4/30/2000,40.5,1.49
5/1/2000,34.3,1.26
5/2/2000,NA,NA
5/3/2000,NA,NA
5/4/2000,NA,NA
5/5/2000,NA,NA
5/6/2000,NA,NA
5/7/2000,43.4,1.57
5/8/2000,42,1.52
5/9/2000,41.8,1.52
5/10/2000,42.3,1.53
5/11/2000,42.2,1.53
5/12/2000,42.5,1.54
5/13/2000,44.7,1.62
5/14/2000,43.7,1.59
5/15/2000,42.3,1.53
5/16/2000,44.9,1.58
5/17/2000,44.4,1.58
5/18/2000,42.4,1.53
5/19/2000,43.2,1.55
5/20/2000,42.3,1.53
5/21/2000,42.6,1.54
5/22/2000,43.3,1.56
5/23/2000,42.4,1.53
5/24/2000,42.8,1.54
5/25/2000,42,1.52
5/26/2000,42.3,1.53
5/27/2000,44.3,1.61
5/28/2000,44.3,1.6
5/29/2000,45,1.62
5/30/2000,48.1,1.7
5/31/2000,46.6,1.66
6/1/2000,49.8,1.72
6/2/2000,50.8,1.75
6/3/2000,51.2,1.77
6/4/2000,50.5,1.74
6/5/2000,50.9,1.76
6/6/2000,50.5,1.74
6/7/2000,50.2,1.74
6/8/2000,49.5,1.73
6/9/2000,31.5,1.28
6/10/2000,25.8,1.15
6/11/2000,25.6,1.14
6/12/2000,25.6,1.14
6/13/2000,47.1,1.65
6/14/2000,33.3,1.32
6/15/2000,25.8,1.14
6/16/2000,25,1.12
6/17/2000,25.4,1.14
6/18/2000,24.9,1.11
6/19/2000,25.6,1.14
6/20/2000,26.2,1.16
6/21/2000,25,1.11
6/22/2000,25.4,1.13
6/23/2000,25.2,1.13
6/24/2000,25.4,1.13
6/25/2000,25.1,1.12
6/26/2000,24.9,1.12
6/27/2000,47.8,1.67
6/28/2000,32.6,1.3
6/29/2000,25.4,1.13
6/30/2000,24.7,1.11
7/1/2000,24.5,1.1
7/2/2000,25.4,1.13
7/3/2000,21.1,1
7/4/2000,8.31,0.51
7/5/2000,22.2,1.01
7/6/2000,25.7,1.14
7/7/2000,25.5,1.13
7/8/2000,25.3,1.13
7/9/2000,25.3,1.13
7/10/2000,25.7,1.14
7/11/2000,48.3,1.68
7/12/2000,32.8,1.31
7/13/2000,25.8,1.15
7/14/2000,25.2,1.13
7/15/2000,25.4,1.13
7/16/2000,24.9,1.11
7/17/2000,24.4,1.1
7/18/2000,25.6,1.14
7/19/2000,25.8,1.14
7/20/2000,26.1,1.16
7/21/2000,25.9,1.15
7/22/2000,25.7,1.14
7/23/2000,24.8,1.11
7/24/2000,26,1.15
7/25/2000,47.7,1.67
7/26/2000,32.3,1.3
7/27/2000,23.9,1.07
7/28/2000,25.5,1.13
7/29/2000,25.9,1.15
7/30/2000,26,1.15
7/31/2000,26.1,1.15
8/1/2000,25.9,1.15
8/2/2000,24.9,1.11
8/3/2000,25.2,1.13
8/4/2000,25.1,1.12
8/5/2000,25.5,1.14
8/6/2000,25.4,1.13
8/7/2000,25.8,1.15
8/8/2000,47.6,1.67
8/9/2000,33.7,1.34
8/10/2000,27.4,1.19
8/11/2000,27.1,1.18
8/12/2000,27.1,1.18
8/13/2000,26.9,1.18
8/14/2000,27,1.18
8/15/2000,48.9,1.7
8/16/2000,34,1.34
8/17/2000,28.1,1.21
8/18/2000,28,1.2
8/19/2000,27.7,1.2
8/20/2000,26.6,1.16
8/21/2000,27.4,1.19
8/22/2000,27.6,1.2
8/23/2000,27.4,1.19
8/24/2000,27.5,1.18
8/25/2000,27.7,1.2
8/26/2000,27.7,1.19
8/27/2000,27.5,1.19
8/28/2000,27.3,1.18
8/29/2000,27.4,1.19
8/30/2000,26.1,1.15
8/31/2000,25.4,1.13
9/1/2000,22.2,1.04
9/2/2000,22.7,1.06
9/3/2000,20.4,0.98
9/4/2000,21.7,1.03
9/5/2000,21.7,1.02
9/6/2000,12.4,0.69
9/7/2000,20.3,0.98
9/8/2000,21.4,1.01
9/9/2000,25.5,1.13
9/10/2000,27.4,1.19
9/11/2000,27.1,1.18
9/12/2000,27,1.17
9/13/2000,27,1.18
9/14/2000,20.5,0.97
9/15/2000,12.2,0.7
9/16/2000,22.5,1.05
9/17/2000,21.6,1.02
9/18/2000,21.5,1.02
9/19/2000,21.9,1.03
9/20/2000,22.1,1.03
9/21/2000,22.5,1.05
9/22/2000,22.2,1.04
9/23/2000,22.5,1.05
9/24/2000,22.5,1.05
9/25/2000,22.4,1.05
9/26/2000,21.6,1.02
9/27/2000,22.2,1.04
9/28/2000,22.7,1.06
9/29/2000,21.7,1.02
9/30/2000,22.2,1.04
10/1/2000,28.7,1.22
10/2/2000,32.2,1.32
10/3/2000,32.7,1.33
10/4/2000,32.5,1.32
10/5/2000,33.1,1.34
10/6/2000,32,1.3
10/7/2000,32.5,1.33
10/8/2000,32.4,1.32
10/9/2000,32.6,1.33
10/10/2000,32.2,1.32
10/11/2000,31.3,1.29
10/12/2000,31.1,1.28
10/13/2000,30.4,1.27
10/14/2000,29.5,1.24
10/15/2000,14.9,0.76
10/16/2000,25.6,1.09
10/17/2000,31.9,1.31
10/18/2000,32.1,1.31
10/19/2000,32.6,1.33
10/20/2000,31.5,1.29
10/21/2000,32.3,1.32
10/22/2000,32.2,1.31
10/23/2000,33,1.34
10/24/2000,32.9,1.34
10/25/2000,32.2,1.31
10/26/2000,32.3,1.32
10/27/2000,31.6,1.3
10/28/2000,31.6,1.3
10/29/2000,31.3,1.29
10/30/2000,25.4,1.05
10/31/2000,-98.9,11.71
11/1/2000,-218.5,19.06
11/2/2000,-530.7,48.43
11/3/2000,0,0
11/4/2000,0,0
11/5/2000,0,0
11/6/2000,0,0
11/7/2000,-176.9,17.71
11/8/2000,0,0
11/9/2000,0,0
11/10/2000,0,0
11/11/2000,0,0
11/12/2000,0,0
11/13/2000,0,0
11/14/2000,0,0
11/15/2000,0,0
11/16/2000,0,0
11/17/2000,0,0
11/18/2000,0,0
11/19/2000,0,0
11/20/2000,0,0
11/21/2000,0,0
11/22/2000,0,0
11/23/2000,0,0
11/24/2000,0,0
11/25/2000,0,0
11/26/2000,0,0
11/27/2000,0,0
11/28/2000,0,0
11/29/2000,0,0
11/30/2000,0,0
12/1/2000,0,0
12/2/2000,0,0
12/3/2000,-452.7,38.28
12/4/2000,-915.8,82.28
12/5/2000,-936.6,91.87
12/6/2000,-926.2,88.01
12/7/2000,-915.8,84.16
12/8/2000,-932.4,93.32
12/9/2000,NA,NA
12/10/2000,NA,NA
12/11/2000,NA,NA
12/12/2000,NA,NA
12/13/2000,NA,NA
12/14/2000,NA,NA
12/15/2000,NA,NA
12/16/2000,NA,NA
12/17/2000,NA,NA
12/18/2000,NA,NA
12/19/2000,NA,NA
12/20/2000,NA,NA
12/21/2000,NA,NA
12/22/2000,NA,NA
12/23/2000,NA,NA
12/24/2000,NA,NA
12/25/2000,NA,NA
12/26/2000,NA,NA
12/27/2000,NA,NA
12/28/2000,NA,NA
12/29/2000,NA,NA
12/30/2000,NA,NA
12/31/2000,NA,NA
1/1/2001,NA,NA
1/2/2001,NA,NA
1/3/2001,NA,NA
1/4/2001,NA,NA
1/5/2001,NA,NA
1/6/2001,NA,NA
1/7/2001,NA,NA
1/8/2001,NA,NA
1/9/2001,NA,NA
1/10/2001,NA,NA
1/11/2001,NA,NA
1/12/2001,NA,NA
1/13/2001,NA,NA
1/14/2001,NA,NA
1/15/2001,NA,NA
1/16/2001,NA,NA
1/17/2001,NA,NA
1/18/2001,NA,NA
1/19/2001,NA,NA
1/20/2001,NA,NA
1/21/2001,NA,NA
1/22/2001,NA,NA
1/23/2001,NA,NA
1/24/2001,NA,NA
1/25/2001,NA,NA
1/26/2001,NA,NA
1/27/2001,NA,NA
1/28/2001,NA,NA
1/29/2001,NA,NA
1/30/2001,NA,NA
1/31/2001,NA,NA
2/1/2001,NA,NA
2/2/2001,NA,NA
2/3/2001,NA,NA
2/4/2001,NA,NA
2/5/2001,NA,NA
2/6/2001,NA,NA
2/7/2001,NA,NA
2/8/2001,NA,NA
2/9/2001,NA,NA
2/10/2001,NA,NA
2/11/2001,NA,NA
2/12/2001,NA,NA
2/13/2001,NA,NA
2/14/2001,NA,NA
2/15/2001,NA,NA
2/16/2001,NA,NA
2/17/2001,NA,NA
2/18/2001,NA,NA
2/19/2001,NA,NA
2/20/2001,NA,NA
2/21/2001,NA,NA
2/22/2001,NA,NA
2/23/2001,NA,NA
2/24/2001,NA,NA
2/25/2001,NA,NA
2/26/2001,NA,NA
2/27/2001,NA,NA
2/28/2001,NA,NA
3/1/2001,NA,NA
3/2/2001,NA,NA
3/3/2001,NA,NA
3/4/2001,NA,NA
3/5/2001,NA,NA
3/6/2001,NA,NA
3/7/2001,NA,NA
3/8/2001,NA,NA
3/9/2001,NA,NA
3/10/2001,NA,NA
3/11/2001,NA,NA
3/12/2001,NA,NA
3/13/2001,-278.3,24.46
3/14/2001,-822.1,81.83
3/15/2001,-936.6,93.71
3/16/2001,-226.7,24.59
3/17/2001,22.1,1.04
3/18/2001,22.6,1.05
3/19/2001,19.4,0.95
3/20/2001,15.8,0.78
3/21/2001,22.9,1.06
3/22/2001,23.2,1.07
3/23/2001,22.9,1.06
3/24/2001,23.2,1.07
3/25/2001,22.9,1.06
3/26/2001,23.2,1.07
3/27/2001,23.2,1.07
3/28/2001,22.9,1.06
3/29/2001,23.1,1.07
3/30/2001,23.1,1.06
3/31/2001,22.8,1.06
4/1/2001,25,1.11
4/2/2001,31.2,1.29
4/3/2001,28.6,1.22
4/4/2001,28.2,1.21
4/5/2001,28.1,1.21
4/6/2001,28,1.2
4/7/2001,28.2,1.21
4/8/2001,27.5,1.19
4/9/2001,28.1,1.21
4/10/2001,27.9,1.2
4/11/2001,27.8,1.2
4/12/2001,28.1,1.21
4/13/2001,27.7,1.2
4/14/2001,27.7,1.2
4/15/2001,27.4,1.18
4/16/2001,27.4,1.18
4/17/2001,28,1.21
4/18/2001,27.7,1.2
4/19/2001,27.9,1.2
4/20/2001,27.6,1.19
4/21/2001,28,1.21
4/22/2001,27.7,1.2
4/23/2001,28,1.21
4/24/2001,27.1,1.17
4/25/2001,27.4,1.18
4/26/2001,28,1.21
4/27/2001,27.7,1.2
4/28/2001,28,1.21
4/29/2001,21.2,1.01
4/30/2001,23.6,1.08
5/1/2001,28.4,1.22
5/2/2001,27.6,1.19
5/3/2001,19.7,0.91
5/4/2001,19.9,0.89
5/5/2001,28.9,1.23
5/6/2001,28.4,1.21
5/7/2001,28.7,1.23
5/8/2001,28.2,1.21
5/9/2001,27.1,1.18
5/10/2001,28.2,1.21
5/11/2001,28.4,1.21
5/12/2001,28.6,1.22
5/13/2001,28.2,1.21
5/14/2001,28.7,1.23
5/15/2001,44.4,1.6
5/16/2001,35.3,1.38
5/17/2001,27.9,1.19
5/18/2001,32.2,1.31
5/19/2001,32.6,1.33
5/20/2001,32,1.31
5/21/2001,30.4,1.27
5/22/2001,28.7,1.23
5/23/2001,25,1.09
5/24/2001,27.2,1.19
5/25/2001,26.1,1.15
5/26/2001,27.3,1.18
5/27/2001,27.4,1.19
5/28/2001,27.9,1.2
5/29/2001,44,1.6
5/30/2001,31.6,1.28
5/31/2001,28.1,1.21
6/1/2001,25.5,1.13
6/2/2001,26.4,1.16
6/3/2001,25.1,1.12
6/4/2001,25.8,1.15
6/5/2001,25.1,1.12
6/6/2001,25,1.12
6/7/2001,26,1.15
6/8/2001,25.8,1.14
6/9/2001,26.3,1.16
6/10/2001,25.9,1.15
6/11/2001,26.1,1.15
6/12/2001,47.2,1.66
6/13/2001,32.5,1.3
6/14/2001,25.5,1.13
6/15/2001,25.6,1.14
6/16/2001,25.1,1.12
6/17/2001,25.8,1.14
6/18/2001,26,1.15
6/19/2001,26.4,1.16
6/20/2001,22.7,1.01
6/21/2001,25.8,1.15
6/22/2001,25.4,1.13
6/23/2001,25.6,1.14
6/24/2001,25.3,1.12
6/25/2001,25.9,1.15
6/26/2001,48.4,1.69
6/27/2001,32.9,1.31
6/28/2001,25.2,1.12
6/29/2001,23.7,1.05
6/30/2001,25.7,1.14
7/1/2001,25.8,1.14
7/2/2001,26.2,1.16
7/3/2001,25.8,1.15
7/4/2001,25.6,1.14
7/5/2001,26.2,1.16
7/6/2001,26.2,1.15
7/7/2001,26.7,1.17
7/8/2001,27.1,1.18
7/9/2001,13,0.69
7/10/2001,-623.8,62.55
7/11/2001,-147,12.84
7/12/2001,25.8,1.15
7/13/2001,24.9,1.11
7/14/2001,25.4,1.14
7/15/2001,25.5,1.14
7/16/2001,25.1,1.12
7/17/2001,25.7,1.14
7/18/2001,24.3,1.08
7/19/2001,26.2,1.16
7/20/2001,25.8,1.14
7/21/2001,26,1.15
7/22/2001,25.9,1.14
7/23/2001,26.1,1.16
7/24/2001,25.4,1.13
7/25/2001,23.2,1
7/26/2001,25.7,1.14
7/27/2001,25.4,1.13
7/28/2001,25.4,1.13
7/29/2001,25,1.11
7/30/2001,25.7,1.14
7/31/2001,25.4,1.14
8/1/2001,26.2,1.15
8/2/2001,27.5,1.19
8/3/2001,26.5,1.16
8/4/2001,27.7,1.2
8/5/2001,27.3,1.18
8/6/2001,27.6,1.19
8/7/2001,48.7,1.7
8/8/2001,34.4,1.35
8/9/2001,28.2,1.21
8/10/2001,26.9,1.17
8/11/2001,27.6,1.2
8/12/2001,28.6,1.22
8/13/2001,28.7,1.23
8/14/2001,48.3,1.68
8/15/2001,31.9,1.27
8/16/2001,28.3,1.21
8/17/2001,27.6,1.19
8/18/2001,27.2,1.18
8/19/2001,27.3,1.19
8/20/2001,27.5,1.19
8/21/2001,26.7,1.17
8/22/2001,26.5,1.16
8/23/2001,27,1.17
8/24/2001,26.1,1.15
8/25/2001,28.9,1.22
8/26/2001,28.6,1.22
8/27/2001,27.7,1.19
8/28/2001,27.4,1.18
8/29/2001,23.6,1.07
8/30/2001,20.9,0.99
8/31/2001,23.1,1.07
9/1/2001,21.5,1.01
9/2/2001,22.5,1.05
9/3/2001,22.5,1.05
9/4/2001,22,1.03
9/5/2001,18.2,0.91
9/6/2001,10.6,0.61
9/7/2001,21.2,1.01
9/8/2001,22.2,1.04
9/9/2001,22.6,1.05
9/10/2001,21.7,1.02
9/11/2001,21.7,1.02
9/12/2001,22,1.03
9/13/2001,22.2,1.04
9/14/2001,22.1,1.03
9/15/2001,22.7,1.05
9/16/2001,22.4,1.04
9/17/2001,22.3,1.04
9/18/2001,22.4,1.05
9/19/2001,22.3,1.04
9/20/2001,22.7,1.05
9/21/2001,22.2,1.04
9/22/2001,22.1,1.04
9/23/2001,21.9,1.03
9/24/2001,22.7,1.05
9/25/2001,22.8,1.06
9/26/2001,21.9,1.03
9/27/2001,21.8,1.02
9/28/2001,22,1.04
9/29/2001,21.7,1.02
9/30/2001,22.3,1.05
10/1/2001,27.1,1.17
10/2/2001,28.6,1.22
10/3/2001,34.8,1.38
10/4/2001,39,1.49
10/5/2001,38.9,1.48
10/6/2001,39.1,1.48
10/7/2001,39,1.48
10/8/2001,38.1,1.45
10/9/2001,38.2,1.46
10/10/2001,38.9,1.48
10/11/2001,39.4,1.49
10/12/2001,39.5,1.5
10/13/2001,39.4,1.49
10/14/2001,39.4,1.49
10/15/2001,39.8,1.51
10/16/2001,38.7,1.47
10/17/2001,39.4,1.5
10/18/2001,39.4,1.5
10/19/2001,39.2,1.49
10/20/2001,39.3,1.49
10/21/2001,38.5,1.47
10/22/2001,39,1.48
10/23/2001,39.6,1.5
10/24/2001,36.4,1.4
10/25/2001,40.5,1.52
10/26/2001,40,1.5
10/27/2001,40.6,1.52
10/28/2001,40.9,1.53
10/29/2001,40.7,1.53
10/30/2001,40.3,1.52
10/31/2001,37.2,1.43
11/1/2001,7.62,0.34
11/2/2001,0.073,0.03
11/3/2001,0.038,0.02
11/4/2001,0.038,0.02
11/5/2001,0.038,0.02
11/6/2001,-249.7,25
11/7/2001,0,0
11/8/2001,0,0
11/9/2001,0,0
11/10/2001,0,0
11/11/2001,0,0
11/12/2001,0,0
11/13/2001,0,0
11/14/2001,0,0
11/15/2001,0,0
11/16/2001,0,0
11/17/2001,0,0
11/18/2001,0,0
11/19/2001,0,0
11/20/2001,0,0
11/21/2001,0,0
11/22/2001,0,0
11/23/2001,0,0
11/24/2001,0,0
11/25/2001,0,0
11/26/2001,0,0
11/27/2001,0,0
11/28/2001,-260.2,26.04
11/29/2001,0,0
11/30/2001,0,0
12/1/2001,0,0
12/2/2001,0,0
12/3/2001,0,0
12/4/2001,0,0
12/5/2001,0,0
12/6/2001,0,0
12/7/2001,0,0
12/8/2001,0,0
12/9/2001,0,0
12/10/2001,0,0
12/11/2001,0,0
12/12/2001,0,0
12/13/2001,NA,NA
12/14/2001,NA,NA
12/15/2001,NA,NA
12/16/2001,NA,NA
12/17/2001,NA,NA
12/18/2001,NA,NA
12/19/2001,NA,NA
12/20/2001,NA,NA
12/21/2001,NA,NA
12/22/2001,NA,NA
12/23/2001,NA,NA
12/24/2001,NA,NA
12/25/2001,NA,NA
12/26/2001,NA,NA
12/27/2001,NA,NA
12/28/2001,NA,NA
12/29/2001,NA,NA
12/30/2001,NA,NA
12/31/2001,NA,NA
1/1/2002,NA,NA
1/2/2002,NA,NA
1/3/2002,NA,NA
1/4/2002,NA,NA
1/5/2002,NA,NA
1/6/2002,NA,NA
1/7/2002,NA,NA
1/8/2002,NA,NA
1/9/2002,NA,NA
1/10/2002,NA,NA
1/11/2002,NA,NA
1/12/2002,NA,NA
1/13/2002,NA,NA
1/14/2002,NA,NA
1/15/2002,NA,NA
1/16/2002,NA,NA
1/17/2002,NA,NA
1/18/2002,NA,NA
1/19/2002,NA,NA
1/20/2002,NA,NA
1/21/2002,NA,NA
1/22/2002,NA,NA
1/23/2002,NA,NA
1/24/2002,NA,NA
1/25/2002,NA,NA
1/26/2002,NA,NA
1/27/2002,NA,NA
1/28/2002,NA,NA
1/29/2002,NA,NA
1/30/2002,NA,NA
1/31/2002,NA,NA
2/1/2002,NA,NA
2/2/2002,NA,NA
2/3/2002,NA,NA
2/4/2002,NA,NA
2/5/2002,NA,NA
2/6/2002,NA,NA
2/7/2002,NA,NA
2/8/2002,NA,NA
2/9/2002,NA,NA
2/10/2002,NA,NA
2/11/2002,NA,NA
2/12/2002,NA,NA
2/13/2002,NA,NA
2/14/2002,NA,NA
2/15/2002,NA,NA
2/16/2002,NA,NA
2/17/2002,NA,NA
2/18/2002,NA,NA
2/19/2002,NA,NA
2/20/2002,NA,NA
2/21/2002,NA,NA
2/22/2002,NA,NA
2/23/2002,NA,NA
2/24/2002,NA,NA
2/25/2002,NA,NA
2/26/2002,NA,NA
2/27/2002,NA,NA
2/28/2002,NA,NA
3/1/2002,NA,NA
3/2/2002,NA,NA
3/3/2002,NA,NA
3/4/2002,NA,NA
3/5/2002,NA,NA
3/6/2002,NA,NA
3/7/2002,NA,NA
3/8/2002,NA,NA
3/9/2002,NA,NA
3/10/2002,NA,NA
3/11/2002,NA,NA
3/12/2002,NA,NA
3/13/2002,NA,NA
3/14/2002,NA,NA
3/15/2002,22.6,0.9
3/16/2002,38.6,1.51
3/17/2002,33.2,1.37
3/18/2002,36.3,1.46
3/19/2002,36.4,1.46
3/20/2002,25.5,1.16
3/21/2002,20,1
3/22/2002,-213.2,2.7
3/23/2002,8.34,1.04
3/24/2002,22.4,1.07
3/25/2002,22,1.06
3/26/2002,19.4,0.98
3/27/2002,-43.4,6.23
3/28/2002,20,1
3/29/2002,20,1
3/30/2002,22.6,1.06
3/31/2002,23.1,1.09
4/1/2002,31.3,1.33
4/2/2002,-150,9.89
4/3/2002,35.1,1.42
4/4/2002,31.6,1.33
4/5/2002,31,1.32
4/6/2002,30.9,1.32
4/7/2002,30.8,1.31
4/8/2002,30.8,1.31
4/9/2002,30.8,1.31
4/10/2002,31.2,1.32
4/11/2002,32.5,1.36
4/12/2002,31.1,1.32
4/13/2002,30.8,1.31
4/14/2002,30.8,1.31
4/15/2002,30.3,1.3
4/16/2002,15,2.17
4/17/2002,43.9,1.63
4/18/2002,46.9,1.71
4/19/2002,34,1.39
4/20/2002,36.8,1.47
4/21/2002,42.6,1.61
4/22/2002,32.9,1.36
4/23/2002,36.7,1.46
4/24/2002,26.9,1.2
4/25/2002,20.8,1.02
4/26/2002,12.5,1.18
4/27/2002,28.5,1.25
4/28/2002,NA,NA
4/29/2002,NA,NA
4/30/2002,16,0.73
5/1/2002,12.6,0.73
5/2/2002,8.29,0.56
5/3/2002,5.42,0.44
5/4/2002,5.3,0.43
5/5/2002,-163.8,9.41
5/6/2002,-530.3,28.75
5/7/2002,-122,12.77
5/8/2002,23.7,1.07
5/9/2002,31.1,1.32
5/10/2002,29.2,1.27
5/11/2002,29.6,1.28
5/12/2002,29.6,1.28
5/13/2002,29.6,1.28
5/14/2002,46.7,1.7
5/15/2002,52.7,1.84
5/16/2002,52.8,1.84
5/17/2002,44.3,1.65
5/18/2002,25.5,1.16
5/19/2002,29.6,1.28
5/20/2002,29.6,1.28
5/21/2002,29.4,1.28
5/22/2002,29.1,1.27
5/23/2002,29.6,1.28
5/24/2002,29.6,1.28
5/25/2002,29.5,1.28
5/26/2002,29.4,1.28
5/27/2002,28.9,1.26
5/28/2002,45.7,1.67
5/29/2002,34.7,1.4
5/30/2002,29.4,1.28
5/31/2002,29,1.26
6/1/2002,27.3,1.22
6/2/2002,25.1,1.15
6/3/2002,25.6,1.17
6/4/2002,27.8,1.23
6/5/2002,27.5,1.22
6/6/2002,27.2,1.21
6/7/2002,27.7,1.23
6/8/2002,28.2,1.24
6/9/2002,27.9,1.23
6/10/2002,27.7,1.23
6/11/2002,50.7,1.78
6/12/2002,36.3,1.43
6/13/2002,27.9,1.23
6/14/2002,27.6,1.22
6/15/2002,27.5,1.22
6/16/2002,27.6,1.22
6/17/2002,27.7,1.23
6/18/2002,26.9,1.21
6/19/2002,26.7,1.2
6/20/2002,17.5,0.86
6/21/2002,19.2,0.95
6/22/2002,27.1,1.21
6/23/2002,27.7,1.23
6/24/2002,4.77,0.29
6/25/2002,1.19,0.16
6/26/2002,2.86,0.26
6/27/2002,10.2,0.65
6/28/2002,17.3,0.9
6/29/2002,8.55,0.57
6/30/2002,5.65,0.42
7/1/2002,22.4,1.07
7/2/2002,6.74,0.42
7/3/2002,5.3,0.29
7/4/2002,1.92,0.15
7/5/2002,0.241,0.06
7/6/2002,0.23,0.06
7/7/2002,20,0.91
7/8/2002,27.1,1.21
7/9/2002,27.4,1.22
7/10/2002,27.4,1.22
7/11/2002,27.3,1.22
7/12/2002,26.6,1.2
7/13/2002,7.83,0.52
7/14/2002,0.448,0.09
7/15/2002,8.27,0.46
7/16/2002,-237.9,16.55
7/17/2002,0,0
7/18/2002,-301.8,15.21
7/19/2002,-260.2,15.73
7/20/2002,-187.3,9.37
7/21/2002,-83.2,2.71
7/22/2002,-239.3,14.58
7/23/2002,-634.8,35.41
7/24/2002,-239.3,14.58
7/25/2002,-156.1,8.12
7/26/2002,-593.2,34.99
7/27/2002,0,0
7/28/2002,-114.5,4.89
7/29/2002,0.328,0.03
7/30/2002,6.59,0.48
7/31/2002,23.2,1.09
8/1/2002,19,0.95
8/2/2002,28.9,1.26
8/3/2002,23.4,1.1
8/4/2002,20.1,1
8/5/2002,16.8,0.89
8/6/2002,13.7,0.79
8/7/2002,11,0.69
8/8/2002,7.73,0.55
8/9/2002,7.02,0.52
8/10/2002,6.37,0.49
8/11/2002,10.4,0.64
8/12/2002,4.9,0.41
8/13/2002,3.36,0.32
8/14/2002,3.11,0.31
8/15/2002,2.01,0.23
8/16/2002,1.41,0.19
8/17/2002,1.11,0.16
8/18/2002,0.826,0.13
8/19/2002,0.77,0.13
8/20/2002,0.834,0.13
8/21/2002,0.565,0.1
8/22/2002,0.513,0.1
8/23/2002,0.596,0.1
8/24/2002,0.849,0.13
8/25/2002,0.982,0.15
8/26/2002,0.598,0.11
8/27/2002,0.869,0.13
8/28/2002,0.863,0.14
8/29/2002,0.997,0.15
8/30/2002,12.8,0.54
8/31/2002,36.1,1.44
9/1/2002,14,0.8
9/2/2002,9.33,0.61
9/3/2002,5.06,0.42
9/4/2002,3.14,0.31
9/5/2002,1.78,0.22
9/6/2002,1.24,0.17
9/7/2002,0.753,0.12
9/8/2002,0.45,0.09
9/9/2002,0.714,0.12
9/10/2002,2.79,0.28
9/11/2002,4.13,0.37
9/12/2002,3.68,0.34
9/13/2002,13.8,0.73
9/14/2002,20.3,1.01
9/15/2002,40.8,1.56
9/16/2002,39.3,1.53
9/17/2002,30.6,1.31
9/18/2002,23.2,1.1
9/19/2002,20.7,1.02
9/20/2002,18.1,0.94
9/21/2002,20.7,1.02
9/22/2002,19,0.97
9/23/2002,14.7,0.82
9/24/2002,12.7,0.75
9/25/2002,11,0.69
9/26/2002,10.4,0.66
9/27/2002,10.7,0.68
9/28/2002,9.88,0.64
9/29/2002,10,0.65
9/30/2002,10.6,0.67
10/1/2002,9.77,0.64
10/2/2002,14.6,0.82
10/3/2002,16.2,0.87
10/4/2002,22,1.06
10/5/2002,31.3,1.33
10/6/2002,38.6,1.51
10/7/2002,35,1.42
10/8/2002,31.3,1.33
10/9/2002,31.3,1.33
10/10/2002,31.3,1.33
10/11/2002,30.1,1.29
10/12/2002,25.8,1.17
10/13/2002,27.7,1.23
10/14/2002,34.1,1.4
10/15/2002,31.3,1.33
10/16/2002,30.5,1.3
10/17/2002,32.5,1.36
10/18/2002,36.6,1.46
10/19/2002,-460.3,113.49
10/20/2002,34.6,1.41
10/21/2002,32.4,1.35
10/22/2002,32.6,1.36
10/23/2002,34.2,1.4
10/24/2002,35.7,1.44
10/25/2002,31.9,1.34
10/26/2002,29.7,1.28
10/27/2002,29.8,1.29
10/28/2002,28.8,1.26
10/29/2002,27.3,1.22
10/30/2002,29.8,1.29
10/31/2002,-176.2,12.29
11/1/2002,-489.1,27.39
11/2/2002,-249.8,15.62
11/3/2002,0,0
11/4/2002,0,0
11/5/2002,-541.1,29.79
11/6/2002,-239.3,15.52
11/7/2002,0,0
11/8/2002,0,0
11/9/2002,-333,18.33
11/10/2002,0,0
11/11/2002,0,0
11/12/2002,0,0
11/13/2002,0,0
11/14/2002,0,0
11/15/2002,-135.3,8.85
11/16/2002,0,0
11/17/2002,0,0
11/18/2002,0,0
11/19/2002,0,0
11/20/2002,0,0
11/21/2002,0,0
11/22/2002,-707.6,38.95
11/23/2002,-260.2,15.73
11/24/2002,0,0
11/25/2002,0,0
11/26/2002,-312.2,16.25
11/27/2002,-239.3,10.83
11/28/2002,-176.9,9.27
11/29/2002,0,0
11/30/2002,0,0
12/1/2002,-135.3,6.04
12/2/2002,-239.3,15.52
12/3/2002,0,0
12/4/2002,0,0
12/5/2002,0,0
12/6/2002,0,0
12/7/2002,0,0
12/8/2002,0,0
12/9/2002,0,0
12/10/2002,0,0
12/11/2002,0,0
12/12/2002,0,0
12/13/2002,0,0
12/14/2002,0,0
12/15/2002,0,0
12/16/2002,0,0
12/17/2002,0,0
12/18/2002,0,0
12/19/2002,0,0
12/20/2002,0,0
12/21/2002,0,0
12/22/2002,0,0
12/23/2002,0,0
12/24/2002,0,0
12/25/2002,0,0
12/26/2002,0.018,0.01
12/27/2002,0.04,0.02
12/28/2002,0.04,0.02
12/29/2002,-333,18.34
12/30/2002,NA,54.99
12/31/2002,NA,54.99
1/1/2003,NA,54.99
1/2/2003,NA,54.99
1/3/2003,NA,62.49
1/4/2003,NA,54.99
1/5/2003,NA,54.99
1/6/2003,-570.9,33.93
1/7/2003,0,0
1/8/2003,0,0
1/9/2003,0,0
1/10/2003,0,0
1/11/2003,0,0
1/12/2003,0,0
1/13/2003,0,0
1/14/2003,0,0
1/15/2003,0,0
1/16/2003,0,0
1/17/2003,0,0
1/18/2003,0,0
1/19/2003,0,0
1/20/2003,0,0
1/21/2003,0,0
1/22/2003,0,0
1/23/2003,0,0
1/24/2003,0,0
1/25/2003,0,0
1/26/2003,0,0
1/27/2003,0,0
1/28/2003,0,0
1/29/2003,0,0
1/30/2003,0,0
1/31/2003,0,0
2/1/2003,0,0
2/2/2003,0,0
2/3/2003,0,0
2/4/2003,0,0
2/5/2003,0,0
2/6/2003,0,0
2/7/2003,0,0
2/8/2003,0,0
2/9/2003,0,0
2/10/2003,0,0
2/11/2003,0,0
2/12/2003,0,0
2/13/2003,0,0
2/14/2003,0,0
2/15/2003,0,0
2/16/2003,0,0
2/17/2003,0,0
2/18/2003,0,0
2/19/2003,0,0
2/20/2003,0,0
2/21/2003,0,0
2/22/2003,0,0
2/23/2003,0,0
2/24/2003,0,0
2/25/2003,0,0
2/26/2003,0,0
2/27/2003,0,0
2/28/2003,0,0
3/1/2003,0,0
3/2/2003,0,0
3/3/2003,0,0
3/4/2003,0,0
3/5/2003,0,0
3/6/2003,0,0
3/7/2003,0,0
3/8/2003,0,0
3/9/2003,0,0
3/10/2003,0,0
3/11/2003,0,0
3/12/2003,0,0
3/13/2003,0,0
3/14/2003,0,0
3/15/2003,NA,NA
3/16/2003,28.2,1.2
3/17/2003,16.3,0.77
3/18/2003,NA,NA
3/19/2003,NA,NA
3/20/2003,10.7,0.56
3/21/2003,14.2,0.73
3/22/2003,8.63,0.44
3/23/2003,5.17,0.28
3/24/2003,7.36,0.39
3/25/2003,9.43,0.48
3/26/2003,14.4,0.72
3/27/2003,15.8,0.79
3/28/2003,7.31,0.37
3/29/2003,-9.41,2.9
3/30/2003,10.4,0.51
3/31/2003,12,0.6
4/1/2003,30.1,1.19
4/2/2003,24.3,0.96
4/3/2003,20.9,0.86
4/4/2003,19,0.83
4/5/2003,13.6,0.59
4/6/2003,24.8,1.06
4/7/2003,31.3,1.33
4/8/2003,31.2,1.32
4/9/2003,31.2,1.32
4/10/2003,31.1,1.32
4/11/2003,31.2,1.32
4/12/2003,31.2,1.32
4/13/2003,31.2,1.32
4/14/2003,31.3,1.33
4/15/2003,31.3,1.33
4/16/2003,31.2,1.32
4/17/2003,31.2,1.32
4/18/2003,31.3,1.33
4/19/2003,31.2,1.32
4/20/2003,31.2,1.32
4/21/2003,42.5,1.6
4/22/2003,49.5,1.77
4/23/2003,49.4,1.77
4/24/2003,49.4,1.77
4/25/2003,49.5,1.77
4/26/2003,49.6,1.77
4/27/2003,49.5,1.77
4/28/2003,49.6,1.77
4/29/2003,49.6,1.77
4/30/2003,49.5,1.77
5/1/2003,52.8,1.84
5/2/2003,38.5,1.5
5/3/2003,28.9,1.26
5/4/2003,27.2,1.21
5/5/2003,27.2,1.21
5/6/2003,27.2,1.21
5/7/2003,27.2,1.21
5/8/2003,42,1.57
5/9/2003,52.9,1.85
5/10/2003,52.9,1.85
5/11/2003,52.8,1.84
5/12/2003,52.9,1.85
5/13/2003,51.3,1.81
5/14/2003,46.4,1.7
5/15/2003,43.4,1.62
5/16/2003,45,1.66
5/17/2003,52.9,1.85
5/18/2003,34,1.38
5/19/2003,27.4,1.22
5/20/2003,27.2,1.21
5/21/2003,27.2,1.21
5/22/2003,27.4,1.22
5/23/2003,27.1,1.21
5/24/2003,27.2,1.21
5/25/2003,27.2,1.21
5/26/2003,27.2,1.21
5/27/2003,46.5,1.69
5/28/2003,33.4,1.37
5/29/2003,27.3,1.22
5/30/2003,27.3,1.21
5/31/2003,27.2,1.21
6/1/2003,33.8,1.39
6/2/2003,33.8,1.39
6/3/2003,30.2,1.3
6/4/2003,28.8,1.26
6/5/2003,28.9,1.26
6/6/2003,28.9,1.26
6/7/2003,28.8,1.26
6/8/2003,28.2,1.24
6/9/2003,24.9,1.15
6/10/2003,24.7,1.14
6/11/2003,24.7,1.14
6/12/2003,51,1.78
6/13/2003,33.6,1.36
6/14/2003,24.9,1.15
6/15/2003,24.8,1.15
6/16/2003,24.8,1.14
6/17/2003,24.8,1.14
6/18/2003,24.9,1.15
6/19/2003,25,1.15
6/20/2003,24.8,1.14
6/21/2003,24.8,1.14
6/22/2003,24.9,1.15
6/23/2003,25,1.15
6/24/2003,51,1.78
6/25/2003,33.4,1.35
6/26/2003,25,1.15
6/27/2003,24.9,1.15
6/28/2003,24.8,1.14
6/29/2003,24.7,1.14
6/30/2003,24.8,1.14
7/1/2003,24.8,1.14
7/2/2003,24.8,1.14
7/3/2003,24.8,1.14
7/4/2003,24.8,1.14
7/5/2003,24.9,1.15
7/6/2003,24.7,1.14
7/7/2003,24.9,1.15
7/8/2003,24.9,1.15
7/9/2003,24.9,1.15
7/10/2003,25,1.15
7/11/2003,24.9,1.15
7/12/2003,24.9,1.15
7/13/2003,24.8,1.14
7/14/2003,24.7,1.14
7/15/2003,51.2,1.79
7/16/2003,33.5,1.36
7/17/2003,24.8,1.14
7/18/2003,24.9,1.15
7/19/2003,23.6,1.11
7/20/2003,24.8,1.14
7/21/2003,24.8,1.15
7/22/2003,24.9,1.15
7/23/2003,24.9,1.15
7/24/2003,24.8,1.14
7/25/2003,24.7,1.14
7/26/2003,24.8,1.14
7/27/2003,24.9,1.15
7/28/2003,24.9,1.15
7/29/2003,50.9,1.78
7/30/2003,33.3,1.35
7/31/2003,25,1.15
8/1/2003,26.7,1.2
8/2/2003,27.2,1.21
8/3/2003,27.1,1.21
8/4/2003,25.9,1.18
8/5/2003,38.2,1.5
8/6/2003,28.1,1.23
8/7/2003,25.5,1.16
8/8/2003,23.8,1.11
8/9/2003,25,1.15
8/10/2003,27,1.21
8/11/2003,26.9,1.2
8/12/2003,51,1.79
8/13/2003,33.8,1.38
8/14/2003,27.2,1.21
8/15/2003,27.3,1.22
8/16/2003,26,1.18
8/17/2003,24.7,1.14
8/18/2003,23.3,1.1
8/19/2003,22.8,1.09
8/20/2003,26.3,1.19
8/21/2003,27,1.21
8/22/2003,25.9,1.18
8/23/2003,23,1.09
8/24/2003,21.2,1.04
8/25/2003,23.3,1.1
8/26/2003,21.4,1.04
8/27/2003,23.1,1.09
8/28/2003,27.3,1.22
8/29/2003,27.2,1.21
8/30/2003,27.2,1.21
8/31/2003,27.2,1.21
9/1/2003,18.5,0.94
9/2/2003,21,1.03
9/3/2003,21,1.03
9/4/2003,21,1.03
9/5/2003,21,1.03
9/6/2003,21,1.03
9/7/2003,21,1.03
9/8/2003,21,1.03
9/9/2003,21,1.03
9/10/2003,21,1.03
9/11/2003,21,1.03
9/12/2003,21,1.03
9/13/2003,21,1.03
9/14/2003,21,1.03
9/15/2003,21,1.03
9/16/2003,21,1.03
9/17/2003,17.1,0.91
9/18/2003,16,0.87
9/19/2003,15.8,0.86
9/20/2003,15.9,0.86
9/21/2003,16,0.87
9/22/2003,16,0.87
9/23/2003,16,0.87
9/24/2003,16,0.87
9/25/2003,16,0.87
9/26/2003,16,0.87
9/27/2003,16,0.87
9/28/2003,15.8,0.86
9/29/2003,15.8,0.86
9/30/2003,15.8,0.86
10/1/2003,15,0.83
10/2/2003,15.1,0.84
10/3/2003,36,1.42
10/4/2003,42.7,1.61
10/5/2003,43.3,1.63
10/6/2003,43.3,1.63
10/7/2003,43.3,1.63
10/8/2003,43.2,1.62
10/9/2003,43.3,1.63
10/10/2003,43.2,1.62
10/11/2003,43.2,1.62
10/12/2003,43.2,1.62
10/13/2003,43.3,1.63
10/14/2003,43.2,1.62
10/15/2003,43.2,1.62
10/16/2003,43.2,1.62
10/17/2003,43.3,1.63
10/18/2003,43.3,1.63
10/19/2003,43.4,1.63
10/20/2003,43.3,1.63
10/21/2003,43.3,1.63
10/22/2003,43.1,1.62
10/23/2003,43,1.62
10/24/2003,43.3,1.63
10/25/2003,43.2,1.62
10/26/2003,43.1,1.62
10/27/2003,43.3,1.63
10/28/2003,43.2,1.62
10/29/2003,43.1,1.62
10/30/2003,43.2,1.62
10/31/2003,42.1,1.59
11/1/2003,1.41,0.11
11/2/2003,0,0
11/3/2003,0,0
11/4/2003,-634.8,36.35
11/5/2003,-228.9,17.29
11/6/2003,0,0
11/7/2003,0,0
11/8/2003,0,0
11/9/2003,0,0
11/10/2003,0,0
11/11/2003,0,0
11/12/2003,0,0
11/13/2003,0,0
11/14/2003,0,0
11/15/2003,-582.8,33.95
11/16/2003,-686.8,36.87
11/17/2003,0.018,0
11/18/2003,0,0
11/19/2003,0,0
11/20/2003,0,0
11/21/2003,NA,NA
11/22/2003,NA,NA
11/23/2003,NA,NA
11/24/2003,NA,NA
11/25/2003,NA,NA
11/26/2003,NA,NA
11/27/2003,NA,NA
11/28/2003,NA,NA
11/29/2003,NA,NA
11/30/2003,NA,NA
12/1/2003,NA,NA
12/2/2003,NA,NA
12/3/2003,NA,NA
12/4/2003,NA,NA
12/5/2003,NA,NA
12/6/2003,NA,NA
12/7/2003,NA,NA
12/8/2003,NA,NA
12/9/2003,NA,NA
12/10/2003,NA,NA
12/11/2003,NA,NA
12/12/2003,NA,NA
12/13/2003,NA,NA
12/14/2003,NA,NA
12/15/2003,NA,NA
12/16/2003,NA,NA
12/17/2003,NA,NA
12/18/2003,NA,NA
12/19/2003,NA,NA
12/20/2003,NA,NA
12/21/2003,NA,NA
12/22/2003,NA,NA
12/23/2003,NA,NA
12/24/2003,NA,NA
12/25/2003,NA,NA
12/26/2003,NA,NA
12/27/2003,NA,NA
12/28/2003,NA,NA
12/29/2003,NA,NA
12/30/2003,NA,NA
12/31/2003,NA,NA
1/1/2004,NA,NA
1/2/2004,NA,NA
1/3/2004,NA,NA
1/4/2004,NA,NA
1/5/2004,NA,NA
1/6/2004,NA,NA
1/7/2004,NA,NA
1/8/2004,NA,NA
1/9/2004,27.8,1.23
1/10/2004,28.2,1.24
1/11/2004,NA,NA
1/12/2004,NA,NA
1/13/2004,NA,NA
1/14/2004,NA,NA
1/15/2004,NA,NA
1/16/2004,NA,NA
1/17/2004,NA,NA
1/18/2004,NA,NA
1/19/2004,NA,NA
1/20/2004,NA,NA
1/21/2004,NA,NA
1/22/2004,NA,NA
1/23/2004,NA,NA
1/24/2004,NA,NA
1/25/2004,NA,NA
1/26/2004,NA,NA
1/27/2004,NA,NA
1/28/2004,NA,NA
1/29/2004,NA,NA
1/30/2004,NA,NA
1/31/2004,NA,NA
2/1/2004,NA,NA
2/2/2004,NA,NA
2/3/2004,NA,NA
2/4/2004,NA,NA
2/5/2004,NA,NA
2/6/2004,NA,NA
2/7/2004,NA,NA
2/8/2004,NA,NA
2/9/2004,NA,NA
2/10/2004,NA,NA
2/11/2004,NA,NA
2/12/2004,NA,NA
2/13/2004,NA,NA
2/14/2004,NA,NA
2/15/2004,NA,NA
2/16/2004,NA,NA
2/17/2004,NA,NA
2/18/2004,NA,NA
2/19/2004,NA,NA
2/20/2004,NA,NA
2/21/2004,NA,NA
2/22/2004,NA,NA
2/23/2004,NA,NA
2/24/2004,NA,NA
2/25/2004,NA,NA
2/26/2004,NA,NA
2/27/2004,NA,NA
2/28/2004,NA,NA
2/29/2004,14.5,0.63
3/1/2004,0.057,0
3/2/2004,0.059,0
3/3/2004,0,0
3/4/2004,0,0
3/5/2004,0,0
3/6/2004,0,0
3/7/2004,0,0
3/8/2004,0,0
3/9/2004,0,0
3/10/2004,0,0
3/11/2004,0,0
3/12/2004,0,0
3/13/2004,0.005,0
3/14/2004,0.02,0.01
3/15/2004,12.5,0.74
3/16/2004,NA,NA
3/17/2004,NA,NA
3/18/2004,13.8,0.79
3/19/2004,NA,NA
3/20/2004,13.1,0.77
3/21/2004,13.2,0.77
3/22/2004,13.2,0.77
3/23/2004,13.2,0.77
3/24/2004,13.2,0.77
3/25/2004,13.2,0.77
3/26/2004,13.2,0.77
3/27/2004,13.2,0.77
3/28/2004,13.2,0.77
3/29/2004,13.2,0.77
3/30/2004,13.2,0.77
3/31/2004,16.3,0.87
4/1/2004,24.4,1.13
4/2/2004,24.5,1.13
4/3/2004,24.4,1.13
4/4/2004,24.3,1.13
4/5/2004,24.3,1.13
4/6/2004,24.3,1.13
4/7/2004,24.4,1.13
4/8/2004,24.4,1.13
4/9/2004,24.4,1.13
4/10/2004,24.4,1.13
4/11/2004,24.3,1.13
4/12/2004,24.4,1.13
4/13/2004,24.4,1.13
4/14/2004,24.5,1.13
4/15/2004,24.5,1.13
4/16/2004,24.4,1.13
4/17/2004,24.5,1.13
4/18/2004,24.5,1.13
4/19/2004,24.5,1.13
4/20/2004,24.4,1.13
4/21/2004,24.4,1.13
4/22/2004,24.4,1.13
4/23/2004,24.4,1.13
4/24/2004,24.3,1.13
4/25/2004,24.3,1.13
4/26/2004,24.3,1.13
4/27/2004,24.3,1.13
4/28/2004,24.3,1.13
4/29/2004,24.4,1.13
4/30/2004,22.8,1.08
5/1/2004,26.6,1.2
5/2/2004,26.5,1.19
5/3/2004,26.5,1.19
5/4/2004,NA,NA
5/5/2004,NA,NA
5/6/2004,NA,NA
5/7/2004,NA,NA
5/8/2004,NA,NA
5/9/2004,NA,NA
5/10/2004,22.2,1.06
5/11/2004,26.7,1.2
5/12/2004,26.6,1.2
5/13/2004,26.7,1.2
5/14/2004,26.6,1.2
5/15/2004,26.7,1.2
5/16/2004,26.7,1.2
5/17/2004,26.7,1.2
5/18/2004,26.6,1.2
5/19/2004,26.6,1.2
5/20/2004,26.6,1.2
5/21/2004,26.7,1.2
5/22/2004,26.7,1.2
5/23/2004,26.7,1.2
5/24/2004,26.6,1.2
5/25/2004,26.6,1.2
5/26/2004,26.6,1.2
5/27/2004,26.7,1.2
5/28/2004,26.7,1.2
5/29/2004,26.8,1.2
5/30/2004,26.6,1.2
5/31/2004,26.9,1.2
6/1/2004,27.6,1.23
6/2/2004,27.6,1.22
6/3/2004,26.9,1.21
6/4/2004,27.5,1.22
6/5/2004,28.1,1.24
6/6/2004,28.4,1.25
6/7/2004,28.3,1.25
6/8/2004,28.7,1.26
6/9/2004,28.7,1.26
6/10/2004,26.2,1.18
6/11/2004,28.8,1.26
6/12/2004,28.5,1.25
6/13/2004,28.4,1.25
6/14/2004,29.1,1.27
6/15/2004,28.6,1.25
6/16/2004,28.2,1.24
6/17/2004,27.7,1.23
6/18/2004,27.7,1.23
6/19/2004,27.6,1.23
6/20/2004,27.5,1.22
6/21/2004,28.2,1.24
6/22/2004,28.2,1.24
6/23/2004,28.2,1.24
6/24/2004,28.2,1.24
6/25/2004,28.4,1.25
6/26/2004,28.6,1.25
6/27/2004,27.5,1.22
6/28/2004,27.1,1.21
6/29/2004,27.2,1.21
6/30/2004,27.3,1.22
7/1/2004,27.2,1.21
7/2/2004,26.7,1.2
7/3/2004,26.6,1.2
7/4/2004,26.7,1.2
7/5/2004,26.6,1.2
7/6/2004,26.7,1.2
7/7/2004,26.7,1.2
7/8/2004,26.7,1.2
7/9/2004,26.7,1.2
7/10/2004,26.6,1.2
7/11/2004,26.7,1.2
7/12/2004,26.6,1.2
7/13/2004,26.6,1.2
7/14/2004,26.6,1.2
7/15/2004,26.7,1.2
7/16/2004,26.7,1.2
7/17/2004,26.7,1.2
7/18/2004,26.8,1.2
7/19/2004,26.3,1.19
7/20/2004,26.7,1.2
7/21/2004,26.7,1.2
7/22/2004,26.7,1.2
7/23/2004,26.8,1.2
7/24/2004,26.7,1.2
7/25/2004,26.7,1.2
7/26/2004,26.7,1.2
7/27/2004,26.7,1.2
7/28/2004,26.6,1.2
7/29/2004,26.5,1.19
7/30/2004,-311.3,16.29
7/31/2004,-770.1,41.45
8/1/2004,-333,18.33
8/2/2004,0.205,0.01
8/3/2004,26.7,1.2
8/4/2004,26.7,1.2
8/5/2004,26.7,1.2
8/6/2004,26.8,1.2
8/7/2004,26.8,1.2
8/8/2004,26.5,1.19
8/9/2004,26.7,1.2
8/10/2004,26.8,1.2
8/11/2004,26.7,1.2
8/12/2004,26.6,1.2
8/13/2004,26.5,1.19
8/14/2004,25.1,1.15
8/15/2004,26.9,1.2
8/16/2004,26.8,1.2
8/17/2004,26.9,1.2
8/18/2004,25.4,1.15
8/19/2004,7.17,0.51
8/20/2004,7.04,-2.79
8/21/2004,-84.8,22.14
8/22/2004,NA,NA
8/23/2004,20,0.99
8/24/2004,26.7,1.2
8/25/2004,26.7,1.2
8/26/2004,26.7,1.2
8/27/2004,26.8,1.2
8/28/2004,26.7,1.2
8/29/2004,26.8,1.2
8/30/2004,26.7,1.2
8/31/2004,26.2,1.18
9/1/2004,24.2,1.12
9/2/2004,24.4,1.13
9/3/2004,24.4,1.13
9/4/2004,24.4,1.13
9/5/2004,24.3,1.13
9/6/2004,24.4,1.13
9/7/2004,24.4,1.13
9/8/2004,24.4,1.13
9/9/2004,24.4,1.13
9/10/2004,24.4,1.13
9/11/2004,24.4,1.13
9/12/2004,24.4,1.13
9/13/2004,24.4,1.13
9/14/2004,24.5,1.13
9/15/2004,24.3,1.13
9/16/2004,24.3,1.13
9/17/2004,24.3,1.13
9/18/2004,24.3,1.13
9/19/2004,24.3,1.13
9/20/2004,24.4,1.13
9/21/2004,24.5,1.13
9/22/2004,24.3,1.13
9/23/2004,24.3,1.13
9/24/2004,24.3,1.13
9/25/2004,24.4,1.13
9/26/2004,24.4,1.13
9/27/2004,24.4,1.13
9/28/2004,24.3,1.13
9/29/2004,24.4,1.13
9/30/2004,25,1.15
10/1/2004,27,1.21
10/2/2004,27,1.21
10/3/2004,26.8,1.2
10/4/2004,26.8,1.2
10/5/2004,26.6,1.2
10/6/2004,26.6,1.2
10/7/2004,26.2,1.19
10/8/2004,26.3,1.19
10/9/2004,26.1,1.18
10/10/2004,26.2,1.19
10/11/2004,26.3,1.19
10/12/2004,26.1,1.18
10/13/2004,26.1,1.18
10/14/2004,25.9,1.18
10/15/2004,25.7,1.17
10/16/2004,26.1,1.18
10/17/2004,26.3,1.19
10/18/2004,26.5,1.19
10/19/2004,26.7,1.2
10/20/2004,26.3,1.19
10/21/2004,26.2,1.19
10/22/2004,26.1,1.18
10/23/2004,26.7,1.2
10/24/2004,26.4,1.19
10/25/2004,26.7,1.2
10/26/2004,26.8,1.2
10/27/2004,26.9,1.21
10/28/2004,27,1.21
10/29/2004,27.1,1.21
10/30/2004,27.3,1.22
10/31/2004,20.8,0.93
11/1/2004,0,0
11/2/2004,0,0
11/3/2004,0,0
11/4/2004,0,0
11/5/2004,0,0
11/6/2004,0,0
11/7/2004,0,0
11/8/2004,0,0
11/9/2004,0,0
11/10/2004,0,0
11/11/2004,0,0
11/12/2004,0,0
11/13/2004,0,0
11/14/2004,0,0
11/15/2004,0,0
11/16/2004,0,0
11/17/2004,0,0
11/18/2004,0,0
11/19/2004,0,0
11/20/2004,0,0
11/21/2004,0,0
11/22/2004,0,0
11/23/2004,0,0
11/24/2004,0,0
11/25/2004,0,0
11/26/2004,0,0
11/27/2004,0,0
11/28/2004,0,0
11/29/2004,0,0
11/30/2004,0,0
12/1/2004,0,0
12/2/2004,0,0
12/3/2004,0,0
12/4/2004,0,0
12/5/2004,0,0
12/6/2004,0,0
12/7/2004,0,0
12/8/2004,0,0
12/9/2004,0,0
12/10/2004,0,0
12/11/2004,0,0
12/12/2004,0,0
12/13/2004,0,0
12/14/2004,0,0
12/15/2004,0,0
12/16/2004,0,0
12/17/2004,0,0
12/18/2004,0,0
12/19/2004,0,0
12/20/2004,0,0
12/21/2004,0,0
12/22/2004,0,0
12/23/2004,0,0
12/24/2004,0,0
12/25/2004,0,0
12/26/2004,0,0
12/27/2004,0,0
12/28/2004,0,0
12/29/2004,0,0
12/30/2004,0,0
12/31/2004,0,0
1/1/2005,0,0
1/2/2005,0,0
1/3/2005,0,0
1/4/2005,0,0
1/5/2005,0.008,0.01
1/6/2005,0.013,0.01
1/7/2005,0.013,0.01
1/8/2005,0.013,0.01
1/9/2005,0.013,0.01
1/10/2005,0.013,0.01
1/11/2005,0.013,0.01
1/12/2005,0.005,0
1/13/2005,0,0
1/14/2005,0,0
1/15/2005,0,0
1/16/2005,0,0
1/17/2005,0,0
1/18/2005,0,0
1/19/2005,0,0
1/20/2005,0,0
1/21/2005,0,0
1/22/2005,0,0
1/23/2005,0,0
1/24/2005,0.004,0
1/25/2005,0,0
1/26/2005,0,0
1/27/2005,0,0
1/28/2005,0,0
1/29/2005,0,0
1/30/2005,0,0
1/31/2005,0,0
2/1/2005,0.268,0.01
2/2/2005,0,0
2/3/2005,0,0
2/4/2005,0,0
2/5/2005,0,0
2/6/2005,0,0
2/7/2005,0,0
2/8/2005,0,0
2/9/2005,0,0
2/10/2005,0,0
2/11/2005,0,0
2/12/2005,0,0
2/13/2005,0,0
2/14/2005,0,0
2/15/2005,0,0
2/16/2005,0,0
2/17/2005,0,0
2/18/2005,0,0
2/19/2005,0,0
2/20/2005,0,0
2/21/2005,0,0
2/22/2005,0,0
2/23/2005,0,0
2/24/2005,0,0
2/25/2005,0,0
2/26/2005,0,0
2/27/2005,0,0
2/28/2005,0,0
3/1/2005,0,0
3/2/2005,0,0
3/3/2005,-419.6,-419.58
3/4/2005,0,0
3/5/2005,0,-0.01
3/6/2005,0,-0.01
3/7/2005,-135.3,-135.29
3/8/2005,0,-0.01
3/9/2005,0,-0.01
3/10/2005,0,-0.01
3/11/2005,0,-0.02
3/12/2005,0,-0.02
3/13/2005,0,-0.02
3/14/2005,2.28,0.12
3/15/2005,13.2,0.77
3/16/2005,13.1,0.77
3/17/2005,12.9,0.76
3/18/2005,12.8,0.76
3/19/2005,12.7,0.75
3/20/2005,12.8,0.75
3/21/2005,13,0.76
3/22/2005,13,0.76
3/23/2005,-103.2,-113.8
3/24/2005,12.5,0.74
3/25/2005,12.4,0.74
3/26/2005,12.4,0.74
3/27/2005,12.4,0.74
3/28/2005,12.4,0.74
3/29/2005,12.6,0.75
3/30/2005,12.5,0.75
3/31/2005,-79.1,-92.88
4/1/2005,-82.5,-103.06
4/2/2005,23.8,1.12
4/3/2005,20.5,1.01
4/4/2005,23,1.09
4/5/2005,23.7,1.11
4/6/2005,23.9,1.12
4/7/2005,-103.9,-123.89
4/8/2005,23.9,1.12
4/9/2005,23.9,1.12
4/10/2005,23.8,1.12
4/11/2005,13.2,-9.3
4/12/2005,23.9,1.12
4/13/2005,23.9,1.12
4/14/2005,23.9,1.12
4/15/2005,23.9,1.12
4/16/2005,23.9,1.12
4/17/2005,23.9,1.12
4/18/2005,23.9,1.12
4/19/2005,23.8,1.12
4/20/2005,24.2,1.13
4/21/2005,24,1.12
4/22/2005,24,1.12
4/23/2005,23.8,1.12
4/24/2005,23.7,1.11
4/25/2005,23.7,1.11
4/26/2005,23.7,1.11
4/27/2005,23.6,1.11
4/28/2005,23.6,1.11
4/29/2005,23.6,1.11
4/30/2005,24.3,1.13
5/1/2005,26.4,1.19
5/2/2005,26.4,1.19
5/3/2005,26.4,1.19
5/4/2005,-144.6,-165.51
5/5/2005,26.4,1.19
5/6/2005,26.3,1.19
5/7/2005,21,1.02
5/8/2005,26.3,1.19
5/9/2005,26.2,1.18
5/10/2005,26,1.18
5/11/2005,26.2,1.18
5/12/2005,26.3,1.19
5/13/2005,26.2,1.18
5/14/2005,26.1,1.18
5/15/2005,25.9,1.18
5/16/2005,26,1.18
5/17/2005,26,1.18
5/18/2005,25.9,1.18
5/19/2005,26.3,1.19
5/20/2005,26.2,1.19
5/21/2005,26,1.18
5/22/2005,25.9,1.18
5/23/2005,26.1,1.18
5/24/2005,26,1.18
5/25/2005,26.3,1.19
5/26/2005,26.1,1.18
5/27/2005,26,1.18
5/28/2005,26,1.18
5/29/2005,20.3,0.95
5/30/2005,1.63,0.21
5/31/2005,0.948,0.13
6/1/2005,0.072,0.03
6/2/2005,5.73,0.27
6/3/2005,27,1.21
6/4/2005,26.9,1.21
6/5/2005,26.9,1.21
6/6/2005,26.8,1.2
6/7/2005,26.9,1.2
6/8/2005,26.9,1.2
6/9/2005,26.9,1.2
6/10/2005,26.8,1.2
6/11/2005,26.7,1.2
6/12/2005,26.8,1.2
6/13/2005,26.7,1.2
6/14/2005,26.8,1.2
6/15/2005,26.7,1.2
6/16/2005,26.8,1.2
6/17/2005,26.8,1.2
6/18/2005,26.8,1.2
6/19/2005,26.9,1.2
6/20/2005,26.8,1.2
6/21/2005,26.7,1.2
6/22/2005,26.9,1.2
6/23/2005,26.8,1.2
6/24/2005,26.7,1.2
6/25/2005,26.8,1.2
6/26/2005,26.8,1.2
6/27/2005,26.7,1.2
6/28/2005,26.8,1.2
6/29/2005,26.7,1.2
6/30/2005,26.7,1.2
7/1/2005,26.5,1.19
7/2/2005,26.3,1.19
7/3/2005,26.2,1.18
7/4/2005,26,1.18
7/5/2005,26.3,1.19
7/6/2005,26.5,1.19
7/7/2005,26.4,1.19
7/8/2005,26.4,1.19
7/9/2005,26.4,1.19
7/10/2005,26.4,1.19
7/11/2005,26.3,1.19
7/12/2005,26.2,1.19
7/13/2005,26.2,1.18
7/14/2005,26.1,1.18
7/15/2005,26.2,1.19
7/16/2005,26.2,1.18
7/17/2005,26.2,1.19
7/18/2005,26.6,1.2
7/19/2005,26.5,1.19
7/20/2005,26.5,1.19
7/21/2005,26.5,1.19
7/22/2005,26.4,1.19
7/23/2005,26.3,1.19
7/24/2005,26.2,1.19
7/25/2005,26.3,1.19
7/26/2005,26.4,1.19
7/27/2005,26.5,1.19
7/28/2005,26.6,1.2
7/29/2005,20.9,0.95
7/30/2005,0,-0.02
7/31/2005,0,-0.02
8/1/2005,0,-0.03
8/2/2005,4.7,0.19
8/3/2005,26.4,1.19
8/4/2005,26.7,1.2
8/5/2005,26.6,1.2
8/6/2005,26.6,1.2
8/7/2005,26.6,1.2
8/8/2005,26.5,1.19
8/9/2005,26.5,1.19
8/10/2005,26.4,1.19
8/11/2005,26.2,1.19
8/12/2005,26.1,1.18
8/13/2005,26,1.18
8/14/2005,26.2,1.18
8/15/2005,26.5,1.19
8/16/2005,26.4,1.19
8/17/2005,26.4,1.19
8/18/2005,26.3,1.19
8/19/2005,26.2,1.18
8/20/2005,26.6,1.2
8/21/2005,26.6,1.2
8/22/2005,26.5,1.19
8/23/2005,26.1,1.18
8/24/2005,26.4,1.19
8/25/2005,26.5,1.19
8/26/2005,26.4,1.19
8/27/2005,26.4,1.19
8/28/2005,26.5,1.19
8/29/2005,26.4,1.19
8/30/2005,26.5,1.19
8/31/2005,25.8,1.17
9/1/2005,23.6,1.11
9/2/2005,23.8,1.12
9/3/2005,23.8,1.12
9/4/2005,23.8,1.12
9/5/2005,23.9,1.12
9/6/2005,23.7,1.11
9/7/2005,23.5,1.11
9/8/2005,23.7,1.11
9/9/2005,23.9,1.12
9/10/2005,23.9,1.12
9/11/2005,24,1.12
9/12/2005,23.9,1.12
9/13/2005,23.2,1.1
9/14/2005,19.8,0.99
9/15/2005,20.1,1
9/16/2005,21.8,1.06
9/17/2005,21.2,1.04
9/18/2005,20.2,1.01
9/19/2005,19.8,0.99
9/20/2005,20.2,1.01
9/21/2005,20.8,1.02
9/22/2005,22.8,1.09
9/23/2005,23.6,1.11
9/24/2005,24,1.12
9/25/2005,23.9,1.12
9/26/2005,22.9,1.09
9/27/2005,22.5,1.08
9/28/2005,23.5,1.11
9/29/2005,23.9,1.12
9/30/2005,24.3,1.13
10/1/2005,26,1.18
10/2/2005,25.9,1.18
10/3/2005,26.5,1.19
10/4/2005,26.6,1.2
10/5/2005,26.5,1.19
10/6/2005,25.5,1.16
10/7/2005,25.6,1.17
10/8/2005,25.3,1.16
10/9/2005,26.3,1.19
10/10/2005,26.7,1.2
10/11/2005,26.3,1.19
10/12/2005,26.2,1.18
10/13/2005,26,1.18
10/14/2005,26.5,1.19
10/15/2005,26.6,1.2
10/16/2005,26.6,1.2
10/17/2005,26.6,1.2
10/18/2005,26.3,1.19
10/19/2005,26.6,1.2
10/20/2005,26.6,1.2
10/21/2005,26.5,1.19
10/22/2005,26.3,1.19
10/23/2005,26.2,1.19
10/24/2005,26.5,1.19
10/25/2005,26.2,1.19
10/26/2005,26.4,1.19
10/27/2005,26.4,1.19
10/28/2005,26.4,1.19
10/29/2005,26.4,1.19
10/30/2005,26.2,1.19
10/31/2005,21,1
11/1/2005,2.62,0.2
11/2/2005,0,-0.22
11/3/2005,0,-0.26
11/4/2005,0,-0.26
11/5/2005,0,-0.27
11/6/2005,0,-0.28
11/7/2005,0,-0.3
11/8/2005,0,-0.38
11/9/2005,0,-0.38
11/10/2005,0,-0.38
11/11/2005,0,-0.39
11/12/2005,0,-0.39
11/13/2005,0,-0.4
11/14/2005,0,-0.45
11/15/2005,0,-0.5
11/16/2005,0,-0.5
11/17/2005,0,-0.5
11/18/2005,0,-0.51
11/19/2005,0,-0.51
11/20/2005,0,-0.54
11/21/2005,0,-0.55
11/22/2005,0,-0.55
11/23/2005,0,-0.55
11/24/2005,0,-0.56
11/25/2005,0,-0.57
11/26/2005,0,-0.59
11/27/2005,0,-0.6
11/28/2005,0,-0.6
11/29/2005,0,-0.61
11/30/2005,0,-0.66
12/1/2005,0,-0.69
12/2/2005,0,-0.69
12/3/2005,0,-0.69
12/4/2005,0,-0.72
12/5/2005,0,-0.74
12/6/2005,0,-0.74
12/7/2005,0,-0.75
12/8/2005,0,-0.73
12/9/2005,0,-0.75
12/10/2005,0,-0.77
12/11/2005,0,-0.77
12/12/2005,0,-0.77
12/13/2005,0,-0.77
12/14/2005,0,-0.77
12/15/2005,0,-0.77
12/16/2005,0,-0.77
12/17/2005,0,-0.77
12/18/2005,0,-0.77
12/19/2005,0,-0.78
12/20/2005,0,-0.78
12/21/2005,0,-0.78
12/22/2005,0,-0.78
12/23/2005,0,-0.78
12/24/2005,0,-0.82
12/25/2005,0,-0.84
12/26/2005,0,-0.84
12/27/2005,0,-0.85
12/28/2005,0,-0.85
12/29/2005,0,-0.85
12/30/2005,0,-0.85
12/31/2005,0,-0.85
1/1/2006,0,-0.86
1/2/2006,0,-0.9
1/3/2006,0,-0.92
1/4/2006,0,-0.92
1/5/2006,0,-0.92
1/6/2006,0,-0.92
1/7/2006,0,-0.93
1/8/2006,0,-0.95
1/9/2006,0,-0.97
1/10/2006,0,-0.97
1/11/2006,0,-0.97
1/12/2006,0,-0.97
1/13/2006,0,-0.97
1/14/2006,0,-0.97
1/15/2006,0,-0.97
1/16/2006,0,-0.97
1/17/2006,0,-1.01
1/18/2006,0,-1.05
1/19/2006,0,-1.05
1/20/2006,0,-1.05
1/21/2006,0,-1.06
1/22/2006,0,-1.06
1/23/2006,0,-1.06
1/24/2006,0,-1.06
1/25/2006,0,-1.06
1/26/2006,0,-1.06
1/27/2006,0,-1.06
1/28/2006,0,-1.06
1/29/2006,0,-1.07
1/30/2006,0,-1.07
1/31/2006,0,-1.1
2/1/2006,0,-1.13
2/2/2006,0,-1.13
2/3/2006,0,-1.13
2/4/2006,0,-1.13
2/5/2006,0,-1.13
2/6/2006,0,-1.13
2/7/2006,0,-1.13
2/8/2006,0,-1.13
2/9/2006,0,-1.13
2/10/2006,0,-1.14
2/11/2006,0,-1.14
2/12/2006,0,-1.14
2/13/2006,0,-1.15
2/14/2006,0,-1.15
2/15/2006,0,-1.15
2/16/2006,0,-1.15
2/17/2006,0,-1.18
2/18/2006,0,-1.21
2/19/2006,0,-1.18
2/20/2006,0,-0.94
2/21/2006,0,-0.59
2/22/2006,0,-0.64
2/23/2006,0,-0.7
2/24/2006,0,-0.75
2/25/2006,0,-0.8
2/26/2006,0,-0.8
2/27/2006,0,-0.92
2/28/2006,0,-1.01
3/1/2006,0,-1.01
3/2/2006,0,-1.01
3/3/2006,0,-1.01
3/4/2006,0,-1.01
3/5/2006,0,-1.01
3/6/2006,9.57,-0.21
3/7/2006,6.34,0.33
3/8/2006,0.3,0.07
3/9/2006,0.294,0.07
3/10/2006,0.294,0.07
3/11/2006,0.259,0.06
3/12/2006,0.23,0.06
3/13/2006,0.23,0.06
3/14/2006,-163.6,-166.3
3/15/2006,12.9,0.76
3/16/2006,12.9,0.76
3/17/2006,13,0.76
3/18/2006,13,0.76
3/19/2006,13,0.76
3/20/2006,13,0.76
3/21/2006,12.9,0.76
3/22/2006,12.9,0.76
3/23/2006,12.8,0.76
3/24/2006,12.8,0.76
3/25/2006,12.9,0.76
3/26/2006,12.9,0.76
3/27/2006,13.1,0.77
3/28/2006,13.1,0.76
3/29/2006,12.6,0.75
3/30/2006,12.5,0.74
3/31/2006,15.3,0.84
4/1/2006,24.3,1.13
4/2/2006,24.3,1.13
4/3/2006,-124.9,-144.72
4/4/2006,-93,-113.47
4/5/2006,24.3,1.13
4/6/2006,24.3,1.13
4/7/2006,24.1,1.13
4/8/2006,24.3,1.13
4/9/2006,24.3,1.13
4/10/2006,24.3,1.13
4/11/2006,24.2,1.13
4/12/2006,24.2,1.13
4/13/2006,24.2,1.13
4/14/2006,24.3,1.13
4/15/2006,21,1.03
4/16/2006,16.8,0.9
4/17/2006,5.31,1.19
4/18/2006,22.3,1.07
4/19/2006,24.3,1.13
4/20/2006,24.2,1.13
4/21/2006,24.1,1.13
4/22/2006,24.3,1.13
4/23/2006,24,1.12
4/24/2006,-116.5,-134.37
4/25/2006,24.3,1.13
4/26/2006,22.5,1.07
4/27/2006,20.4,1.01
4/28/2006,23.9,1.12
4/29/2006,23.9,1.12
4/30/2006,24.3,1.13
5/1/2006,25.7,1.17
5/2/2006,25.9,1.18
5/3/2006,26,1.18
5/4/2006,25.9,1.18
5/5/2006,25.8,1.17
5/6/2006,25.8,1.17
5/7/2006,25.9,1.18
5/8/2006,25.9,1.18
5/9/2006,25.9,1.18
5/10/2006,25.8,1.17
5/11/2006,25.8,1.17
5/12/2006,25.8,1.17
5/13/2006,25.7,1.17
5/14/2006,26,1.18
5/15/2006,26.5,1.19
5/16/2006,26.5,1.19
5/17/2006,26.5,1.19
5/18/2006,26.5,1.19
5/19/2006,26.5,1.19
5/20/2006,26.5,1.19
5/21/2006,26.5,1.19
5/22/2006,26.5,1.19
5/23/2006,26.4,1.19
5/24/2006,26.5,1.19
5/25/2006,26.5,1.19
5/26/2006,26.4,1.19
5/27/2006,26.4,1.19
5/28/2006,26.4,1.19
5/29/2006,21.3,0.97
5/30/2006,0.199,0.05
5/31/2006,0.241,0.06
6/1/2006,0.225,0.06
6/2/2006,5.7,0.29
6/3/2006,26.9,1.21
6/4/2006,26.9,1.2
6/5/2006,27,1.21
6/6/2006,27.1,1.21
6/7/2006,27.1,1.21
6/8/2006,27,1.21
6/9/2006,26.9,1.2
6/10/2006,26.8,1.2
6/11/2006,26.7,1.2
6/12/2006,26.6,1.2
6/13/2006,26.8,1.2
6/14/2006,26.6,1.2
6/15/2006,26.6,1.2
6/16/2006,26.7,1.2
6/17/2006,26.7,1.2
6/18/2006,26.9,1.21
6/19/2006,26.8,1.2
6/20/2006,26.8,1.2
6/21/2006,26.7,1.2
6/22/2006,26.8,1.2
6/23/2006,26.8,1.2
6/24/2006,26.7,1.2
6/25/2006,26.8,1.2
6/26/2006,26.8,1.2
6/27/2006,26.9,1.2
6/28/2006,26.7,1.2
6/29/2006,26.8,1.2
6/30/2006,26.7,1.2
7/1/2006,26.5,1.19
7/2/2006,26.5,1.19
7/3/2006,26.4,1.19
7/4/2006,26.3,1.19
7/5/2006,26.2,1.19
7/6/2006,26.1,1.18
7/7/2006,26.4,1.19
7/8/2006,26.2,1.18
7/9/2006,26.2,1.19
7/10/2006,26.5,1.19
7/11/2006,26.3,1.19
7/12/2006,26.4,1.19
7/13/2006,26.6,1.2
7/14/2006,26.5,1.19
7/15/2006,26.3,1.19
7/16/2006,26.5,1.19
7/17/2006,26.5,1.19
7/18/2006,26.5,1.19
7/19/2006,26.4,1.19
7/20/2006,26.4,1.19
7/21/2006,26.4,1.19
7/22/2006,26.4,1.19
7/23/2006,26.3,1.19
7/24/2006,26.1,1.18
7/25/2006,26,1.18
7/26/2006,26.3,1.19
7/27/2006,26.5,1.19
7/28/2006,26.4,1.19
7/29/2006,22.3,1.04
7/30/2006,1.73,0.21
7/31/2006,0.484,0.07
8/1/2006,0,0
8/2/2006,5.38,0.25
8/3/2006,26.3,1.19
8/4/2006,26.4,1.19
8/5/2006,26.4,1.19
8/6/2006,26.4,1.19
8/7/2006,26.2,1.19
8/8/2006,26,1.18
8/9/2006,26.2,1.18
8/10/2006,26.1,1.18
8/11/2006,26.3,1.19
8/12/2006,26.1,1.18
8/13/2006,26.3,1.19
8/14/2006,26.2,1.19
8/15/2006,26.4,1.19
8/16/2006,26.2,1.18
8/17/2006,26.4,1.19
8/18/2006,26.4,1.19
8/19/2006,26.2,1.18
8/20/2006,26.2,1.18
8/21/2006,26.3,1.19
8/22/2006,26.2,1.18
8/23/2006,26.4,1.19
8/24/2006,26.4,1.19
8/25/2006,26.4,1.19
8/26/2006,26.4,1.19
8/27/2006,26.5,1.19
8/28/2006,26.3,1.19
8/29/2006,26.2,1.19
8/30/2006,26.2,1.18
8/31/2006,25.7,1.17
9/1/2006,23.9,1.12
9/2/2006,23.8,1.12
9/3/2006,23.6,1.11
9/4/2006,23.9,1.12
9/5/2006,23.9,1.12
9/6/2006,23.9,1.12
9/7/2006,23.9,1.12
9/8/2006,23.8,1.12
9/9/2006,23.9,1.12
9/10/2006,23.8,1.12
9/11/2006,23.9,1.12
9/12/2006,23.8,1.12
9/13/2006,23.9,1.12
9/14/2006,23.9,1.12
9/15/2006,23.9,1.12
9/16/2006,23.9,1.12
9/17/2006,23.9,1.12
9/18/2006,23.8,1.12
9/19/2006,23.7,1.11
9/20/2006,23.5,1.11
9/21/2006,23.4,1.1
9/22/2006,23.5,1.11
9/23/2006,23.5,1.11
9/24/2006,23.5,1.11
9/25/2006,23.6,1.11
9/26/2006,23.8,1.12
9/27/2006,23.9,1.12
9/28/2006,23.8,1.12
9/29/2006,23.7,1.11
9/30/2006,24.1,1.12
10/1/2006,26.5,1.19
10/2/2006,26.4,1.19
10/3/2006,26.3,1.19
10/4/2006,26.3,1.19
10/5/2006,26.3,1.19
10/6/2006,26.5,1.19
10/7/2006,26.3,1.19
10/8/2006,26.3,1.19
10/9/2006,26.4,1.19
10/10/2006,26.2,1.19
10/11/2006,26.4,1.19
10/12/2006,26.3,1.19
10/13/2006,26.5,1.19
10/14/2006,26.4,1.19
10/15/2006,26.3,1.19
10/16/2006,26.4,1.19
10/17/2006,26.4,1.19
10/18/2006,26.3,1.19
10/19/2006,26.4,1.19
10/20/2006,26.5,1.19
10/21/2006,26.5,1.19
10/22/2006,26.2,1.19
10/23/2006,26.3,1.19
10/24/2006,26.2,1.18
10/25/2006,26.3,1.19
10/26/2006,25.8,1.17
10/27/2006,26.1,1.18
10/28/2006,25.6,1.17
10/29/2006,25.8,1.17
10/30/2006,25.9,1.18
10/31/2006,20.7,1
11/1/2006,7.35,0.53
11/2/2006,5.61,0.44
11/3/2006,0.874,0.11
11/4/2006,0.008,0
11/5/2006,0.022,0.01
11/6/2006,0.013,0.01
11/7/2006,0.013,0.01
11/8/2006,0.013,0.01
11/9/2006,0,0
11/10/2006,0,0
11/11/2006,0,0
11/12/2006,0,0
11/13/2006,0,0
11/14/2006,NA,NA
11/15/2006,NA,NA
11/16/2006,NA,NA
11/17/2006,NA,NA
11/18/2006,NA,NA
11/19/2006,0,-0.01
11/20/2006,0,-0.01
11/21/2006,-237.3,-237.27
11/22/2006,NA,NA
11/23/2006,-31.2,-31.23
11/24/2006,-256.9,-221.33
11/25/2006,NA,NA
11/26/2006,NA,-960.37
11/27/2006,-961.5,-962.92
11/28/2006,-707.6,-707.63
11/29/2006,-83.2,-70.69
11/30/2006,0,-0.01
12/1/2006,0,-0.02
12/2/2006,0,-0.02
12/3/2006,0,-0.02
12/4/2006,0,-0.02
12/5/2006,0,-0.02
12/6/2006,0,-0.02
12/7/2006,0,-0.02
12/8/2006,0,-0.02
12/9/2006,0,-0.02
12/10/2006,0,-0.02
12/11/2006,0,-0.02
12/12/2006,0,-0.02
12/13/2006,0,-0.02
12/14/2006,0,-0.02
12/15/2006,0,-0.02
12/16/2006,0,-0.02
12/17/2006,0,-0.02
12/18/2006,0,-0.02
12/19/2006,0,-0.02
12/20/2006,0,-0.02
12/21/2006,0,-0.02
12/22/2006,0,-0.03
12/23/2006,0,-0.03
12/24/2006,0,-0.03
12/25/2006,0,-0.03
12/26/2006,0,-0.03
12/27/2006,0,-0.03
12/28/2006,0,-0.03
12/29/2006,0,-0.03
12/30/2006,0,-0.03
12/31/2006,0,-0.03
1/1/2007,0,-0.03
1/2/2007,0,-0.03
1/3/2007,0,-0.03
1/4/2007,0,-0.03
1/5/2007,0,-0.03
1/6/2007,0,-0.03
1/7/2007,0,-0.03
1/8/2007,0,-0.03
1/9/2007,0,-0.03
1/10/2007,0,-0.03
1/11/2007,0,-0.03
1/12/2007,0,-0.03
1/13/2007,0,-0.03
1/14/2007,0,-0.02
1/15/2007,0,-0.01
1/16/2007,0,0
1/17/2007,0.01,0.01
1/18/2007,0.013,0.01
1/19/2007,0.021,0.01
1/20/2007,0.04,0.02
1/21/2007,0.04,0.02
1/22/2007,0.04,0.02
1/23/2007,0.047,0.02
1/24/2007,0.07,0.03
1/25/2007,0.077,0.03
1/26/2007,0.059,0.03
1/27/2007,0.04,0.02
1/28/2007,0.04,0.02
1/29/2007,0.04,0.02
1/30/2007,0.04,0.02
1/31/2007,0.04,0.02
2/1/2007,0.04,0.02
2/2/2007,0.065,0.03
2/3/2007,0.077,0.03
2/4/2007,0.104,0.04
2/5/2007,0.121,0.04
2/6/2007,0.121,0.04
2/7/2007,0.084,0.03
2/8/2007,0.067,0.03
2/9/2007,0.028,0.02
2/10/2007,0.002,0
2/11/2007,0,-0.01
2/12/2007,0,-0.03
2/13/2007,0,-0.06
2/14/2007,0,-0.06
2/15/2007,0,-0.06
2/16/2007,0,-0.05
2/17/2007,0,-0.06
2/18/2007,0,-0.06
2/19/2007,0,-0.06
2/20/2007,0,-0.07
2/21/2007,0,-0.07
2/22/2007,0,-0.07
2/23/2007,0,-0.08
2/24/2007,0,-0.08
2/25/2007,0,-0.08
2/26/2007,0,-0.08
2/27/2007,0,-0.08
2/28/2007,0,-0.08
3/1/2007,0,-0.08
3/2/2007,0,-0.08
3/3/2007,0,-0.08
3/4/2007,0,-0.08
3/5/2007,0,-0.08
3/6/2007,0,-0.08
3/7/2007,0,-0.08
3/8/2007,0,-0.08
3/9/2007,0,-0.08
3/10/2007,0,-0.08
3/11/2007,0,-0.08
3/12/2007,0,-0.08
3/13/2007,0.043,-0.04
3/14/2007,8.84,0.36
3/15/2007,16.7,0.88
3/16/2007,-71.2,-82.55
3/17/2007,13,0.76
3/18/2007,12.9,0.76
3/19/2007,-208.4,-217.93
3/20/2007,12.9,0.76
3/21/2007,12.9,0.76
3/22/2007,12.9,0.76
3/23/2007,12.8,0.76
3/24/2007,12.8,0.76
3/25/2007,12.8,0.76
3/26/2007,12.8,0.76
3/27/2007,12.8,0.76
3/28/2007,12.8,0.75
3/29/2007,-39.9,-51.32
3/30/2007,12.8,0.75
3/31/2007,15,0.83
4/1/2007,24.2,1.13
4/2/2007,24.1,1.13
4/3/2007,24.2,1.13
4/4/2007,24.2,1.13
4/5/2007,23.9,1.12
4/6/2007,24.2,1.13
4/7/2007,24.1,1.12
4/8/2007,24.1,1.12
4/9/2007,24.1,1.13
4/10/2007,24.1,1.12
4/11/2007,24.2,1.13
4/12/2007,24.2,1.13
4/13/2007,24.2,1.13
4/14/2007,24.1,1.13
4/15/2007,24.1,1.13
4/16/2007,24.1,1.13
4/17/2007,24.2,1.13
4/18/2007,24.3,1.13
4/19/2007,24.1,1.12
4/20/2007,24,1.12
4/21/2007,23.9,1.12
4/22/2007,23.9,1.12
4/23/2007,-50.8,-71.81
4/24/2007,23.6,1.11
4/25/2007,-50.9,-71.81
4/26/2007,23.6,1.11
4/27/2007,23.9,1.12
4/28/2007,24.2,1.13
4/29/2007,24.1,1.13
4/30/2007,24.6,1.14
5/1/2007,26.2,1.19
5/2/2007,26.1,1.18
5/3/2007,26.4,1.19
5/4/2007,26.2,1.18
5/5/2007,25.8,1.17
5/6/2007,25.9,1.18
5/7/2007,26,1.18
5/8/2007,26,1.18
5/9/2007,26.3,1.19
5/10/2007,26.1,1.18
5/11/2007,26.1,1.18
5/12/2007,26,1.18
5/13/2007,26,1.18
5/14/2007,26.3,1.19
5/15/2007,26.3,1.19
5/16/2007,26.1,1.18
5/17/2007,26,1.18
5/18/2007,26.1,1.18
5/19/2007,26.1,1.18
5/20/2007,26.2,1.19
5/21/2007,26,1.18
5/22/2007,26,1.18
5/23/2007,26,1.18
5/24/2007,26.1,1.18
5/25/2007,26.1,1.18
5/26/2007,26.1,1.18
5/27/2007,26,1.18
5/28/2007,26,1.18
5/29/2007,21.6,1.02
5/30/2007,4.04,0.36
5/31/2007,1.94,0.23
6/1/2007,1.94,0.23
6/2/2007,6.6,0.41
6/3/2007,26.7,1.2
6/4/2007,26.7,1.2
6/5/2007,26.8,1.2
6/6/2007,26.6,1.2
6/7/2007,26.7,1.2
6/8/2007,26.8,1.2
6/9/2007,26.4,1.19
6/10/2007,26.3,1.19
6/11/2007,26.8,1.2
6/12/2007,26.7,1.2
6/13/2007,26.6,1.2
6/14/2007,26.5,1.19
6/15/2007,25.9,1.18
6/16/2007,25.9,1.18
6/17/2007,26.1,1.18
6/18/2007,27.8,1.23
6/19/2007,28.3,1.25
6/20/2007,28,1.24
6/21/2007,27.3,1.22
6/22/2007,26.9,1.2
6/23/2007,26.8,1.2
6/24/2007,26.8,1.2
6/25/2007,26.7,1.2
6/26/2007,30.4,1.29
6/27/2007,18.4,0.9
6/28/2007,21.7,1.02
6/29/2007,26.8,1.2
6/30/2007,26.8,1.2
7/1/2007,26.3,1.19
7/2/2007,26.2,1.19
7/3/2007,26.3,1.19
7/4/2007,26.3,1.19
7/5/2007,26.3,1.19
7/6/2007,26.3,1.19
7/7/2007,26.2,1.19
7/8/2007,26.2,1.19
7/9/2007,-113.4,-134.28
7/10/2007,26.3,1.19
7/11/2007,26.8,1.2
7/12/2007,26.8,1.2
7/13/2007,27,1.21
7/14/2007,25.9,1.18
7/15/2007,26.6,1.2
7/16/2007,27.2,1.21
7/17/2007,27.2,1.21
7/18/2007,26.8,1.2
7/19/2007,26,1.18
7/20/2007,26.3,1.19
7/21/2007,26.2,1.18
7/22/2007,26.2,1.18
7/23/2007,26.1,1.18
7/24/2007,26.1,1.18
7/25/2007,26.4,1.19
7/26/2007,26.4,1.19
7/27/2007,26.5,1.19
7/28/2007,26.4,1.19
7/29/2007,21.4,1.01
7/30/2007,-18.1,-20.59
7/31/2007,0,-0.01
8/1/2007,0,-0.01
8/2/2007,5.33,0.23
8/3/2007,4.86,-19.65
8/4/2007,26.4,1.19
8/5/2007,26,1.18
8/6/2007,26.2,1.18
8/7/2007,26.2,1.18
8/8/2007,26.3,1.19
8/9/2007,26.1,1.18
8/10/2007,26.1,1.18
8/11/2007,26,1.18
8/12/2007,26.3,1.19
8/13/2007,26.3,1.19
8/14/2007,26.2,1.19
8/15/2007,26.1,1.18
8/16/2007,26.1,1.18
8/17/2007,26.3,1.19
8/18/2007,26.2,1.19
8/19/2007,26.3,1.19
8/20/2007,26.2,1.19
8/21/2007,26.3,1.19
8/22/2007,26.5,1.19
8/23/2007,26.4,1.19
8/24/2007,26.5,1.19
8/25/2007,26.4,1.19
8/26/2007,26.3,1.19
8/27/2007,26.3,1.19
8/28/2007,26.3,1.19
8/29/2007,26.2,1.19
8/30/2007,26.2,1.19
8/31/2007,25.7,1.17
9/1/2007,23.6,1.11
9/2/2007,23.6,1.11
9/3/2007,23.6,1.11
9/4/2007,23.6,1.11
9/5/2007,23.5,1.11
9/6/2007,23.6,1.11
9/7/2007,23.7,1.11
9/8/2007,23.8,1.12
9/9/2007,23.9,1.12
9/10/2007,23.8,1.12
9/11/2007,23.8,1.12
9/12/2007,23.7,1.11
9/13/2007,23.8,1.12
9/14/2007,23.9,1.12
9/15/2007,23.9,1.12
9/16/2007,23.9,1.12
9/17/2007,23.9,1.12
9/18/2007,23.9,1.12
9/19/2007,23.9,1.12
9/20/2007,23.9,1.12
9/21/2007,23.9,1.12
9/22/2007,23.8,1.12
9/23/2007,23.9,1.12
9/24/2007,23.9,1.12
9/25/2007,23.7,1.11
9/26/2007,23.4,1.1
9/27/2007,23.5,1.11
9/28/2007,23.4,1.1
9/29/2007,23.6,1.11
9/30/2007,24.3,1.13
10/1/2007,26.2,1.19
10/2/2007,26.1,1.18
10/3/2007,26.2,1.19
10/4/2007,26.3,1.19
10/5/2007,26.4,1.19
10/6/2007,26.3,1.19
10/7/2007,26.4,1.19
10/8/2007,26.3,1.19
10/9/2007,26.3,1.19
10/10/2007,26.3,1.19
10/11/2007,26.4,1.19
10/12/2007,26.3,1.19
10/13/2007,26.2,1.19
10/14/2007,26.3,1.19
10/15/2007,26.3,1.19
10/16/2007,26.3,1.19
10/17/2007,26.3,1.19
10/18/2007,26.2,1.19
10/19/2007,26.4,1.19
10/20/2007,26.3,1.19
10/21/2007,26.3,1.19
10/22/2007,26.3,1.19
10/23/2007,26.4,1.19
10/24/2007,26.3,1.19
10/25/2007,26.4,1.19
10/26/2007,26.3,1.19
10/27/2007,26.3,1.19
10/28/2007,26.4,1.19
10/29/2007,26.4,1.19
10/30/2007,26.4,1.19
10/31/2007,21.7,1.03
11/1/2007,2.65,0.19
11/2/2007,0,-0.01
11/3/2007,0,0
11/4/2007,0,-0.01
11/5/2007,0,-0.01
11/6/2007,0,-0.01
11/7/2007,0,0
11/8/2007,0,0
11/9/2007,0,-0.01
11/10/2007,0,-0.01
11/11/2007,0,-0.01
11/12/2007,0,-0.01
11/13/2007,0,-0.01
11/14/2007,0,-0.01
11/15/2007,0,-0.02
11/16/2007,0,-0.02
11/17/2007,0,-0.02
11/18/2007,0,-0.02
11/19/2007,0,-0.02
11/20/2007,0,-0.02
11/21/2007,0,-0.02
11/22/2007,0,-0.02
11/23/2007,0,-0.03
11/24/2007,0,-0.03
11/25/2007,0,-0.03
11/26/2007,0,-0.03
11/27/2007,0,-0.03
11/28/2007,0,-0.03
11/29/2007,0,-0.03
11/30/2007,0,-0.03
12/1/2007,0,-0.03
12/2/2007,0,-0.03
12/3/2007,0,-0.03
12/4/2007,0,-0.03
12/5/2007,0,-0.03
12/6/2007,0,-0.03
12/7/2007,0,-0.03
12/8/2007,0,-0.04
12/9/2007,0,-0.04
12/10/2007,0,-0.04
12/11/2007,0,-0.04
12/12/2007,0,-0.04
12/13/2007,0,-0.04
12/14/2007,0,-0.04
12/15/2007,0,-0.04
12/16/2007,0,-0.05
12/17/2007,0,-0.05
12/18/2007,0,-0.05
12/19/2007,0,-0.05
12/20/2007,0,-0.05
12/21/2007,0,-0.05
12/22/2007,0,-0.05
12/23/2007,0,-0.05
12/24/2007,0,-0.05
12/25/2007,0,-0.05
12/26/2007,0,-0.05
12/27/2007,0,-0.05
12/28/2007,0,-0.05
12/29/2007,0,-0.05
12/30/2007,0,-0.05
12/31/2007,0,-0.05
1/1/2008,0,-0.06
1/2/2008,0,-0.06
1/3/2008,0,-0.06
1/4/2008,0,-0.06
1/5/2008,0,-0.06
1/6/2008,0,-0.06
1/7/2008,0,-0.06
1/8/2008,0,-0.06
1/9/2008,0,-0.06
1/10/2008,0,-0.06
1/11/2008,0,-0.06
1/12/2008,0,-0.06
1/13/2008,0,-0.06
1/14/2008,0,-0.06
1/15/2008,0,-0.06
1/16/2008,0,-0.06
1/17/2008,0,-0.06
1/18/2008,0,-0.06
1/19/2008,0,-0.06
1/20/2008,0,-0.06
1/21/2008,0,-0.06
1/22/2008,0,-0.06
1/23/2008,0,-0.06
1/24/2008,0,-0.06
1/25/2008,0,-0.06
1/26/2008,0,-0.06
1/27/2008,0,-0.06
1/28/2008,0,-0.06
1/29/2008,0,-0.06
1/30/2008,0,-0.06
1/31/2008,0,-0.06
2/1/2008,0,-0.06
2/2/2008,0,-0.06
2/3/2008,0,-0.07
2/4/2008,0,-0.07
2/5/2008,0,-0.07
2/6/2008,0,-0.07
2/7/2008,0,-0.07
2/8/2008,0,-0.07
2/9/2008,0,-0.07
2/10/2008,0,-0.07
2/11/2008,0,-0.07
2/12/2008,0,-0.07
2/13/2008,0,-0.07
2/14/2008,0,-0.07
2/15/2008,0,-0.07
2/16/2008,0,-0.07
2/17/2008,0,-0.07
2/18/2008,0,-0.07
2/19/2008,0,-0.07
2/20/2008,0,-0.07
2/21/2008,0,-0.07
2/22/2008,0,-0.07
2/23/2008,0,-0.07
2/24/2008,0,-0.07
2/25/2008,0,-0.07
2/26/2008,0,-0.07
2/27/2008,0,-0.07
2/28/2008,0,-0.07
2/29/2008,0,-0.07
3/1/2008,0,-0.07
3/2/2008,0,-0.07
3/3/2008,0,-0.07
3/4/2008,0,-0.05
3/5/2008,0,-0.01
3/6/2008,-353.8,464.2
3/7/2008,NA,1310.71
3/8/2008,-499.5,655.36
3/9/2008,0.594,0.06
3/10/2008,0.95,-0.35
3/11/2008,0,-0.14
3/12/2008,0,-0.01
3/13/2008,-93.7,-93.67
3/14/2008,3.08,0.19
3/15/2008,13.3,0.77
3/16/2008,13.2,0.77
3/17/2008,-92.6,-103.39
3/18/2008,12.6,0.75
3/19/2008,12.6,0.75
3/20/2008,12.4,0.74
3/21/2008,12.7,0.75
3/22/2008,12.7,0.75
3/23/2008,12.7,0.75
3/24/2008,12.7,0.75
3/25/2008,12.7,0.75
3/26/2008,12.7,0.75
3/27/2008,12.7,0.75
3/28/2008,12.7,0.75
3/29/2008,12.4,0.74
3/30/2008,12.4,0.74
3/31/2008,15,0.83
4/1/2008,23.7,1.11
4/2/2008,23.5,1.11
4/3/2008,23.5,1.11
4/4/2008,23.9,1.12
4/5/2008,23.9,1.12
4/6/2008,23.9,1.12
4/7/2008,23.8,1.12
4/8/2008,23.9,1.12
4/9/2008,24.1,1.13
4/10/2008,24,1.12
4/11/2008,24.1,1.12
4/12/2008,24.1,1.12
4/13/2008,24,1.12
4/14/2008,23.9,1.12
4/15/2008,24.1,1.12
4/16/2008,24.2,1.13
4/17/2008,-146.8,12.99
4/18/2008,24.2,1.13
4/19/2008,24.3,1.13
4/20/2008,24.2,1.13
4/21/2008,23.9,1.12
4/22/2008,24.2,1.13
4/23/2008,24.2,1.13
4/24/2008,24.1,1.13
4/25/2008,24.2,1.13
4/26/2008,24.2,1.13
4/27/2008,24.2,1.13
4/28/2008,24.2,1.13
4/29/2008,24.2,1.13
4/30/2008,24.5,1.14
5/1/2008,26,1.18
5/2/2008,26,1.18
5/3/2008,26,1.18
5/4/2008,26,1.18
5/5/2008,25.9,1.18
5/6/2008,26,1.18
5/7/2008,24.7,1.14
5/8/2008,24.2,1.13
5/9/2008,25.8,1.17
5/10/2008,25.8,1.17
5/11/2008,25.8,1.17
5/12/2008,26,1.18
5/13/2008,26.1,1.18
5/14/2008,26.1,1.18
5/15/2008,26,1.18
5/16/2008,26,1.18
5/17/2008,26,1.18
5/18/2008,25.9,1.18
5/19/2008,25.9,1.18
5/20/2008,26.1,1.18
5/21/2008,26.4,1.19
5/22/2008,26.1,1.18
5/23/2008,26.2,1.18
5/24/2008,25.9,1.18
5/25/2008,25.9,1.18
5/26/2008,25.9,1.18
5/27/2008,26.1,1.18
5/28/2008,26.4,1.19
5/29/2008,20.3,0.96
5/30/2008,1.37,0.17
5/31/2008,0.23,0.06
6/1/2008,0.23,0.06
6/2/2008,0.23,0.06
6/3/2008,26.9,1.21
6/4/2008,26.7,1.2
6/5/2008,26.7,1.2
6/6/2008,26.9,1.2
6/7/2008,26.8,1.2
6/8/2008,26.7,1.2
6/9/2008,26.8,1.2
6/10/2008,26.8,1.2
6/11/2008,26.9,1.2
6/12/2008,26.8,1.2
6/13/2008,26.9,1.21
6/14/2008,26.7,1.2
6/15/2008,26.8,1.2
6/16/2008,26.9,1.2
6/17/2008,26.9,1.2
6/18/2008,26.7,1.2
6/19/2008,26.8,1.2
6/20/2008,26.8,1.2
6/21/2008,26.8,1.2
6/22/2008,26.7,1.2
6/23/2008,26.8,1.2
6/24/2008,26.9,1.2
6/25/2008,26.8,1.2
6/26/2008,26.8,1.2
6/27/2008,26.8,1.2
6/28/2008,26.9,1.2
6/29/2008,26.8,1.2
6/30/2008,26.7,1.2
7/1/2008,26.3,1.19
7/2/2008,26.3,1.19
7/3/2008,26.3,1.19
7/4/2008,26.2,1.18
7/5/2008,26.2,1.19
7/6/2008,26.3,1.19
7/7/2008,26.2,1.19
7/8/2008,26.2,1.19
7/9/2008,26.2,1.18
7/10/2008,26.2,1.19
7/11/2008,26.3,1.19
7/12/2008,26.2,1.18
7/13/2008,26.2,1.19
7/14/2008,26.2,1.19
7/15/2008,25.9,1.18
7/16/2008,26.2,1.19
7/17/2008,26.2,1.18
7/18/2008,26.4,1.19
7/19/2008,26.3,1.19
7/20/2008,26.2,1.19
7/21/2008,26.3,1.19
7/22/2008,26.4,1.19
7/23/2008,26.4,1.19
7/24/2008,26.4,1.19
7/25/2008,26.4,1.19
7/26/2008,26.2,1.19
7/27/2008,26.2,1.19
7/28/2008,26.1,1.18
7/29/2008,20.3,0.96
7/30/2008,1.48,0.19
7/31/2008,0.467,0.09
8/1/2008,0.236,0.06
8/2/2008,5.69,0.3
8/3/2008,26.3,1.19
8/4/2008,26.3,1.19
8/5/2008,26.3,1.19
8/6/2008,26.4,1.19
8/7/2008,26.5,1.19
8/8/2008,26.5,1.19
8/9/2008,26.6,1.2
8/10/2008,26.5,1.19
8/11/2008,26.3,1.19
8/12/2008,26.2,1.18
8/13/2008,26.5,1.19
8/14/2008,26.5,1.19
8/15/2008,26.5,1.19
8/16/2008,26.5,1.19
8/17/2008,26.3,1.19
8/18/2008,26.2,1.19
8/19/2008,26.1,1.18
8/20/2008,26,1.18
8/21/2008,26.4,1.19
8/22/2008,26.5,1.19
8/23/2008,26.4,1.19
8/24/2008,26.3,1.19
8/25/2008,26.1,1.18
8/26/2008,26.1,1.18
8/27/2008,26.4,1.19
8/28/2008,26.3,1.19
8/29/2008,26.4,1.19
8/30/2008,26.4,1.19
8/31/2008,25.9,1.17
9/1/2008,23.6,1.11
9/2/2008,23.7,1.11
9/3/2008,23.6,1.11
9/4/2008,23.7,1.11
9/5/2008,23.8,1.12
9/6/2008,23.6,1.11
9/7/2008,23.8,1.12
9/8/2008,23.6,1.11
9/9/2008,23.8,1.12
9/10/2008,23.8,1.12
9/11/2008,23.9,1.12
9/12/2008,23.8,1.12
9/13/2008,23.9,1.12
9/14/2008,23.8,1.12
9/15/2008,23.5,1.11
9/16/2008,23.4,1.1
9/17/2008,23.7,1.11
9/18/2008,23.9,1.12
9/19/2008,22.5,1.08
9/20/2008,17,0.89
9/21/2008,22.4,1.07
9/22/2008,23.4,1.1
9/23/2008,23.3,1.1
9/24/2008,23.3,1.1
9/25/2008,23.3,1.1
9/26/2008,23.3,1.1
9/27/2008,23.3,1.1
9/28/2008,23.6,1.11
9/29/2008,23.3,1.1
9/30/2008,24,1.12
10/1/2008,26.4,1.19
10/2/2008,26.4,1.19
10/3/2008,26.5,1.19
10/4/2008,26.6,1.2
10/5/2008,26.4,1.19
10/6/2008,26.3,1.19
10/7/2008,26.1,1.18
10/8/2008,26,1.18
10/9/2008,26,1.18
10/10/2008,26,1.18
10/11/2008,26.2,1.18
10/12/2008,26.3,1.19
10/13/2008,26,1.18
10/14/2008,26,1.18
10/15/2008,26.1,1.18
10/16/2008,26.5,1.19
10/17/2008,26.4,1.19
10/18/2008,26.6,1.2
10/19/2008,26.5,1.19
10/20/2008,26.3,1.19
10/21/2008,26.3,1.19
10/22/2008,26.4,1.19
10/23/2008,26.3,1.19
10/24/2008,26.1,1.18
10/25/2008,26.3,1.19
10/26/2008,26.6,1.2
10/27/2008,26.1,1.18
10/28/2008,26.1,1.18
10/29/2008,26.4,1.19
10/30/2008,26.2,1.18
10/31/2008,21.6,1.03
11/1/2008,1.8,0.15
11/2/2008,0,0
11/3/2008,0,0
11/4/2008,0,-0.01
11/5/2008,0,-0.01
11/6/2008,0,-0.01
11/7/2008,0,-0.01
11/8/2008,0,-0.01
11/9/2008,0,-0.01
11/10/2008,0,-0.01
11/11/2008,0,-0.01
11/12/2008,0,-0.01
11/13/2008,0,-0.01
11/14/2008,0,-0.01
11/15/2008,0,-0.01
11/16/2008,0,-0.01
11/17/2008,0,-0.01
11/18/2008,0,-0.01
11/19/2008,0,-0.01
11/20/2008,0,-0.01
11/21/2008,0,-0.01
11/22/2008,0,-0.01
11/23/2008,0,-0.01
11/24/2008,0,-0.01
11/25/2008,0,-0.01
11/26/2008,0,-0.01
11/27/2008,0,-0.01
11/28/2008,0,-0.01
11/29/2008,0,-0.01
11/30/2008,0,-0.01
12/1/2008,0,-0.01
12/2/2008,0,-0.01
12/3/2008,0,-0.01
12/4/2008,0,-0.01
12/5/2008,0,-0.02
12/6/2008,0,-0.02
12/7/2008,0,-0.02
12/8/2008,0,-0.02
12/9/2008,0,-0.02
12/10/2008,0,-0.02
12/11/2008,0,-0.02
12/12/2008,0,-0.02
12/13/2008,0,-0.02
12/14/2008,0,-0.02
12/15/2008,0,-0.02
12/16/2008,0,-0.01
12/17/2008,0,-0.01
12/18/2008,0,-0.01
12/19/2008,0,-0.01
12/20/2008,0,-0.01
12/21/2008,0,-0.01
12/22/2008,0,-0.01
12/23/2008,0,-0.01
12/24/2008,0,-0.01
12/25/2008,0,-0.01
12/26/2008,0,-0.01
12/27/2008,0,-0.01
12/28/2008,0,-0.01
12/29/2008,0,-0.01
12/30/2008,0,-0.01
12/31/2008,0,-0.01
1/1/2009,0,-0.01
1/2/2009,0,-0.01
1/3/2009,0,-0.01
1/4/2009,0,-0.01
1/5/2009,0,-0.02
1/6/2009,0,-0.02
1/7/2009,0,-0.02
1/8/2009,0,-0.02
1/9/2009,0,-0.02
1/10/2009,0,-0.02
1/11/2009,0,-0.02
1/12/2009,0,-0.02
1/13/2009,0,-0.02
1/14/2009,0,-0.02
1/15/2009,0,-0.02
1/16/2009,0,-0.02
1/17/2009,0,-0.02
1/18/2009,0,-0.02
1/19/2009,0,-0.02
1/20/2009,0,-0.02
1/21/2009,0,-0.02
1/22/2009,0,-0.02
1/23/2009,0,-0.02
1/24/2009,0,-0.02
1/25/2009,0,-0.02
1/26/2009,0,-0.02
1/27/2009,0,-0.02
1/28/2009,0,-0.02
1/29/2009,0,-0.02
1/30/2009,0,-0.02
1/31/2009,0,-0.02
2/1/2009,0,-0.02
2/2/2009,0,-0.02
2/3/2009,0,-0.02
2/4/2009,0,-0.02
2/5/2009,0,-0.02
2/6/2009,0,-0.02
2/7/2009,0,-0.02
2/8/2009,0,-0.02
2/9/2009,0,-0.02
2/10/2009,0,-0.02
2/11/2009,0,-0.02
2/12/2009,0,-0.02
2/13/2009,0,-0.02
2/14/2009,0,-0.02
2/15/2009,0,-0.02
2/16/2009,0,-0.02
2/17/2009,0,-0.02
2/18/2009,0,-0.02
2/19/2009,0,-0.02
2/20/2009,0,-0.02
2/21/2009,0,-0.02
2/22/2009,0,-0.02
2/23/2009,0,-0.02
2/24/2009,0,-0.02
2/25/2009,0,-0.02
2/26/2009,0,-0.02
2/27/2009,0,-0.02
2/28/2009,0,-0.02
3/1/2009,0,-0.02
3/2/2009,0,-0.02
3/3/2009,0,-0.02
3/4/2009,0,-0.02
3/5/2009,0,-0.02
3/6/2009,0,-0.02
3/7/2009,0,-0.02
3/8/2009,0,-0.02
3/9/2009,0,-0.02
3/10/2009,0,-0.02
3/11/2009,0,-0.02
3/12/2009,0,-0.02
3/13/2009,0,-0.02
3/14/2009,-60.7,82
3/15/2009,12.7,0.75
3/16/2009,12.4,0.74
3/17/2009,12.9,0.76
3/18/2009,12.7,0.75
3/19/2009,12.7,0.75
3/20/2009,12.6,0.75
3/21/2009,12.6,0.75
3/22/2009,12.6,0.75
3/23/2009,12.7,0.75
3/24/2009,12.6,0.75
3/25/2009,12.5,0.74
3/26/2009,12.5,0.74
3/27/2009,5.66,0.43
3/28/2009,7.31,0.49
3/29/2009,11.6,0.71
3/30/2009,12.9,0.76
3/31/2009,14.1,0.8
4/1/2009,22.9,1.09
4/2/2009,23.4,1.1
4/3/2009,23.2,1.1
4/4/2009,22.5,1.08
4/5/2009,23.8,1.12
4/6/2009,23.6,1.11
4/7/2009,23.6,1.11
4/8/2009,23.5,1.11
4/9/2009,23.5,1.11
4/10/2009,23.5,1.11
4/11/2009,23.8,1.12
4/12/2009,23.7,1.11
4/13/2009,23.7,1.11
4/14/2009,23.6,1.11
4/15/2009,23.9,1.12
4/16/2009,23.7,1.11
4/17/2009,23.6,1.11
4/18/2009,23.6,1.11
4/19/2009,23.6,1.11
4/20/2009,23.6,1.11
4/21/2009,23.6,1.11
4/22/2009,23.6,1.11
4/23/2009,23.6,1.11
4/24/2009,23.6,1.11
4/25/2009,23.7,1.11
4/26/2009,23.8,1.12
4/27/2009,23.6,1.11
4/28/2009,23.7,1.11
4/29/2009,24.1,1.13
4/30/2009,24.5,1.14
5/1/2009,26.2,1.19
5/2/2009,26.5,1.19
5/3/2009,26.5,1.19
5/4/2009,26.4,1.19
5/5/2009,26.4,1.19
5/6/2009,26.4,1.19
5/7/2009,26.4,1.19
5/8/2009,26.5,1.19
5/9/2009,26.4,1.19
5/10/2009,26.4,1.19
5/11/2009,26.4,1.19
5/12/2009,26.4,1.19
5/13/2009,26.4,1.19
5/14/2009,26.4,1.19
5/15/2009,26.4,1.19
5/16/2009,26.3,1.19
5/17/2009,26.2,1.18
5/18/2009,26.2,1.19
5/19/2009,26,1.18
5/20/2009,26,1.18
5/21/2009,26,1.18
5/22/2009,25.9,1.18
5/23/2009,26,1.18
5/24/2009,26,1.18
5/25/2009,26,1.18
5/26/2009,26,1.18
5/27/2009,26,1.18
5/28/2009,26,1.18
5/29/2009,20.7,0.98
5/30/2009,1.41,0.17
5/31/2009,0.518,0.1
6/1/2009,0.518,0.1
6/2/2009,4.42,0.22
6/3/2009,26.7,1.2
6/4/2009,26.9,1.21
6/5/2009,26.9,1.2
6/6/2009,26.7,1.2
6/7/2009,26.7,1.2
6/8/2009,26.7,1.2
6/9/2009,26.7,1.2
6/10/2009,26.7,1.2
6/11/2009,26.6,1.2
6/12/2009,26.7,1.2
6/13/2009,26.7,1.2
6/14/2009,26.6,1.2
6/15/2009,26.9,1.21
6/16/2009,26.8,1.2
6/17/2009,26.8,1.2
6/18/2009,26.7,1.2
6/19/2009,26.7,1.2
6/20/2009,26.7,1.2
6/21/2009,26.7,1.2
6/22/2009,26.9,1.2
6/23/2009,26.8,1.2
6/24/2009,26.7,1.2
6/25/2009,26.6,1.2
6/26/2009,26.7,1.2
6/27/2009,26.8,1.2
6/28/2009,26.8,1.2
6/29/2009,26.7,1.2
6/30/2009,26.8,1.2
7/1/2009,26.2,1.19
7/2/2009,26.4,1.19
7/3/2009,26.3,1.19
7/4/2009,26.2,1.19
7/5/2009,26.3,1.19
7/6/2009,26.2,1.18
7/7/2009,26.1,1.18
7/8/2009,26,1.18
7/9/2009,26,1.18
7/10/2009,26.1,1.18
7/11/2009,26.2,1.19
7/12/2009,26,1.18
7/13/2009,26.3,1.19
7/14/2009,26.4,1.19
7/15/2009,26.5,1.19
7/16/2009,26.5,1.19
7/17/2009,26.4,1.19
7/18/2009,26.4,1.19
7/19/2009,26.5,1.19
7/20/2009,26.5,1.19
7/21/2009,26.4,1.19
7/22/2009,26.4,1.19
7/23/2009,26.4,1.19
7/24/2009,26.1,1.18
7/25/2009,25.9,1.18
7/26/2009,25.9,1.18
7/27/2009,26.4,1.19
7/28/2009,25.9,1.18
7/29/2009,20.6,0.97
7/30/2009,0.878,0.11
7/31/2009,0.172,0.05
8/1/2009,0.172,0.05
8/2/2009,6.11,0.3
8/3/2009,26.4,1.19
8/4/2009,26.6,1.2
8/5/2009,26.6,1.2
8/6/2009,26.6,1.2
8/7/2009,26.6,1.2
8/8/2009,26.6,1.2
8/9/2009,26.6,1.2
8/10/2009,26.6,1.2
8/11/2009,25.5,1.16
8/12/2009,26.5,1.19
8/13/2009,26.6,1.2
8/14/2009,26.6,1.2
8/15/2009,26.4,1.19
8/16/2009,26.5,1.19
8/17/2009,26.4,1.19
8/18/2009,26.4,1.19
8/19/2009,26.5,1.19
8/20/2009,26.5,1.19
8/21/2009,26.6,1.2
8/22/2009,26.5,1.19
8/23/2009,26.3,1.19
8/24/2009,26.2,1.18
8/25/2009,26.3,1.19
8/26/2009,26.3,1.19
8/27/2009,26.1,1.18
8/28/2009,26.2,1.18
8/29/2009,26.2,1.18
8/30/2009,26.2,1.19
8/31/2009,26,1.18
9/1/2009,24,1.12
9/2/2009,23.9,1.12
9/3/2009,23.8,1.11
9/4/2009,23.6,1.11
9/5/2009,23.5,1.11
9/6/2009,23.9,1.12
9/7/2009,23.8,1.12
9/8/2009,23.7,1.11
9/9/2009,23.6,1.11
9/10/2009,23.7,1.11
9/11/2009,23.6,1.11
9/12/2009,23.6,1.11
9/13/2009,23.7,1.11
9/14/2009,23.3,1.1
9/15/2009,23.5,1.11
9/16/2009,23.1,1.09
9/17/2009,23,1.09
9/18/2009,23.5,1.11
9/19/2009,23.5,1.11
9/20/2009,20.2,1
9/21/2009,19.9,1
9/22/2009,22.7,1.08
9/23/2009,23.5,1.11
9/24/2009,23.3,1.1
9/25/2009,23.6,1.11
9/26/2009,23.6,1.11
9/27/2009,23.5,1.11
9/28/2009,23.3,1.1
9/29/2009,23.5,1.11
9/30/2009,24.1,1.12
10/1/2009,26,1.18
10/2/2009,25.5,1.16
10/3/2009,26.7,1.2
10/4/2009,26,1.18
10/5/2009,26,1.18
10/6/2009,26.5,1.19
10/7/2009,26.6,1.2
10/8/2009,26.4,1.19
10/9/2009,26.2,1.18
10/10/2009,26.3,1.19
10/11/2009,26.5,1.19
10/12/2009,26.6,1.2
10/13/2009,26.1,1.18
10/14/2009,26.2,1.18
10/15/2009,26.4,1.19
10/16/2009,26.3,1.19
10/17/2009,26.4,1.19
10/18/2009,26.4,1.19
10/19/2009,26.3,1.19
10/20/2009,26.6,1.2
10/21/2009,26.3,1.19
10/22/2009,26.3,1.19
10/23/2009,26.6,1.2
10/24/2009,26.3,1.19
10/25/2009,26.4,1.19
10/26/2009,26.5,1.19
10/27/2009,26.3,1.19
10/28/2009,26.3,1.19
10/29/2009,26.6,1.2
10/30/2009,26.5,1.19
10/31/2009,21,0.99
11/1/2009,0.421,0.04
11/2/2009,0.005,-0.01
11/3/2009,0.013,0.01
11/4/2009,0.013,0.01
11/5/2009,0.013,0.01
11/6/2009,0.013,0.01
11/7/2009,0.012,0.01
11/8/2009,0,0
11/9/2009,0,0
11/10/2009,0,0
11/11/2009,0,0
11/12/2009,0,-0.01
11/13/2009,0,-0.01
11/14/2009,0,-0.01
11/15/2009,0,-0.01
11/16/2009,0,-0.01
11/17/2009,0,-0.02
11/18/2009,0,-0.02
11/19/2009,0,-0.02
11/20/2009,0,-0.02
11/21/2009,0,-0.02
11/22/2009,0,-0.02
11/23/2009,0,-0.02
11/24/2009,0,-0.02
11/25/2009,0,-0.02
11/26/2009,0,-0.02
11/27/2009,0,-0.02
11/28/2009,0,-0.02
11/29/2009,0,-0.02
11/30/2009,0,-0.02
12/1/2009,0,-0.03
12/2/2009,0,-0.03
12/3/2009,0,-0.03
12/4/2009,0,-0.03
12/5/2009,0,-0.03
12/6/2009,0,-0.03
12/7/2009,0,-0.03
12/8/2009,0,-0.03
12/9/2009,0,-0.03
12/10/2009,0,-0.01
12/11/2009,0,-0.01
12/12/2009,0,-0.01
12/13/2009,0,-0.02
12/14/2009,0,-0.03
12/15/2009,0,-0.03
12/16/2009,0,-0.03
12/17/2009,0,-0.03
12/18/2009,0,-0.03
12/19/2009,0,-0.03
12/20/2009,0,-0.03
12/21/2009,0,-0.03
12/22/2009,0,-0.03
12/23/2009,0,-0.03
12/24/2009,0,-0.03
12/25/2009,0,-0.03
12/26/2009,0,-0.03
12/27/2009,0,-0.03
12/28/2009,0,-0.03
12/29/2009,0,-0.03
12/30/2009,0,-0.03
12/31/2009,0,-0.03
1/1/2010,0,-0.03
1/2/2010,0,-0.03
1/3/2010,0,-0.03
1/4/2010,0,-0.03
1/5/2010,0,-0.03
1/6/2010,0,-0.03
1/7/2010,0,-0.03
1/8/2010,0,-0.03
1/9/2010,0,-0.02
1/10/2010,0,-0.03
1/11/2010,0,-0.03
1/12/2010,0,-0.03
1/13/2010,0,-0.03
1/14/2010,0,-0.03
1/15/2010,0,-0.03
1/16/2010,0,-0.03
1/17/2010,0,-0.03
1/18/2010,0,-0.03
1/19/2010,0,-0.03
1/20/2010,0,-0.03
1/21/2010,0,-0.03
1/22/2010,0,-0.03
1/23/2010,0,-0.03
1/24/2010,0,-0.03
1/25/2010,0,-0.03
1/26/2010,0,-0.03
1/27/2010,0,-0.03
1/28/2010,0,-0.03
1/29/2010,0,-0.03
1/30/2010,0,-0.03
1/31/2010,0,-0.03
2/1/2010,0,-0.03
2/2/2010,0,-0.03
2/3/2010,0,-0.03
2/4/2010,0,-0.03
2/5/2010,0,-0.03
2/6/2010,0,-0.03
2/7/2010,0,-0.03
2/8/2010,0,-0.03
2/9/2010,0,-0.03
2/10/2010,0,-0.03
2/11/2010,0,-0.03
2/12/2010,0,-0.03
2/13/2010,0,-0.03
2/14/2010,0,-0.03
2/15/2010,0,-0.04
2/16/2010,0,-0.04
2/17/2010,0,-0.04
2/18/2010,0,-0.04
2/19/2010,0,-0.04
2/20/2010,0,-0.04
2/21/2010,0,-0.04
2/22/2010,0,-0.04
2/23/2010,0,-0.04
2/24/2010,0,-0.04
2/25/2010,0,-0.04
2/26/2010,0,-0.04
2/27/2010,0,-0.04
2/28/2010,0,-0.04
3/1/2010,0,-0.05
3/2/2010,0,-0.05
3/3/2010,0.001,-0.03
3/4/2010,0,0
3/5/2010,0,0
3/6/2010,0,0
3/7/2010,0,0
3/8/2010,0,0
3/9/2010,0,0
3/10/2010,0,0
3/11/2010,0,0
3/12/2010,0,0
3/13/2010,0,-0.01
3/14/2010,11.3,0.47
3/15/2010,17.3,0.89
3/16/2010,12.7,0.75
3/17/2010,12.7,0.75
3/18/2010,12.7,0.75
3/19/2010,12.5,0.74
3/20/2010,12.5,0.74
3/21/2010,12.5,0.74
3/22/2010,12.5,0.74
3/23/2010,12.8,0.76
3/24/2010,13.1,0.77
3/25/2010,13.1,0.77
3/26/2010,13.2,0.77
3/27/2010,13.1,0.77
3/28/2010,13.2,0.77
3/29/2010,13.2,0.77
3/30/2010,13.1,0.77
3/31/2010,15.4,0.84
4/1/2010,23.5,1.11
4/2/2010,23.6,1.11
4/3/2010,23.6,1.11
4/4/2010,23.6,1.11
4/5/2010,23.6,1.11
4/6/2010,23.5,1.11
4/7/2010,23.6,1.11
4/8/2010,23.6,1.11
4/9/2010,23.6,1.11
4/10/2010,23.6,1.11
4/11/2010,23.6,1.11
4/12/2010,23.6,1.11
4/13/2010,23.6,1.11
4/14/2010,23.5,1.11
4/15/2010,23.6,1.11
4/16/2010,21.1,1.03
4/17/2010,23.6,1.11
4/18/2010,24,1.12
4/19/2010,23.9,1.12
4/20/2010,23.8,1.12
4/21/2010,23.6,1.11
4/22/2010,23.7,1.11
4/23/2010,23.7,1.11
4/24/2010,23.7,1.11
4/25/2010,23.8,1.12
4/26/2010,23.7,1.11
4/27/2010,23.7,1.11
4/28/2010,23.6,1.11
4/29/2010,23.6,1.11
4/30/2010,24.2,1.13
5/1/2010,26.3,1.19
5/2/2010,26.3,1.19
5/3/2010,26.1,1.18
5/4/2010,25.9,1.18
5/5/2010,26.2,1.19
5/6/2010,26.2,1.18
5/7/2010,26.2,1.19
5/8/2010,26.2,1.19
5/9/2010,26.1,1.18
5/10/2010,26.1,1.18
5/11/2010,26.2,1.18
5/12/2010,26.1,1.18
5/13/2010,26.1,1.18
5/14/2010,26.2,1.18
5/15/2010,26.1,1.18
5/16/2010,26.1,1.18
5/17/2010,26.1,1.18
5/18/2010,26.2,1.18
5/19/2010,26.1,1.18
5/20/2010,26.1,1.18
5/21/2010,26.1,1.18
5/22/2010,26.2,1.18
5/23/2010,26.1,1.18
5/24/2010,26.2,1.18
5/25/2010,26.2,1.19
5/26/2010,26.2,1.18
5/27/2010,26.2,1.18
5/28/2010,26.1,1.18
5/29/2010,20.3,0.95
5/30/2010,0.452,0.05
5/31/2010,0,-0.01
6/1/2010,0,-0.01
6/2/2010,5.69,0.25
6/3/2010,26.8,1.2
6/4/2010,26.8,1.2
6/5/2010,26.7,1.2
6/6/2010,26.6,1.2
6/7/2010,26.9,1.2
6/8/2010,26.8,1.2
6/9/2010,26.7,1.2
6/10/2010,26.6,1.2
6/11/2010,26.2,1.18
6/12/2010,26.8,1.2
6/13/2010,26.7,1.2
6/14/2010,26.7,1.2
6/15/2010,26.9,1.21
6/16/2010,26.8,1.2
6/17/2010,26.7,1.2
6/18/2010,26.9,1.2
6/19/2010,26.8,1.2
6/20/2010,26.8,1.2
6/21/2010,26.9,1.2
6/22/2010,26.9,1.2
6/23/2010,26.9,1.2
6/24/2010,26.7,1.2
6/25/2010,26.8,1.2
6/26/2010,26.7,1.2
6/27/2010,26.8,1.2
6/28/2010,26.7,1.2
6/29/2010,27,1.21
6/30/2010,26.7,1.2
7/1/2010,26,1.18
7/2/2010,26,1.18
7/3/2010,26,1.18
7/4/2010,26.3,1.19
7/5/2010,26.4,1.19
7/6/2010,26.3,1.19
7/7/2010,26.1,1.18
7/8/2010,26.1,1.18
7/9/2010,26.1,1.18
7/10/2010,26.1,1.18
7/11/2010,26.1,1.18
7/12/2010,26.1,1.18
7/13/2010,26.2,1.19
7/14/2010,26.3,1.19
7/15/2010,26.6,1.2
7/16/2010,26.5,1.19
7/17/2010,26.5,1.2
7/18/2010,26.5,1.19
7/19/2010,26.6,1.2
7/20/2010,26.3,1.19
7/21/2010,26.2,1.18
7/22/2010,26.3,1.19
7/23/2010,26.2,1.18
7/24/2010,26.1,1.18
7/25/2010,26,1.18
7/26/2010,26.1,1.18
7/27/2010,26.3,1.19
7/28/2010,26.2,1.19
7/29/2010,21.4,1.01
7/30/2010,1.25,0.1
7/31/2010,0,-0.01
8/1/2010,0,-0.01
8/2/2010,2.36,0.1
8/3/2010,26.2,1.19
8/4/2010,26.5,1.19
8/5/2010,26.6,1.2
8/6/2010,26.6,1.2
8/7/2010,26.6,1.2
8/8/2010,26.6,1.2
8/9/2010,26.6,1.2
8/10/2010,26.3,1.19
8/11/2010,25.9,1.18
8/12/2010,26.1,1.18
8/13/2010,26.5,1.19
8/14/2010,26.6,1.2
8/15/2010,26.6,1.2
8/16/2010,26.5,1.19
8/17/2010,26.4,1.19
8/18/2010,26.2,1.18
8/19/2010,26.1,1.18
8/20/2010,26.3,1.19
8/21/2010,26.3,1.19
8/22/2010,26.2,1.19
8/23/2010,26.1,1.18
8/24/2010,26,1.18
8/25/2010,26.1,1.18
8/26/2010,26.4,1.19
8/27/2010,26.2,1.18
8/28/2010,26.1,1.18
8/29/2010,26.4,1.19
8/30/2010,26.1,1.18
8/31/2010,25.7,1.17
9/1/2010,23.5,1.1
9/2/2010,23.5,1.11
9/3/2010,23.5,1.11
9/4/2010,23.4,1.1
9/5/2010,23.6,1.11
9/6/2010,22.9,1.09
9/7/2010,23.3,1.1
9/8/2010,23.6,1.11
9/9/2010,23.8,1.12
9/10/2010,23.9,1.12
9/11/2010,23.8,1.12
9/12/2010,23.7,1.11
9/13/2010,23.6,1.11
9/14/2010,23.4,1.1
9/15/2010,23.4,1.1
9/16/2010,23.7,1.11
9/17/2010,23.7,1.11
9/18/2010,23.5,1.11
9/19/2010,23.7,1.11
9/20/2010,23.4,1.1
9/21/2010,23.4,1.1
9/22/2010,23.3,1.1
9/23/2010,23.4,1.11
9/24/2010,23.3,1.1
9/25/2010,23.5,1.11
9/26/2010,23.5,1.11
9/27/2010,23.3,1.1
9/28/2010,23.4,1.1
9/29/2010,23.5,1.11
9/30/2010,24.3,1.13
10/1/2010,26.6,1.2
10/2/2010,26.6,1.2
10/3/2010,26.5,1.19
10/4/2010,26.6,1.2
10/5/2010,26.7,1.2
10/6/2010,26.6,1.2
10/7/2010,26.2,1.19
10/8/2010,25.6,1.17
10/9/2010,26.4,1.19
10/10/2010,26.4,1.19
10/11/2010,26.4,1.19
10/12/2010,26.4,1.19
10/13/2010,26.4,1.19
10/14/2010,26.3,1.19
10/15/2010,26,1.18
10/16/2010,26.3,1.19
10/17/2010,26.2,1.19
10/18/2010,26,1.18
10/19/2010,25.9,1.18
10/20/2010,26.2,1.18
10/21/2010,26,1.18
10/22/2010,26.1,1.18
10/23/2010,26,1.18
10/24/2010,26,1.18
10/25/2010,26,1.18
10/26/2010,26.1,1.18
10/27/2010,-16.7,6.04
10/28/2010,26.1,1.18
10/29/2010,26.1,1.18
10/30/2010,26,1.18
10/31/2010,21,0.99
11/1/2010,1.05,0.1
11/2/2010,0,0
11/3/2010,0,0
11/4/2010,0,0
11/5/2010,0,0
11/6/2010,0,0
11/7/2010,0,0
11/8/2010,0,0
11/9/2010,0,0
11/10/2010,0,0
11/11/2010,0,0
11/12/2010,0,0
11/13/2010,0,0
11/14/2010,0,0
11/15/2010,0,0
11/16/2010,0,0
11/17/2010,0,0
11/18/2010,0,0
11/19/2010,0,0
11/20/2010,0,0
11/21/2010,0,0
11/22/2010,0,0
11/23/2010,0,0
11/24/2010,0,0
11/25/2010,0,0
11/26/2010,0,0
11/27/2010,0,0
11/28/2010,0,0
11/29/2010,0,0
11/30/2010,0,0
12/1/2010,0,0
12/2/2010,0,0
12/3/2010,0,0
12/4/2010,0,0
12/5/2010,0,0
12/6/2010,0,0
12/7/2010,0,0
12/8/2010,0,0
12/9/2010,0,0
12/10/2010,0,0
12/11/2010,0,0
12/12/2010,0,0
12/13/2010,0,0
12/14/2010,0,0
12/15/2010,0,0
12/16/2010,0,0
12/17/2010,0,0
12/18/2010,0,0
12/19/2010,0,0
12/20/2010,0,0
12/21/2010,0,0
12/22/2010,0,0
12/23/2010,0,0
12/24/2010,0,0
12/25/2010,0,0
12/26/2010,0,0
12/27/2010,0,0
12/28/2010,0,0
12/29/2010,0,0
12/30/2010,0,0
12/31/2010,0,0
1/1/2011,0,0
1/2/2011,0,0
1/3/2011,0,0
1/4/2011,0,0
1/5/2011,0,0
1/6/2011,0,0
1/7/2011,0,0
1/8/2011,0,0
1/9/2011,0,0
1/10/2011,0,0
1/11/2011,0,0
1/12/2011,0,0
1/13/2011,0,0
1/14/2011,0,0
1/15/2011,0,0
1/16/2011,0,0
1/17/2011,0,0
1/18/2011,0,0
1/19/2011,0,0
1/20/2011,0,0
1/21/2011,0,0
1/22/2011,0,0
1/23/2011,0,0
1/24/2011,0,0
1/25/2011,0,0
1/26/2011,0,0
1/27/2011,0,0
1/28/2011,0,0
1/29/2011,0,0
1/30/2011,0,0
1/31/2011,0,0
2/1/2011,0,0
2/2/2011,0,0
2/3/2011,0,0
2/4/2011,0,0
2/5/2011,0,0
2/6/2011,0,0
2/7/2011,0,0
2/8/2011,0,0
2/9/2011,0,0
2/10/2011,0,0
2/11/2011,0,0
2/12/2011,0,0
2/13/2011,0,0
2/14/2011,0,0
2/15/2011,0,0
2/16/2011,0,0
2/17/2011,0,0
2/18/2011,0,0
2/19/2011,0,0
2/20/2011,0,0
2/21/2011,0,0
2/22/2011,0,0
2/23/2011,0,0
2/24/2011,0,0
2/25/2011,0,0
2/26/2011,0,0
2/27/2011,0,0
2/28/2011,0,0
3/1/2011,0,0
3/2/2011,0,0
3/3/2011,0,0
3/4/2011,0,0
3/5/2011,0,0
3/6/2011,0,0
3/7/2011,0,0
3/8/2011,0,0
3/9/2011,0,0
3/10/2011,0,0
3/11/2011,0,0
3/12/2011,0,0
3/13/2011,0,0
3/14/2011,4.95,0.24
3/15/2011,15,0.83
3/16/2011,12.8,0.75
3/17/2011,12.7,0.75
3/18/2011,12.7,0.75
3/19/2011,12.7,0.75
3/20/2011,12.7,0.75
3/21/2011,12.6,0.75
3/22/2011,12.5,0.74
3/23/2011,12.8,0.76
3/24/2011,13,0.76
3/25/2011,13,0.76
3/26/2011,13,0.76
3/27/2011,13,0.76
3/28/2011,13.1,0.77
3/29/2011,12.5,0.74
3/30/2011,12.6,0.75
3/31/2011,15.2,0.83
4/1/2011,23.5,1.11
4/2/2011,23.5,1.11
4/3/2011,23.5,1.11
4/4/2011,23.6,1.11
4/5/2011,23.5,1.11
4/6/2011,23.8,1.12
4/7/2011,23.8,1.12
4/8/2011,23.7,1.11
4/9/2011,23.7,1.11
4/10/2011,23.6,1.11
4/11/2011,23.7,1.11
4/12/2011,23.6,1.11
4/13/2011,23.6,1.11
4/14/2011,23.6,1.11
4/15/2011,23.6,1.11
4/16/2011,23.6,1.11
4/17/2011,23.6,1.11
4/18/2011,23.6,1.11
4/19/2011,23.6,1.11
4/20/2011,23.6,1.11
4/21/2011,23.6,1.11
4/22/2011,23.6,1.11
4/23/2011,23.8,1.12
4/24/2011,24.2,1.13
4/25/2011,24,1.12
4/26/2011,23.9,1.12
4/27/2011,23.9,1.12
4/28/2011,23.9,1.12
4/29/2011,23.9,1.12
4/30/2011,24.4,1.14
5/1/2011,26.5,1.19
5/2/2011,26.5,1.19
5/3/2011,26.4,1.19
5/4/2011,26,1.18
5/5/2011,25.8,1.17
5/6/2011,25.9,1.18
5/7/2011,26.2,1.18
5/8/2011,26,1.18
5/9/2011,26.4,1.19
5/10/2011,25.8,1.17
5/11/2011,18.9,0.97
5/12/2011,18.8,0.96
5/13/2011,24.9,1.15
5/14/2011,25.8,1.17
5/15/2011,26,1.18
5/16/2011,26,1.18
5/17/2011,26.3,1.19
5/18/2011,26.4,1.19
5/19/2011,26.4,1.19
5/20/2011,26.4,1.19
5/21/2011,26.5,1.19
5/22/2011,26.4,1.19
5/23/2011,26.3,1.19
5/24/2011,26.1,1.18
5/25/2011,25.9,1.18
5/26/2011,25.8,1.17
5/27/2011,25.7,1.17
5/28/2011,25.7,1.17
5/29/2011,19.8,0.92
5/30/2011,0.438,0.09
5/31/2011,0.407,0.09
6/1/2011,0.363,0.08
6/2/2011,6.26,0.33
6/3/2011,26.8,1.2
6/4/2011,26.7,1.2
6/5/2011,26.6,1.2
6/6/2011,26.6,1.2
6/7/2011,26.6,1.2
6/8/2011,26.6,1.2
6/9/2011,26.6,1.2
6/10/2011,26.6,1.2
6/11/2011,26.6,1.2
6/12/2011,26.6,1.2
6/13/2011,26.6,1.2
6/14/2011,26.6,1.2
6/15/2011,26.5,1.19
6/16/2011,26.6,1.2
6/17/2011,26.6,1.2
6/18/2011,26.8,1.2
6/19/2011,26.8,1.2
6/20/2011,27.1,1.21
6/21/2011,26.6,1.2
6/22/2011,27.1,1.21
6/23/2011,27.1,1.21
6/24/2011,27.1,1.21
6/25/2011,27.1,1.21
6/26/2011,26.7,1.2
6/27/2011,27.1,1.21
6/28/2011,27,1.21
6/29/2011,26.8,1.2
6/30/2011,26.6,1.2
7/1/2011,26.3,1.19
7/2/2011,26.1,1.18
7/3/2011,26.3,1.19
7/4/2011,26.1,1.18
7/5/2011,26.2,1.18
7/6/2011,26.6,1.2
7/7/2011,26.6,1.2
7/8/2011,26.6,1.2
7/9/2011,26.4,1.19
7/10/2011,26.2,1.18
7/11/2011,26.1,1.18
7/12/2011,26.1,1.18
7/13/2011,26,1.18
7/14/2011,26.5,1.19
7/15/2011,26.5,1.19
7/16/2011,26.5,1.19
7/17/2011,26.4,1.19
7/18/2011,26.4,1.19
7/19/2011,26.2,1.18
7/20/2011,26.4,1.19
7/21/2011,26.4,1.19
7/22/2011,26.4,1.19
7/23/2011,26.3,1.19
7/24/2011,26.4,1.19
7/25/2011,26.3,1.19
7/26/2011,26.1,1.18
7/27/2011,26.3,1.19
7/28/2011,26.1,1.18
7/29/2011,21,0.99
7/30/2011,0.871,0.11
7/31/2011,0.047,0.02
8/1/2011,0.04,0.02
8/2/2011,4.76,0.23
8/3/2011,26.5,1.19
8/4/2011,26.6,1.2
8/5/2011,26.6,1.2
8/6/2011,26.6,1.2
8/7/2011,26.5,1.2
8/8/2011,26.6,1.2
8/9/2011,26.6,1.2
8/10/2011,26.6,1.2
8/11/2011,26.6,1.2
8/12/2011,26.5,1.19
8/13/2011,26.5,1.19
8/14/2011,26.6,1.2
8/15/2011,26.5,1.19
8/16/2011,26.6,1.2
8/17/2011,26.6,1.2
8/18/2011,26.4,1.19
8/19/2011,26.1,1.18
8/20/2011,26,1.18
8/21/2011,26.3,1.19
8/22/2011,26.2,1.19
8/23/2011,26.2,1.18
8/24/2011,26.1,1.18
8/25/2011,26.1,1.18
8/26/2011,26.2,1.18
8/27/2011,26.1,1.18
8/28/2011,26.1,1.18
8/29/2011,26.2,1.18
8/30/2011,26.2,1.19
8/31/2011,25.6,1.17
9/1/2011,23.5,1.11
9/2/2011,23.6,1.11
9/3/2011,23.5,1.11
9/4/2011,23.4,1.1
9/5/2011,23.4,1.1
9/6/2011,23.8,1.12
9/7/2011,23.7,1.11
9/8/2011,23.7,1.11
9/9/2011,23.6,1.11
9/10/2011,23.5,1.11
9/11/2011,23.6,1.11
9/12/2011,23.7,1.11
9/13/2011,23.6,1.11
9/14/2011,23.6,1.11
9/15/2011,23.6,1.11
9/16/2011,23.6,1.11
9/17/2011,24,1.12
9/18/2011,23.7,1.11
9/19/2011,23.6,1.11
9/20/2011,23.8,1.12
9/21/2011,23.7,1.11
9/22/2011,23.6,1.11
9/23/2011,23.5,1.11
9/24/2011,23.5,1.11
9/25/2011,23.4,1.1
9/26/2011,23.4,1.1
9/27/2011,23.4,1.1
9/28/2011,23.5,1.11
9/29/2011,23.5,1.11
9/30/2011,23.5,1.11
10/1/2011,NA,NA
10/2/2011,NA,NA
10/3/2011,26.7,1.2
10/4/2011,26.6,1.2
10/5/2011,26.6,1.2
10/6/2011,26.5,1.19
10/7/2011,26.6,1.2
10/8/2011,26.1,1.18
10/9/2011,26.2,1.18
10/10/2011,26.5,1.19
10/11/2011,26.6,1.2
10/12/2011,26.5,1.19
10/13/2011,26.5,1.19
10/14/2011,26.6,1.2
10/15/2011,26.5,1.19
10/16/2011,26.7,1.2
10/17/2011,26.6,1.2
10/18/2011,26.5,1.19
10/19/2011,26.6,1.2
10/20/2011,26.6,1.2
10/21/2011,26.4,1.19
10/22/2011,26.6,1.2
10/23/2011,26.6,1.2
10/24/2011,26.6,1.2
10/25/2011,26.4,1.19
10/26/2011,26.3,1.19
10/27/2011,26.5,1.19
10/28/2011,26.5,1.19
10/29/2011,26.5,1.19
10/30/2011,26.1,1.18
10/31/2011,21.3,1.01
11/1/2011,1.77,0.14
11/2/2011,0.013,0.01
11/3/2011,0.007,0.01
11/4/2011,0,0
11/5/2011,0,0
11/6/2011,0,0
11/7/2011,0,0
11/8/2011,0,0
11/9/2011,0,0
11/10/2011,0,0
11/11/2011,0,0
11/12/2011,0,0
11/13/2011,0,0
11/14/2011,0,0
11/15/2011,0,0
11/16/2011,0,0
11/17/2011,0,0
11/18/2011,0,0
11/19/2011,0,0
11/20/2011,0,0
11/21/2011,0,0
11/22/2011,0,0
11/23/2011,0,0
11/24/2011,0,0
11/25/2011,0,0
11/26/2011,0,0
11/27/2011,0,0
11/28/2011,0,0
11/29/2011,0,0
11/30/2011,0,0
12/1/2011,0,0
12/2/2011,0,0
12/3/2011,0,0
12/4/2011,0,0
12/5/2011,0,0
12/6/2011,0,0
12/7/2011,0,0
12/8/2011,0,0
12/9/2011,0,0
12/10/2011,0,0
12/11/2011,0,0
12/12/2011,0,0
12/13/2011,0,0
12/14/2011,0,0
12/15/2011,0,0
12/16/2011,0,0
12/17/2011,0,0
12/18/2011,0,0
12/19/2011,0,0
12/20/2011,0,0
12/21/2011,0,0
12/22/2011,0,0
12/23/2011,0,0
12/24/2011,0,0
12/25/2011,0,0
12/26/2011,0,0
12/27/2011,0,0
12/28/2011,0,0
12/29/2011,0,0
12/30/2011,0,0
12/31/2011,0,0
1/1/2012,0,0
1/2/2012,0,0
1/3/2012,0,0
1/4/2012,0,0
1/5/2012,0,0
1/6/2012,0,0
1/7/2012,0,0
1/8/2012,0,0
1/9/2012,0,0
1/10/2012,0,0
1/11/2012,0,0
1/12/2012,0,0
1/13/2012,0,0
1/14/2012,0,0
1/15/2012,0,0
1/16/2012,0,0
1/17/2012,0,0
1/18/2012,0,0
1/19/2012,0,0
1/20/2012,0,0
1/21/2012,0,0
1/22/2012,0,0
1/23/2012,0,0
1/24/2012,0,0
1/25/2012,0,0
1/26/2012,0,0
1/27/2012,0,0
1/28/2012,0,0
1/29/2012,0,0
1/30/2012,0,0
1/31/2012,0,0
2/1/2012,0.006,0
2/2/2012,0.013,0.01
2/3/2012,0.013,0.01
2/4/2012,0.013,0.01
2/5/2012,0.013,0.01
2/6/2012,0.013,0.01
2/7/2012,0.013,0.01
2/8/2012,0.013,0.01
2/9/2012,0.013,0.01
2/10/2012,0.013,0.01
2/11/2012,0.013,0.01
2/12/2012,0.013,0.01
2/13/2012,0.013,0.01
2/14/2012,0.013,0.01
2/15/2012,0.013,0.01
2/16/2012,0.013,0.01
2/17/2012,0.013,0.01
2/18/2012,0.013,0.01
2/19/2012,0.013,0.01
2/20/2012,0.013,0.01
2/21/2012,0.013,0.01
2/22/2012,0.013,0.01
2/23/2012,0.013,0.01
2/24/2012,0.013,0.01
