date,q.flycanco,h.flycanco
3/1/1999,158,1.03
3/2/1999,115,0.85
3/3/1999,110,0.82
3/4/1999,107,0.81
3/5/1999,196,1.18
3/6/1999,165,1.06
3/7/1999,122,0.88
3/8/1999,171,1.08
3/9/1999,133,0.92
3/10/1999,110,0.82
3/11/1999,104,0.8
3/12/1999,80.6,0.57
3/13/1999,1.89,0.04
3/14/1999,2.57,0.06
3/15/1999,175,1.07
3/16/1999,243,1.35
3/17/1999,265,1.42
3/18/1999,219,1.27
3/19/1999,215,1.25
3/20/1999,183,1.13
3/21/1999,190,1.16
3/22/1999,202,1.2
3/23/1999,202,1.21
3/24/1999,224,1.28
3/25/1999,192,1.17
3/26/1999,159,1.04
3/27/1999,158,1.03
3/28/1999,161,1.05
3/29/1999,164,1.06
3/30/1999,166,1.06
3/31/1999,183,1.13
4/1/1999,158,1.03
4/2/1999,161,1.04
4/3/1999,193,1.17
4/4/1999,238,1.33
4/5/1999,362,1.73
4/6/1999,346,1.67
4/7/1999,374,1.77
4/8/1999,274,1.46
4/9/1999,257,1.4
4/10/1999,388,1.81
4/11/1999,474,2.05
4/12/1999,488,2.08
4/13/1999,617,2.4
4/14/1999,467,2.03
4/15/1999,435,1.95
4/16/1999,407,1.87
4/17/1999,392,1.82
4/18/1999,387,1.81
4/19/1999,371,1.76
4/20/1999,334,1.65
4/21/1999,312,1.58
4/22/1999,243,1.35
4/23/1999,261,1.41
4/24/1999,667,2.51
4/25/1999,885,3.03
4/26/1999,753,2.74
4/27/1999,600,2.38
4/28/1999,524,2.18
4/29/1999,1070,3.4
4/30/1999,683,2.54
5/1/1999,433,1.92
5/2/1999,536,2.21
5/3/1999,240,1.32
5/4/1999,71.9,0.62
5/5/1999,15,0.23
5/6/1999,7.17,0.13
5/7/1999,42.2,0.35
5/8/1999,307,1.37
5/9/1999,576,2.32
5/10/1999,658,2.52
5/11/1999,877,3
5/12/1999,1040,3.36
5/13/1999,1060,3.39
5/14/1999,1050,3.37
5/15/1999,1040,3.35
5/16/1999,1040,3.35
5/17/1999,949,3.17
5/18/1999,1070,3.42
5/19/1999,1110,3.5
5/20/1999,1130,3.53
5/21/1999,1120,3.51
5/22/1999,1060,3.39
5/23/1999,1010,3.29
5/24/1999,1060,3.39
5/25/1999,1040,3.36
5/26/1999,1000,3.28
5/27/1999,1030,3.33
5/28/1999,1130,3.54
5/29/1999,1090,3.46
5/30/1999,1010,3.29
5/31/1999,1010,3.3
6/1/1999,1060,3.4
6/2/1999,1140,3.55
6/3/1999,1110,3.5
6/4/1999,1160,3.6
6/5/1999,1190,3.64
6/6/1999,1200,3.66
6/7/1999,1190,3.66
6/8/1999,1170,3.6
6/9/1999,978,3.23
6/10/1999,975,3.22
6/11/1999,916,3.09
6/12/1999,1140,3.56
6/13/1999,1110,3.48
6/14/1999,1170,3.6
6/15/1999,1150,3.58
6/16/1999,1170,3.61
6/17/1999,1150,3.57
6/18/1999,1150,3.57
6/19/1999,1180,3.62
6/20/1999,1200,3.67
6/21/1999,1200,3.67
6/22/1999,1150,3.56
6/23/1999,1010,3.3
6/24/1999,1100,3.48
6/25/1999,1170,3.62
6/26/1999,1210,3.69
6/27/1999,1210,3.69
6/28/1999,1230,3.72
6/29/1999,1250,3.76
6/30/1999,1220,3.7
7/1/1999,1160,3.59
7/2/1999,1010,3.28
7/3/1999,935,3.14
7/4/1999,936,3.14
7/5/1999,936,3.14
7/6/1999,869,3
7/7/1999,872,3
7/8/1999,928,3.12
7/9/1999,935,3.14
7/10/1999,837,2.93
7/11/1999,674,2.55
7/12/1999,611,2.4
7/13/1999,698,2.61
7/14/1999,769,2.78
7/15/1999,827,2.91
7/16/1999,886,3.03
7/17/1999,1060,3.4
7/18/1999,1200,3.66
7/19/1999,1230,3.72
7/20/1999,1210,3.68
7/21/1999,1190,3.64
7/22/1999,1200,3.66
7/23/1999,1190,3.65
7/24/1999,1040,3.36
7/25/1999,828,2.9
7/26/1999,645,2.48
7/27/1999,835,2.92
7/28/1999,798,2.84
7/29/1999,743,2.72
7/30/1999,713,2.65
7/31/1999,796,2.84
8/1/1999,988,3.25
8/2/1999,1140,3.56
8/3/1999,1130,3.54
8/4/1999,1240,3.75
8/5/1999,1450,4.13
8/6/1999,1260,3.77
8/7/1999,1060,3.39
8/8/1999,949,3.17
8/9/1999,919,3.1
8/10/1999,899,3.06
8/11/1999,940,3.15
8/12/1999,1170,3.62
8/13/1999,1200,3.66
8/14/1999,1150,3.58
8/15/1999,1110,3.49
8/16/1999,1000,3.28
8/17/1999,906,3.08
8/18/1999,829,2.91
8/19/1999,1020,3.31
8/20/1999,1120,3.52
8/21/1999,1190,3.65
8/22/1999,1140,3.56
8/23/1999,1030,3.34
8/24/1999,1050,3.38
8/25/1999,1110,3.49
8/26/1999,1140,3.56
8/27/1999,1130,3.54
8/28/1999,1110,3.5
8/29/1999,1100,3.47
8/30/1999,1160,3.58
8/31/1999,1030,3.34
9/1/1999,985,3.24
9/2/1999,851,2.96
9/3/1999,711,2.64
9/4/1999,717,2.66
9/5/1999,777,2.79
9/6/1999,169,-331.17
9/7/1999,145,-331.23
9/8/1999,385,-179.51
9/9/1999,NA,NA
9/10/1999,405,1.61
9/11/1999,572,2.31
9/12/1999,546,2.24
9/13/1999,557,2.27
9/14/1999,632,2.46
9/15/1999,611,2.41
9/16/1999,652,2.51
9/17/1999,679,2.57
9/18/1999,712,2.65
9/19/1999,696,2.61
9/20/1999,666,2.54
9/21/1999,655,2.51
9/22/1999,671,2.55
9/23/1999,663,2.53
9/24/1999,659,2.52
9/25/1999,574,2.31
9/26/1999,569,2.3
9/27/1999,538,2.22
9/28/1999,520,2.17
9/29/1999,538,2.22
9/30/1999,512,2.15
10/1/1999,484,2.08
10/2/1999,400,1.84
10/3/1999,363,1.74
10/4/1999,356,1.71
10/5/1999,307,1.57
10/6/1999,306,1.56
10/7/1999,294,1.52
10/8/1999,287,1.5
10/9/1999,258,1.4
10/10/1999,327,1.63
10/11/1999,374,1.77
10/12/1999,362,1.73
10/13/1999,336,1.65
10/14/1999,327,1.63
10/15/1999,355,1.71
10/16/1999,447,1.98
10/17/1999,471,2.04
10/18/1999,477,2.06
10/19/1999,513,2.16
10/20/1999,554,2.26
10/21/1999,520,2.18
10/22/1999,549,2.25
10/23/1999,543,2.23
10/24/1999,497,2.12
10/25/1999,449,1.98
10/26/1999,378,1.78
10/27/1999,346,1.69
10/28/1999,345,1.68
10/29/1999,493,2.1
10/30/1999,510,2.14
10/31/1999,532,2.19
11/1/1999,573,2.31
11/2/1999,577,2.32
11/3/1999,551,2.25
11/4/1999,530,2.2
11/5/1999,574,2.31
11/6/1999,572,2.31
11/7/1999,576,2.32
11/8/1999,584,2.34
11/9/1999,387,1.57
11/10/1999,577,2.32
11/11/1999,593,2.36
11/12/1999,613,2.41
11/13/1999,632,2.46
11/14/1999,623,2.43
11/15/1999,688,2.59
11/16/1999,624,2.43
11/17/1999,303,1.55
11/18/1999,246,1.36
11/19/1999,213,1.24
11/20/1999,203,1.21
11/21/1999,191,1.16
11/22/1999,192,1.17
11/23/1999,219,1.27
11/24/1999,310,1.57
11/25/1999,340,1.67
11/26/1999,329,1.63
11/27/1999,311,1.58
11/28/1999,297,1.53
11/29/1999,321,1.61
11/30/1999,423,1.82
12/1/1999,443,1.95
12/2/1999,284,1.49
12/3/1999,343,1.68
12/4/1999,428,1.93
12/5/1999,438,1.95
12/6/1999,434,1.94
12/7/1999,397,1.84
12/8/1999,421,1.9
12/9/1999,473,2.05
12/10/1999,473,2.05
12/11/1999,413,1.88
12/12/1999,371,1.76
12/13/1999,346,1.68
12/14/1999,330,1.64
12/15/1999,324,1.62
12/16/1999,296,1.52
12/17/1999,310,1.58
12/18/1999,300,1.53
12/19/1999,306,1.56
12/20/1999,288,1.5
12/21/1999,287,1.5
12/22/1999,292,1.51
12/23/1999,276,1.46
12/24/1999,240,1.33
12/25/1999,233,1.31
12/26/1999,244,1.36
12/27/1999,253,1.39
12/28/1999,253,1.39
12/29/1999,275,1.46
12/30/1999,314,1.59
12/31/1999,329,1.63
1/1/2000,341,1.67
1/2/2000,316,1.57
1/3/2000,321,1.61
1/4/2000,312,1.58
1/5/2000,NA,NA
1/6/2000,391,1.82
1/7/2000,411,1.88
1/8/2000,391,1.81
1/9/2000,402,1.85
1/10/2000,403,1.85
1/11/2000,408,1.87
1/12/2000,382,1.78
1/13/2000,403,1.85
1/14/2000,413,1.88
1/15/2000,326,1.88
1/16/2000,339,1.62
1/17/2000,288,1.86
1/18/2000,320,1.86
1/19/2000,401,1.85
1/20/2000,361,1.71
1/21/2000,391,1.81
1/22/2000,587,2.35
1/23/2000,622,2.43
1/24/2000,NA,NA
1/25/2000,NA,NA
1/26/2000,625,2.44
1/27/2000,592,2.32
1/28/2000,595,2.37
1/29/2000,567,2.27
1/30/2000,541,2.2
1/31/2000,499,2.08
2/1/2000,636,2.47
2/2/2000,629,2.45
2/3/2000,612,2.41
2/4/2000,408,1.85
2/5/2000,313,1.58
2/6/2000,313,1.58
2/7/2000,285,1.47
2/8/2000,171,0.92
2/9/2000,0.13,0
2/10/2000,-150.5,22.13
2/11/2000,119,0.83
2/12/2000,46.6,0.48
2/13/2000,59.1,0.56
2/14/2000,-286.7,31.32
2/15/2000,NA,99.36
2/16/2000,NA,99.35
2/17/2000,NA,99.35
2/18/2000,NA,99.35
2/19/2000,NA,99.35
2/20/2000,NA,99.35
2/21/2000,-810.8,81.86
2/22/2000,138,0.92
2/23/2000,167,1.07
2/24/2000,161,1.05
2/25/2000,148,0.99
2/26/2000,134,0.93
2/27/2000,128,0.9
2/28/2000,129,0.91
2/29/2000,104,0.79
3/1/2000,166,1.06
3/2/2000,164,1.06
3/3/2000,196,1.18
3/4/2000,219,1.26
3/5/2000,271,1.45
3/6/2000,264,1.42
3/7/2000,232,1.31
3/8/2000,273,1.45
3/9/2000,167,1.07
3/10/2000,247,1.36
3/11/2000,206,1.22
3/12/2000,186,1.14
3/13/2000,231,1.31
3/14/2000,212,1.24
3/15/2000,203,1.21
3/16/2000,297,1.52
3/17/2000,445,1.97
3/18/2000,580,2.32
3/19/2000,784,2.81
3/20/2000,783,2.81
3/21/2000,683,2.57
3/22/2000,742,2.72
3/23/2000,651,2.5
3/24/2000,525,2.19
3/25/2000,525,2.19
3/26/2000,481,2.07
3/27/2000,467,2.03
3/28/2000,458,2.01
3/29/2000,NA,NA
3/30/2000,NA,NA
3/31/2000,NA,NA
4/1/2000,NA,NA
4/2/2000,NA,NA
4/3/2000,NA,NA
4/4/2000,NA,NA
4/5/2000,NA,NA
4/6/2000,NA,NA
4/7/2000,NA,NA
4/8/2000,NA,NA
4/9/2000,NA,NA
4/10/2000,720,2.67
4/11/2000,746,2.72
4/12/2000,887,3.04
4/13/2000,815,2.88
4/14/2000,787,2.82
4/15/2000,899,3.05
4/16/2000,1060,3.39
4/17/2000,692,2.59
4/18/2000,572,2.31
4/19/2000,679,2.57
4/20/2000,714,2.65
4/21/2000,682,2.58
4/22/2000,631,2.45
4/23/2000,585,2.34
4/24/2000,667,2.54
4/25/2000,757,2.75
4/26/2000,738,2.71
4/27/2000,732,2.69
4/28/2000,708,2.64
4/29/2000,563,2.28
4/30/2000,554,2.26
5/1/2000,661,2.53
5/2/2000,766,2.77
5/3/2000,808,2.86
5/4/2000,755,2.75
5/5/2000,549,2.25
5/6/2000,474,2.05
5/7/2000,460,2.02
5/8/2000,615,2.41
5/9/2000,819,2.89
5/10/2000,1020,3.31
5/11/2000,1050,3.37
5/12/2000,807,2.86
5/13/2000,727,2.67
5/14/2000,933,3.13
5/15/2000,938,3.14
5/16/2000,932,3.13
5/17/2000,870,3
5/18/2000,895,3.05
5/19/2000,892,3.04
5/20/2000,904,3.07
5/21/2000,1050,3.36
5/22/2000,892,3.05
5/23/2000,702,2.62
5/24/2000,627,2.44
5/25/2000,654,2.51
5/26/2000,753,2.72
5/27/2000,846,2.95
5/28/2000,1000,3.24
5/29/2000,962,3.19
5/30/2000,499,2.11
5/31/2000,784,2.79
6/1/2000,1170,3.6
6/2/2000,955,3.17
6/3/2000,766,2.77
6/4/2000,921,3.1
6/5/2000,789,2.82
6/6/2000,764,2.77
6/7/2000,922,3.1
6/8/2000,801,2.85
6/9/2000,682,2.58
6/10/2000,751,2.74
6/11/2000,762,2.76
6/12/2000,757,2.75
6/13/2000,718,2.66
6/14/2000,598,2.39
6/15/2000,613,2.41
6/16/2000,743,2.72
6/17/2000,658,2.52
6/18/2000,638,2.47
6/19/2000,616,2.42
6/20/2000,691,2.6
6/21/2000,688,2.59
6/22/2000,635,2.46
6/23/2000,593,2.36
6/24/2000,586,2.34
6/25/2000,616,2.42
6/26/2000,697,2.61
6/27/2000,748,2.73
6/28/2000,749,2.73
6/29/2000,762,2.76
6/30/2000,658,2.51
7/1/2000,501,2.12
7/2/2000,427,1.92
7/3/2000,365,1.74
7/4/2000,231,1.31
7/5/2000,208,1.22
7/6/2000,393,1.81
7/7/2000,662,2.53
7/8/2000,681,2.57
7/9/2000,621,2.43
7/10/2000,579,2.33
7/11/2000,621,2.43
7/12/2000,609,2.4
7/13/2000,624,2.42
7/14/2000,570,2.3
7/15/2000,434,1.94
7/16/2000,517,2.16
7/17/2000,716,2.65
7/18/2000,807,2.86
7/19/2000,1100,3.47
7/20/2000,1100,3.48
7/21/2000,1070,3.41
7/22/2000,862,2.98
7/23/2000,707,2.63
7/24/2000,576,2.32
7/25/2000,519,2.17
7/26/2000,482,2.07
7/27/2000,488,2.09
7/28/2000,468,2.04
7/29/2000,554,2.26
7/30/2000,654,2.51
7/31/2000,572,2.3
8/1/2000,587,2.34
8/2/2000,600,2.38
8/3/2000,521,2.18
8/4/2000,456,2
8/5/2000,508,2.14
8/6/2000,578,2.32
8/7/2000,536,2.22
8/8/2000,517,2.17
8/9/2000,517,2.17
8/10/2000,517,2.17
8/11/2000,496,2.11
8/12/2000,427,1.92
8/13/2000,437,1.95
8/14/2000,377,1.78
8/15/2000,354,1.71
8/16/2000,405,1.86
8/17/2000,411,1.87
8/18/2000,525,2.18
8/19/2000,766,2.76
8/20/2000,779,2.8
8/21/2000,645,2.49
8/22/2000,592,2.36
8/23/2000,541,2.23
8/24/2000,540,2.23
8/25/2000,516,2.16
8/26/2000,521,2.18
8/27/2000,468,2.04
8/28/2000,617,2.41
8/29/2000,581,2.33
8/30/2000,600,2.37
8/31/2000,840,2.93
9/1/2000,561,2.27
9/2/2000,402,1.85
9/3/2000,328,1.63
9/4/2000,269,1.44
9/5/2000,229,1.3
9/6/2000,160,1.04
9/7/2000,154,1.02
9/8/2000,165,1.06
9/9/2000,165,1.06
9/10/2000,165,1.06
9/11/2000,166,1.06
9/12/2000,166,1.07
9/13/2000,164,1.06
9/14/2000,164,1.06
9/15/2000,148,0.99
9/16/2000,157,1.03
9/17/2000,166,1.07
9/18/2000,167,1.07
9/19/2000,164,1.06
9/20/2000,164,1.06
9/21/2000,166,1.06
9/22/2000,164,1.06
9/23/2000,166,1.06
9/24/2000,166,1.06
9/25/2000,166,1.06
9/26/2000,166,1.06
9/27/2000,165,1.06
9/28/2000,162,1.05
9/29/2000,155,1.02
9/30/2000,161,1.05
10/1/2000,162,1.05
10/2/2000,162,1.05
10/3/2000,162,1.05
10/4/2000,161,1.05
10/5/2000,162,1.05
10/6/2000,164,1.06
10/7/2000,164,1.06
10/8/2000,166,1.07
10/9/2000,168,1.07
10/10/2000,168,1.07
10/11/2000,168,1.07
10/12/2000,166,1.07
10/13/2000,165,1.06
10/14/2000,163,1.05
10/15/2000,162,1.05
10/16/2000,164,1.06
10/17/2000,161,1.04
10/18/2000,160,1.04
10/19/2000,164,1.06
10/20/2000,161,1.05
10/21/2000,155,1.02
10/22/2000,171,1.09
10/23/2000,204,1.21
10/24/2000,184,1.13
10/25/2000,165,1.06
10/26/2000,165,1.06
10/27/2000,165,1.06
10/28/2000,165,1.06
10/29/2000,166,1.07
10/30/2000,319,1.58
10/31/2000,440,1.96
11/1/2000,430,1.93
11/2/2000,409,1.87
11/3/2000,406,1.86
11/4/2000,382,1.79
11/5/2000,394,1.83
11/6/2000,487,2.09
11/7/2000,524,2.19
11/8/2000,524,2.19
11/9/2000,464,2.02
11/10/2000,399,1.84
11/11/2000,403,1.86
11/12/2000,412,1.88
11/13/2000,472,2.05
11/14/2000,477,2.06
11/15/2000,-572.5,59.07
11/16/2000,NA,99.18
11/17/2000,NA,99.27
11/18/2000,NA,99.32
11/19/2000,NA,99.31
11/20/2000,NA,99.3
11/21/2000,NA,99.26
11/22/2000,NA,99.22
11/23/2000,NA,99.16
11/24/2000,NA,99.16
11/25/2000,NA,99.16
11/26/2000,NA,99.15
11/27/2000,NA,99.21
11/28/2000,NA,99.18
11/29/2000,NA,99.15
11/30/2000,NA,99.15
12/1/2000,NA,99.15
12/2/2000,NA,99.15
12/3/2000,NA,99.15
12/4/2000,NA,99.15
12/5/2000,NA,99.15
12/6/2000,NA,99.15
12/7/2000,NA,99.15
12/8/2000,NA,99.15
12/9/2000,NA,99.15
12/10/2000,NA,99.15
12/11/2000,NA,99.16
12/12/2000,NA,99.17
12/13/2000,NA,99.17
12/14/2000,NA,99.17
12/15/2000,NA,99.17
12/16/2000,NA,99.16
12/17/2000,NA,99.15
12/18/2000,NA,99.14
12/19/2000,NA,99.14
12/20/2000,NA,99.2
12/21/2000,NA,99.15
12/22/2000,NA,99.15
12/23/2000,NA,99.15
12/24/2000,NA,99.15
12/25/2000,NA,99.15
12/26/2000,NA,99.16
12/27/2000,NA,99.16
12/28/2000,NA,99.15
12/29/2000,NA,99.14
12/30/2000,NA,99.14
12/31/2000,NA,99.14
1/1/2001,NA,99.14
1/2/2001,NA,99.14
1/3/2001,NA,99.14
1/4/2001,NA,99.14
1/5/2001,NA,99.14
1/6/2001,NA,99.14
1/7/2001,NA,99.14
1/8/2001,NA,99.14
1/9/2001,NA,99.14
1/10/2001,NA,99.14
1/11/2001,NA,99.14
1/12/2001,NA,NA
1/13/2001,NA,NA
1/14/2001,NA,NA
1/15/2001,NA,NA
1/16/2001,NA,NA
1/17/2001,NA,NA
1/18/2001,NA,NA
1/19/2001,NA,NA
1/20/2001,NA,NA
1/21/2001,NA,NA
1/22/2001,NA,NA
1/23/2001,NA,NA
1/24/2001,NA,NA
1/25/2001,NA,NA
1/26/2001,NA,NA
1/27/2001,NA,NA
1/28/2001,NA,NA
1/29/2001,NA,NA
1/30/2001,NA,NA
1/31/2001,NA,NA
2/1/2001,NA,NA
2/2/2001,NA,NA
2/3/2001,NA,NA
2/4/2001,NA,NA
2/5/2001,NA,NA
2/6/2001,NA,NA
2/7/2001,NA,NA
2/8/2001,NA,NA
2/9/2001,NA,NA
2/10/2001,NA,NA
2/11/2001,NA,NA
2/12/2001,NA,NA
2/13/2001,NA,NA
2/14/2001,NA,NA
2/15/2001,NA,NA
2/16/2001,NA,NA
2/17/2001,NA,NA
2/18/2001,NA,NA
2/19/2001,NA,NA
2/20/2001,NA,NA
2/21/2001,NA,NA
2/22/2001,NA,NA
2/23/2001,NA,NA
2/24/2001,NA,NA
2/25/2001,NA,NA
2/26/2001,NA,NA
2/27/2001,NA,NA
2/28/2001,NA,NA
3/1/2001,NA,NA
3/2/2001,NA,NA
3/3/2001,NA,NA
3/4/2001,NA,NA
3/5/2001,NA,NA
3/6/2001,NA,NA
3/7/2001,NA,NA
3/8/2001,NA,NA
3/9/2001,NA,NA
3/10/2001,NA,NA
3/11/2001,NA,NA
3/12/2001,NA,NA
3/13/2001,NA,NA
3/14/2001,-508.3,50.44
3/15/2001,-125.4,22.46
3/16/2001,273,1.45
3/17/2001,163,0.86
3/18/2001,-437.1,43.75
3/19/2001,-206.8,31.94
3/20/2001,147,0.99
3/21/2001,235,1.32
3/22/2001,292,1.52
3/23/2001,305,1.56
3/24/2001,272,1.45
3/25/2001,299,1.54
3/26/2001,276,1.46
3/27/2001,292,1.51
3/28/2001,312,1.58
3/29/2001,295,1.52
3/30/2001,271,1.45
3/31/2001,285,1.49
4/1/2001,328,1.63
4/2/2001,279,1.47
4/3/2001,233,1.32
4/4/2001,183,1.13
4/5/2001,172,1.09
4/6/2001,179,1.11
4/7/2001,280,1.48
4/8/2001,285,1.49
4/9/2001,292,1.52
4/10/2001,313,1.58
4/11/2001,430,1.92
4/12/2001,604,2.39
4/13/2001,534,2.21
4/14/2001,468,2.03
4/15/2001,398,1.84
4/16/2001,322,1.61
4/17/2001,328,1.63
4/18/2001,356,1.72
4/19/2001,421,1.9
4/20/2001,399,1.84
4/21/2001,349,1.7
4/22/2001,353,1.71
4/23/2001,383,1.8
4/24/2001,367,1.75
4/25/2001,354,1.71
4/26/2001,354,1.71
4/27/2001,353,1.71
4/28/2001,354,1.71
4/29/2001,354,1.71
4/30/2001,339,1.66
5/1/2001,325,1.62
5/2/2001,341,1.67
5/3/2001,267,1.43
5/4/2001,173,1.09
5/5/2001,286,1.46
5/6/2001,627,2.44
5/7/2001,725,2.68
5/8/2001,516,2.16
5/9/2001,559,2.27
5/10/2001,536,2.22
5/11/2001,465,2.03
5/12/2001,469,2.04
5/13/2001,436,1.95
5/14/2001,368,1.75
5/15/2001,326,1.62
5/16/2001,342,1.66
5/17/2001,883,3.03
5/18/2001,928,3.12
5/19/2001,932,3.13
5/20/2001,932,3.13
5/21/2001,887,3.04
5/22/2001,914,3.09
5/23/2001,777,2.8
5/24/2001,759,2.75
5/25/2001,759,2.76
5/26/2001,766,2.77
5/27/2001,765,2.77
5/28/2001,809,2.87
5/29/2001,691,2.59
5/30/2001,640,2.47
5/31/2001,782,2.8
6/1/2001,862,2.98
6/2/2001,752,2.74
6/3/2001,668,2.54
6/4/2001,515,2.16
6/5/2001,484,2.08
6/6/2001,543,2.23
6/7/2001,509,2.11
6/8/2001,-342.6,42.93
6/9/2001,141,0.9
6/10/2001,251,1.27
6/11/2001,366,1.75
6/12/2001,441,1.96
6/13/2001,577,2.32
6/14/2001,690,2.59
6/15/2001,804,2.86
6/16/2001,751,2.74
6/17/2001,735,2.7
6/18/2001,820,2.89
6/19/2001,717,2.66
6/20/2001,614,2.41
6/21/2001,608,2.39
6/22/2001,587,2.3
6/23/2001,830,2.9
6/24/2001,627,2.44
6/25/2001,515,2.16
6/26/2001,412,1.88
6/27/2001,417,1.89
6/28/2001,455,2
6/29/2001,510,2.15
6/30/2001,641,2.48
7/1/2001,645,2.48
7/2/2001,533,2.21
7/3/2001,457,2.01
7/4/2001,400,1.84
7/5/2001,370,1.76
7/6/2001,367,1.75
7/7/2001,364,1.74
7/8/2001,359,1.72
7/9/2001,355,1.71
7/10/2001,323,1.62
7/11/2001,303,1.55
7/12/2001,376,1.78
7/13/2001,366,1.75
7/14/2001,367,1.75
7/15/2001,725,2.65
7/16/2001,962,3.2
7/17/2001,943,3.15
7/18/2001,531,2.16
7/19/2001,366,1.75
7/20/2001,372,1.76
7/21/2001,370,1.76
7/22/2001,366,1.75
7/23/2001,366,1.75
7/24/2001,367,1.75
7/25/2001,365,1.74
7/26/2001,367,1.75
7/27/2001,382,1.79
7/28/2001,553,2.26
7/29/2001,645,2.49
7/30/2001,507,2.14
7/31/2001,326,1.62
8/1/2001,338,1.66
8/2/2001,368,1.75
8/3/2001,365,1.74
8/4/2001,365,1.74
8/5/2001,363,1.74
8/6/2001,363,1.74
8/7/2001,364,1.74
8/8/2001,362,1.73
8/9/2001,363,1.74
8/10/2001,362,1.73
8/11/2001,369,1.75
8/12/2001,432,1.93
8/13/2001,375,1.77
8/14/2001,384,1.8
8/15/2001,365,1.74
8/16/2001,367,1.75
8/17/2001,367,1.75
8/18/2001,369,1.75
8/19/2001,370,1.76
8/20/2001,370,1.76
8/21/2001,367,1.75
8/22/2001,352,1.7
8/23/2001,300,1.54
8/24/2001,248,1.37
8/25/2001,223,1.28
8/26/2001,288,1.5
8/27/2001,261,1.37
8/28/2001,166,1.06
8/29/2001,164,1.06
8/30/2001,165,1.06
8/31/2001,164,1.06
9/1/2001,161,1.04
9/2/2001,177,1.11
9/3/2001,170,1.07
9/4/2001,164,1.06
9/5/2001,165,1.06
9/6/2001,164,1.06
9/7/2001,163,1.05
9/8/2001,160,1.04
9/9/2001,163,1.05
9/10/2001,165,1.06
9/11/2001,165,1.06
9/12/2001,164,1.06
9/13/2001,160,1.04
9/14/2001,149,1
9/15/2001,144,0.97
9/16/2001,161,1.04
9/17/2001,163,1.05
9/18/2001,164,1.05
9/19/2001,163,1.05
9/20/2001,161,1.04
9/21/2001,161,1.05
9/22/2001,164,1.06
9/23/2001,154,1.02
9/24/2001,149,1
9/25/2001,141,0.96
9/26/2001,150,1
9/27/2001,182,1.13
9/28/2001,167,1.07
9/29/2001,164,1.06
9/30/2001,165,1.06
10/1/2001,165,1.06
10/2/2001,164,1.06
10/3/2001,155,1.02
10/4/2001,152,1.01
10/5/2001,163,1.05
10/6/2001,176,1.1
10/7/2001,168,1.07
10/8/2001,168,1.07
10/9/2001,165,1.06
10/10/2001,94.8,35.72
10/11/2001,169,1.08
10/12/2001,165,1.06
10/13/2001,169,1.08
10/14/2001,169,1.08
10/15/2001,168,1.07
10/16/2001,165,1.06
10/17/2001,167,1.07
10/18/2001,167,1.07
10/19/2001,159,1.04
10/20/2001,162,1.05
10/21/2001,172,1.09
10/22/2001,162,1.05
10/23/2001,166,1.07
10/24/2001,167,1.07
10/25/2001,164,1.06
10/26/2001,164,1.06
10/27/2001,165,1.06
10/28/2001,164,1.06
10/29/2001,165,1.06
10/30/2001,167,1.07
10/31/2001,166,1.06
11/1/2001,186,1.14
11/2/2001,222,1.28
11/3/2001,252,1.38
11/4/2001,265,1.43
11/5/2001,266,1.43
11/6/2001,264,1.42
11/7/2001,260,1.41
11/8/2001,269,1.44
11/9/2001,328,1.63
11/10/2001,411,1.88
11/11/2001,458,2.01
11/12/2001,434,1.94
11/13/2001,402,1.85
11/14/2001,384,1.8
11/15/2001,384,1.8
11/16/2001,428,1.92
11/17/2001,438,1.95
11/18/2001,352,1.7
11/19/2001,74.4,0.5
11/20/2001,2.64,0.07
11/21/2001,1.07,0.03
11/22/2001,-572.3,57.29
11/23/2001,NA,99.99
11/24/2001,NA,99.97
11/25/2001,NA,99.95
11/26/2001,NA,99.94
11/27/2001,-353.7,39.93
11/28/2001,57.2,4.02
11/29/2001,-489.1,51.97
11/30/2001,NA,99.26
12/1/2001,NA,99.24
12/2/2001,NA,99.24
12/3/2001,NA,99.15
12/4/2001,NA,99.1
12/5/2001,NA,99.1
12/6/2001,NA,99.1
12/7/2001,NA,99.1
12/8/2001,NA,99.1
12/9/2001,NA,99.1
12/10/2001,NA,99.1
12/11/2001,NA,99.1
12/12/2001,NA,99.1
12/13/2001,NA,99.1
12/14/2001,NA,99.15
12/15/2001,NA,99.12
12/16/2001,NA,99.12
12/17/2001,NA,99.12
12/18/2001,NA,99.12
12/19/2001,NA,99.12
12/20/2001,NA,99.12
12/21/2001,NA,99.12
12/22/2001,NA,99.12
12/23/2001,NA,99.11
12/24/2001,NA,99.11
12/25/2001,NA,99.12
12/26/2001,NA,99.12
12/27/2001,NA,99.12
12/28/2001,NA,99.13
12/29/2001,NA,99.12
12/30/2001,NA,99.13
12/31/2001,NA,99.14
1/1/2002,NA,99.15
1/2/2002,NA,99.15
1/3/2002,NA,99.15
1/4/2002,NA,99.15
1/5/2002,NA,99.15
1/6/2002,NA,99.15
1/7/2002,NA,99.15
1/8/2002,NA,99.14
1/9/2002,NA,99.12
1/10/2002,NA,99.1
1/11/2002,NA,99.09
1/12/2002,NA,99.09
1/13/2002,NA,99.09
1/14/2002,NA,99.09
1/15/2002,NA,99.09
1/16/2002,NA,99.1
1/17/2002,NA,99.11
1/18/2002,NA,99.12
1/19/2002,NA,99.12
1/20/2002,NA,99.12
1/21/2002,NA,99.12
1/22/2002,NA,99.12
1/23/2002,NA,99.12
1/24/2002,NA,99.12
1/25/2002,NA,99.12
1/26/2002,NA,99.12
1/27/2002,NA,99.11
1/28/2002,NA,99.1
1/29/2002,NA,99.09
1/30/2002,NA,99.09
1/31/2002,NA,99.09
2/1/2002,NA,99.1
2/2/2002,NA,99.1
2/3/2002,NA,99.1
2/4/2002,NA,99.1
2/5/2002,NA,99.1
2/6/2002,NA,99.1
2/7/2002,NA,99.1
2/8/2002,NA,99.1
2/9/2002,NA,99.09
2/10/2002,NA,99.09
2/11/2002,NA,99.09
2/12/2002,NA,99.09
2/13/2002,NA,99.09
2/14/2002,NA,99.09
2/15/2002,NA,99.08
2/16/2002,NA,99.09
2/17/2002,NA,99.09
2/18/2002,NA,99.08
2/19/2002,NA,99.08
2/20/2002,NA,99.08
2/21/2002,NA,99.08
2/22/2002,NA,99.08
2/23/2002,NA,99.08
2/24/2002,NA,99.08
2/25/2002,NA,99.08
2/26/2002,NA,99.09
2/27/2002,NA,99.11
2/28/2002,NA,99.11
3/1/2002,NA,99.11
3/2/2002,NA,99.11
3/3/2002,NA,99.1
3/4/2002,NA,99.1
3/5/2002,NA,99.1
3/6/2002,NA,99.1
3/7/2002,NA,99.11
3/8/2002,NA,99.09
3/9/2002,NA,99.09
3/10/2002,NA,99.09
3/11/2002,NA,99.09
3/12/2002,NA,99.08
3/13/2002,NA,99.08
3/14/2002,NA,99.08
3/15/2002,-25.2,15.27
3/16/2002,239,1.33
3/17/2002,208,1.23
3/18/2002,157,1.03
3/19/2002,135,0.94
3/20/2002,170,1.08
3/21/2002,181,1.12
3/22/2002,194,1.17
3/23/2002,257,1.4
3/24/2002,289,1.51
3/25/2002,290,1.51
3/26/2002,288,1.5
3/27/2002,294,1.52
3/28/2002,318,1.6
3/29/2002,317,1.6
3/30/2002,318,1.6
3/31/2002,301,1.55
4/1/2002,266,1.43
4/2/2002,331,1.64
4/3/2002,332,1.64
4/4/2002,365,1.74
4/5/2002,354,1.71
4/6/2002,340,1.67
4/7/2002,342,1.67
4/8/2002,353,1.71
4/9/2002,357,1.72
4/10/2002,353,1.71
4/11/2002,260,1.4
4/12/2002,167,1.07
4/13/2002,161,1.04
4/14/2002,148,0.99
4/15/2002,145,0.98
4/16/2002,134,0.93
4/17/2002,155,1.02
4/18/2002,171,1.08
4/19/2002,144,0.97
4/20/2002,125,0.89
4/21/2002,134,0.93
4/22/2002,125,0.89
4/23/2002,121,0.87
4/24/2002,113,0.84
4/25/2002,105,0.8
4/26/2002,106,0.8
4/27/2002,109,0.82
4/28/2002,100,0.78
4/29/2002,106,0.81
4/30/2002,105,0.8
5/1/2002,90.5,0.73
5/2/2002,77.7,0.66
5/3/2002,72.9,0.64
5/4/2002,71.4,0.63
5/5/2002,69.3,0.62
5/6/2002,62.5,0.58
5/7/2002,64.3,0.59
5/8/2002,69.1,0.62
5/9/2002,88.1,0.71
5/10/2002,114,0.84
5/11/2002,137,0.94
5/12/2002,173,1.09
5/13/2002,170,1.08
5/14/2002,157,1.03
5/15/2002,146,0.98
5/16/2002,146,0.98
5/17/2002,151,1
5/18/2002,208,1.21
5/19/2002,302,1.55
5/20/2002,352,1.7
5/21/2002,355,1.71
5/22/2002,181,1.12
5/23/2002,131,0.92
5/24/2002,166,1.07
5/25/2002,167,1.07
5/26/2002,173,1.09
5/27/2002,188,1.15
5/28/2002,321,1.59
5/29/2002,413,1.88
5/30/2002,340,1.67
5/31/2002,271,1.44
6/1/2002,195,1.18
6/2/2002,110,0.82
6/3/2002,83.3,0.69
6/4/2002,134,0.92
6/5/2002,167,1.07
6/6/2002,169,1.08
6/7/2002,169,1.08
6/8/2002,168,1.07
6/9/2002,163,1.05
6/10/2002,150,1
6/11/2002,299,1.53
6/12/2002,356,1.71
6/13/2002,379,1.78
6/14/2002,190,1.13
6/15/2002,181,1.11
6/16/2002,191,1.16
6/17/2002,145,0.98
6/18/2002,340,1.53
6/19/2002,106,0.8
6/20/2002,86.2,0.71
6/21/2002,77.5,0.66
6/22/2002,77.2,0.66
6/23/2002,94.5,0.75
6/24/2002,95.1,0.75
6/25/2002,58.3,0.55
6/26/2002,51.2,0.51
6/27/2002,45,0.47
6/28/2002,43.8,0.46
6/29/2002,39.2,0.42
6/30/2002,18.7,0.27
7/1/2002,17.6,0.26
7/2/2002,29.8,0.36
7/3/2002,24.5,0.32
7/4/2002,21.7,0.3
7/5/2002,20,0.28
7/6/2002,17.8,0.26
7/7/2002,19.2,0.27
7/8/2002,59.1,0.53
7/9/2002,154,1.02
7/10/2002,165,1.06
7/11/2002,164,1.06
7/12/2002,132,0.92
7/13/2002,69.1,0.61
7/14/2002,38.4,0.42
7/15/2002,20.5,0.29
7/16/2002,16.3,0.25
7/17/2002,-383.6,38.27
7/18/2002,NA,99.19
7/19/2002,NA,99.19
7/20/2002,NA,99.19
7/21/2002,NA,99.19
7/22/2002,NA,99.19
7/23/2002,NA,99.19
7/24/2002,NA,99.19
7/25/2002,NA,99.19
7/26/2002,NA,99.19
7/27/2002,NA,99.19
7/28/2002,NA,99.19
7/29/2002,NA,99.19
7/30/2002,NA,99.18
7/31/2002,NA,99.18
8/1/2002,NA,99.18
8/2/2002,NA,99.18
8/3/2002,NA,99.18
8/4/2002,NA,99.18
8/5/2002,NA,99.18
8/6/2002,NA,99.18
8/7/2002,NA,99.18
8/8/2002,NA,99.17
8/9/2002,NA,99.17
8/10/2002,NA,99.17
8/11/2002,NA,99.17
8/12/2002,NA,99.17
8/13/2002,NA,99.17
8/14/2002,NA,99.17
8/15/2002,NA,99.17
8/16/2002,NA,99.17
8/17/2002,NA,99.17
8/18/2002,NA,99.17
8/19/2002,NA,99.17
8/20/2002,NA,99.17
8/21/2002,NA,99.17
8/22/2002,NA,99.17
8/23/2002,NA,99.17
8/24/2002,NA,99.17
8/25/2002,NA,99.17
8/26/2002,NA,99.17
8/27/2002,NA,99.17
8/28/2002,NA,99.17
8/29/2002,NA,99.17
8/30/2002,NA,99.17
8/31/2002,-350.5,41.8
9/1/2002,-33.5,7.7
9/2/2002,NA,99.96
9/3/2002,NA,99.95
9/4/2002,NA,99.9
9/5/2002,NA,99.85
9/6/2002,NA,99.82
9/7/2002,NA,99.82
9/8/2002,NA,99.81
9/9/2002,NA,99.81
9/10/2002,NA,99.85
9/11/2002,NA,99.87
9/12/2002,NA,99.86
9/13/2002,NA,99.86
9/14/2002,NA,99.87
9/15/2002,NA,99.87
9/16/2002,-582.5,59.43
9/17/2002,27.8,0.34
9/18/2002,25.2,0.33
9/19/2002,17.7,0.26
9/20/2002,17.5,0.26
9/21/2002,15.2,0.24
9/22/2002,17.6,0.26
9/23/2002,16.3,0.25
9/24/2002,10.5,0.19
9/25/2002,4.18,0.1
9/26/2002,-717.7,71.29
9/27/2002,NA,99.17
9/28/2002,NA,99.17
9/29/2002,NA,99.17
9/30/2002,NA,99.17
10/1/2002,NA,99.17
10/2/2002,NA,99.17
10/3/2002,NA,99.16
10/4/2002,NA,99.16
10/5/2002,NA,99.16
10/6/2002,-732.3,73.42
10/7/2002,39.3,0.43
10/8/2002,45.9,0.48
10/9/2002,45.2,0.47
10/10/2002,44.5,0.47
10/11/2002,45.4,0.47
10/12/2002,44.8,0.47
10/13/2002,43.2,0.46
10/14/2002,43.5,0.46
10/15/2002,44.2,0.46
10/16/2002,44.3,0.47
10/17/2002,46.3,0.48
10/18/2002,47.6,0.49
10/19/2002,50.7,0.51
10/20/2002,53,0.52
10/21/2002,46.8,0.48
10/22/2002,48.2,0.49
10/23/2002,51.2,0.51
10/24/2002,57.2,0.55
10/25/2002,59.9,0.56
10/26/2002,62.6,0.58
10/27/2002,69.2,0.62
10/28/2002,61.3,0.57
10/29/2002,60.3,0.56
10/30/2002,94.5,0.74
10/31/2002,128,0.9
11/1/2002,125,0.89
11/2/2002,139,0.95
11/3/2002,155,1.02
11/4/2002,162,1.05
11/5/2002,143,0.97
11/6/2002,165,1.06
11/7/2002,165,1.06
11/8/2002,165,1.06
11/9/2002,165,1.06
11/10/2002,165,1.06
11/11/2002,165,1.06
11/12/2002,164,1.06
11/13/2002,163,1.05
11/14/2002,163,1.05
11/15/2002,155,1.02
11/16/2002,75.3,0.65
11/17/2002,-378.1,39.46
11/18/2002,NA,99.28
11/19/2002,NA,99.28
11/20/2002,NA,99.28
11/21/2002,-520.3,51.71
11/22/2002,0,0
11/23/2002,0,0
11/24/2002,0,0
11/25/2002,0,0
11/26/2002,0,0
11/27/2002,0,0
11/28/2002,0,0
11/29/2002,0,0
11/30/2002,0,0
12/1/2002,0,0
12/2/2002,0,0
12/3/2002,0,0
12/4/2002,0,0
12/5/2002,0,0
12/6/2002,0,0
12/7/2002,0,0
12/8/2002,0,0
12/9/2002,0,0
12/10/2002,0,0
12/11/2002,0,0
12/12/2002,0,0
12/13/2002,0,0
12/14/2002,0,0
12/15/2002,0,0
12/16/2002,0,0
12/17/2002,0,0
12/18/2002,0,0
12/19/2002,0,0
12/20/2002,0,0
12/21/2002,0,0
12/22/2002,0,0
12/23/2002,0,0
12/24/2002,0,0
12/25/2002,0.302,0.01
12/26/2002,0.93,0.02
12/27/2002,1.13,0.03
12/28/2002,1.13,0.03
12/29/2002,-436.4,43.74
12/30/2002,NA,99.94
12/31/2002,NA,99.93
1/1/2003,NA,99.92
1/2/2003,NA,99.92
1/3/2003,NA,99.91
1/4/2003,NA,99.9
1/5/2003,NA,99.9
1/6/2003,NA,99.9
1/7/2003,NA,99.9
1/8/2003,NA,99.9
1/9/2003,NA,99.9
1/10/2003,NA,99.9
1/11/2003,NA,99.9
1/12/2003,NA,99.9
1/13/2003,NA,99.9
1/14/2003,NA,99.9
1/15/2003,NA,99.9
1/16/2003,NA,99.9
1/17/2003,NA,99.9
1/18/2003,NA,99.91
1/19/2003,NA,99.91
1/20/2003,NA,99.9
1/21/2003,NA,99.9
1/22/2003,NA,99.9
1/23/2003,NA,99.92
1/24/2003,NA,99.92
1/25/2003,NA,99.92
1/26/2003,NA,99.9
1/27/2003,NA,99.9
1/28/2003,NA,99.89
1/29/2003,NA,99.89
1/30/2003,NA,99.89
1/31/2003,NA,99.89
2/1/2003,NA,99.89
2/2/2003,NA,99.89
2/3/2003,NA,99.89
2/4/2003,NA,99.89
2/5/2003,NA,99.89
2/6/2003,NA,99.89
2/7/2003,NA,99.91
2/8/2003,NA,99.95
2/9/2003,NA,99.96
2/10/2003,NA,99.97
2/11/2003,NA,99.97
2/12/2003,NA,99.96
2/13/2003,NA,99.94
2/14/2003,NA,99.89
2/15/2003,NA,99.89
2/16/2003,NA,99.89
2/17/2003,NA,99.89
2/18/2003,NA,99.89
2/19/2003,NA,99.89
2/20/2003,NA,99.89
2/21/2003,NA,99.89
2/22/2003,NA,99.89
2/23/2003,NA,99.88
2/24/2003,NA,99.89
2/25/2003,NA,99.92
2/26/2003,NA,99.93
2/27/2003,NA,99.91
2/28/2003,NA,99.88
3/1/2003,NA,99.88
3/2/2003,NA,99.88
3/3/2003,NA,99.88
3/4/2003,NA,99.88
3/5/2003,NA,99.88
3/6/2003,NA,99.88
3/7/2003,NA,99.88
3/8/2003,NA,99.88
3/9/2003,NA,99.88
3/10/2003,NA,99.88
3/11/2003,NA,99.88
3/12/2003,-395.4,39.54
3/13/2003,0,0
3/14/2003,0.13,0
3/15/2003,40.4,0.42
3/16/2003,73.8,0.64
3/17/2003,125,0.89
3/18/2003,157,1.03
3/19/2003,176,1.11
3/20/2003,189,1.16
3/21/2003,206,1.22
3/22/2003,216,1.25
3/23/2003,216,1.25
3/24/2003,226,1.29
3/25/2003,176,1.1
3/26/2003,166,1.07
3/27/2003,164,1.06
3/28/2003,147,0.99
3/29/2003,182,1.13
3/30/2003,204,1.21
3/31/2003,207,1.22
4/1/2003,199,1.19
4/2/2003,224,1.29
4/3/2003,234,1.32
4/4/2003,293,1.52
4/5/2003,350,1.7
4/6/2003,409,1.87
4/7/2003,414,1.89
4/8/2003,425,1.92
4/9/2003,430,1.93
4/10/2003,420,1.9
4/11/2003,416,1.89
4/12/2003,421,1.91
4/13/2003,414,1.89
4/14/2003,408,1.87
4/15/2003,409,1.87
4/16/2003,440,1.96
4/17/2003,409,1.87
4/18/2003,413,1.88
4/19/2003,472,2.04
4/20/2003,440,1.95
4/21/2003,394,1.83
4/22/2003,422,1.91
4/23/2003,426,1.92
4/24/2003,374,1.77
4/25/2003,361,1.73
4/26/2003,405,1.86
4/27/2003,413,1.88
4/28/2003,408,1.87
4/29/2003,406,1.86
4/30/2003,379,1.79
5/1/2003,394,1.83
5/2/2003,409,1.87
5/3/2003,453,2
5/4/2003,438,1.95
5/5/2003,419,1.9
5/6/2003,409,1.87
5/7/2003,403,1.85
5/8/2003,417,1.89
5/9/2003,400,1.84
5/10/2003,398,1.84
5/11/2003,320,1.6
5/12/2003,285,1.49
5/13/2003,290,1.51
5/14/2003,265,1.43
5/15/2003,248,1.37
5/16/2003,177,1.09
5/17/2003,117,0.84
5/18/2003,189,1.15
5/19/2003,303,1.55
5/20/2003,345,1.68
5/21/2003,345,1.68
5/22/2003,342,1.67
5/23/2003,487,2.08
5/24/2003,594,2.36
5/25/2003,671,2.55
5/26/2003,811,2.85
5/27/2003,1050,3.37
5/28/2003,1000,3.28
5/29/2003,872,3
5/30/2003,765,2.77
5/31/2003,768,2.78
6/1/2003,839,2.93
6/2/2003,943,3.16
6/3/2003,940,3.15
6/4/2003,941,3.15
6/5/2003,931,3.13
6/6/2003,877,3.01
6/7/2003,763,2.76
6/8/2003,709,2.64
6/9/2003,729,2.68
6/10/2003,446,1.97
6/11/2003,303,1.55
6/12/2003,338,1.66
6/13/2003,546,2.24
6/14/2003,594,2.36
6/15/2003,742,2.71
6/16/2003,745,2.72
6/17/2003,764,2.77
6/18/2003,779,2.8
6/19/2003,890,3.04
6/20/2003,803,2.85
6/21/2003,779,2.8
6/22/2003,812,2.87
6/23/2003,758,2.75
6/24/2003,758,2.75
6/25/2003,609,2.38
6/26/2003,381,1.79
6/27/2003,298,1.54
6/28/2003,318,1.6
6/29/2003,318,1.6
6/30/2003,561,2.23
7/1/2003,368,1.74
7/2/2003,321,1.61
7/3/2003,322,1.61
7/4/2003,315,1.59
7/5/2003,182,1.13
7/6/2003,182,1.13
7/7/2003,183,1.13
7/8/2003,180,1.12
7/9/2003,175,1.09
7/10/2003,181,1.12
7/11/2003,180,1.12
7/12/2003,180,1.12
7/13/2003,177,1.11
7/14/2003,183,1.13
7/15/2003,182,1.13
7/16/2003,181,1.12
7/17/2003,185,1.14
7/18/2003,181,1.12
7/19/2003,160,1.04
7/20/2003,163,1.05
7/21/2003,185,1.14
7/22/2003,181,1.12
7/23/2003,181,1.13
7/24/2003,183,1.13
7/25/2003,132,0.92
7/26/2003,108,0.81
7/27/2003,78.7,0.67
7/28/2003,72.3,0.63
7/29/2003,69.5,0.62
7/30/2003,273,1.34
7/31/2003,180,1.12
8/1/2003,165,1.06
8/2/2003,165,1.06
8/3/2003,165,1.06
8/4/2003,138,0.95
8/5/2003,98.5,0.77
8/6/2003,85.7,0.7
8/7/2003,59.9,0.56
8/8/2003,26.3,0.33
8/9/2003,21.2,0.29
8/10/2003,116,0.8
8/11/2003,148,0.99
8/12/2003,110,0.81
8/13/2003,60.2,0.56
8/14/2003,50.6,0.5
8/15/2003,37.1,0.42
8/16/2003,24,0.32
8/17/2003,15.3,0.24
8/18/2003,10.5,0.19
8/19/2003,9.7,0.18
8/20/2003,8.55,0.16
8/21/2003,52.4,0.51
8/22/2003,31.1,0.37
8/23/2003,14.3,0.22
8/24/2003,6.6,0.13
8/25/2003,-519.3,52.02
8/26/2003,-800.7,80.09
8/27/2003,NA,99.53
8/28/2003,NA,99.28
8/29/2003,-73,9.58
8/30/2003,31.5,0.37
8/31/2003,53.8,0.52
9/1/2003,149,0.99
9/2/2003,179,1.12
9/3/2003,173,1.09
9/4/2003,173,1.09
9/5/2003,163,1.05
9/6/2003,147,0.99
9/7/2003,131,0.92
9/8/2003,133,0.93
9/9/2003,147,0.98
9/10/2003,172,1.09
9/11/2003,171,1.09
9/12/2003,165,1.06
9/13/2003,172,1.09
9/14/2003,170,1.08
9/15/2003,170,1.08
9/16/2003,170,1.08
9/17/2003,170,1.08
9/18/2003,170,1.08
9/19/2003,169,1.08
9/20/2003,140,0.96
9/21/2003,98.2,0.77
9/22/2003,83.1,0.69
9/23/2003,85,0.7
9/24/2003,76.5,0.66
9/25/2003,70.6,0.62
9/26/2003,69.2,0.62
9/27/2003,60.7,0.57
9/28/2003,51.1,0.51
9/29/2003,39.7,0.43
9/30/2003,27.5,0.34
10/1/2003,20.6,0.29
10/2/2003,29.5,0.36
10/3/2003,34.4,0.4
10/4/2003,35.6,0.41
10/5/2003,38.6,0.43
10/6/2003,41.9,0.45
10/7/2003,65.1,0.59
10/8/2003,87.8,0.71
10/9/2003,91.9,0.74
10/10/2003,99.9,0.77
10/11/2003,102,0.79
10/12/2003,105,0.8
10/13/2003,96.3,0.76
10/14/2003,87.7,0.71
10/15/2003,88.7,0.72
10/16/2003,85.6,0.7
10/17/2003,83.2,0.69
10/18/2003,86.3,0.71
10/19/2003,84.9,0.7
10/20/2003,81.8,0.68
10/21/2003,78.9,0.67
10/22/2003,80.2,0.68
10/23/2003,88.7,0.72
10/24/2003,102,0.79
10/25/2003,107,0.81
10/26/2003,119,0.86
10/27/2003,133,0.93
10/28/2003,135,0.94
10/29/2003,147,0.99
10/30/2003,146,0.98
10/31/2003,152,1.01
11/1/2003,157,1.03
11/2/2003,150,1
11/3/2003,159,1.04
11/4/2003,164,1.06
11/5/2003,183,1.13
11/6/2003,194,1.17
11/7/2003,192,1.17
11/8/2003,178,1.11
11/9/2003,163,1.05
11/10/2003,162,1.05
11/11/2003,155,1.02
11/12/2003,156,1.03
11/13/2003,164,1.06
11/14/2003,165,1.06
11/15/2003,-706.6,70.31
11/16/2003,NA,99.23
11/17/2003,NA,99.23
11/18/2003,-614,60.99
11/19/2003,0,0
11/20/2003,0,0
11/21/2003,-426.2,42.69
11/22/2003,NA,99.95
11/23/2003,NA,99.95
11/24/2003,NA,99.95
11/25/2003,NA,99.95
11/26/2003,-571.8,62.71
11/27/2003,NA,99.33
11/28/2003,NA,99.15
11/29/2003,NA,99.14
11/30/2003,NA,99.14
12/1/2003,NA,99.14
12/2/2003,NA,99.14
12/3/2003,NA,99.14
12/4/2003,NA,99.14
12/5/2003,NA,99.14
12/6/2003,NA,99.14
12/7/2003,NA,99.14
12/8/2003,NA,99.14
12/9/2003,NA,99.14
12/10/2003,NA,99.14
12/11/2003,NA,99.14
12/12/2003,NA,99.14
12/13/2003,NA,99.14
12/14/2003,NA,99.14
12/15/2003,NA,99.14
12/16/2003,NA,99.14
12/17/2003,NA,99.13
12/18/2003,NA,99.12
12/19/2003,NA,99.12
12/20/2003,NA,99.12
12/21/2003,NA,99.12
12/22/2003,NA,99.12
12/23/2003,NA,99.12
12/24/2003,NA,99.12
12/25/2003,NA,99.12
12/26/2003,NA,99.12
12/27/2003,NA,99.12
12/28/2003,NA,99.12
12/29/2003,NA,99.12
12/30/2003,NA,99.12
12/31/2003,NA,99.12
1/1/2004,NA,99.12
1/2/2004,NA,99.12
1/3/2004,NA,99.12
1/4/2004,NA,99.12
1/5/2004,NA,99.12
1/6/2004,NA,99.13
1/7/2004,NA,99.13
1/8/2004,NA,99.13
1/9/2004,NA,99.13
1/10/2004,NA,99.13
1/11/2004,NA,99.13
1/12/2004,NA,99.12
1/13/2004,NA,99.12
1/14/2004,NA,99.12
1/15/2004,NA,99.12
1/16/2004,NA,99.12
1/17/2004,NA,99.12
1/18/2004,NA,99.12
1/19/2004,NA,99.12
1/20/2004,NA,99.12
1/21/2004,NA,99.12
1/22/2004,NA,99.12
1/23/2004,NA,99.12
1/24/2004,NA,99.12
1/25/2004,NA,99.12
1/26/2004,NA,99.12
1/27/2004,NA,99.12
1/28/2004,NA,99.12
1/29/2004,NA,99.12
1/30/2004,NA,99.12
1/31/2004,NA,99.12
2/1/2004,NA,99.12
2/2/2004,NA,99.12
2/3/2004,NA,99.12
2/4/2004,NA,99.12
2/5/2004,NA,99.12
2/6/2004,NA,99.12
2/7/2004,NA,99.12
2/8/2004,NA,99.12
2/9/2004,NA,99.12
2/10/2004,NA,99.12
2/11/2004,NA,99.12
2/12/2004,NA,99.12
2/13/2004,NA,99.12
2/14/2004,NA,99.12
2/15/2004,NA,99.12
2/16/2004,NA,99.12
2/17/2004,NA,99.12
2/18/2004,NA,99.12
2/19/2004,NA,99.12
2/20/2004,NA,99.12
2/21/2004,NA,99.12
2/22/2004,NA,99.12
2/23/2004,NA,99.12
2/24/2004,NA,99.12
2/25/2004,NA,99.12
2/26/2004,NA,99.12
2/27/2004,NA,99.12
2/28/2004,NA,99.12
2/29/2004,NA,99.12
3/1/2004,NA,99.12
3/2/2004,NA,99.12
3/3/2004,NA,99.12
3/4/2004,NA,99.12
3/5/2004,NA,99.12
3/6/2004,NA,99.12
3/7/2004,NA,99.12
3/8/2004,NA,99.12
3/9/2004,NA,99.12
3/10/2004,NA,99.12
3/11/2004,NA,99.12
3/12/2004,NA,99.12
3/13/2004,NA,99.12
3/14/2004,NA,99.12
3/15/2004,10.3,3.54
3/16/2004,80.7,0.65
3/17/2004,172,1.09
3/18/2004,184,1.13
3/19/2004,177,1.11
3/20/2004,196,1.18
3/21/2004,254,1.39
3/22/2004,270,1.44
3/23/2004,269,1.44
3/24/2004,269,1.44
3/25/2004,230,1.3
3/26/2004,185,1.14
3/27/2004,164,1.06
3/28/2004,170,1.08
3/29/2004,163,1.05
3/30/2004,219,1.26
3/31/2004,307,1.56
4/1/2004,301,1.54
4/2/2004,306,1.56
4/3/2004,312,1.58
4/4/2004,311,1.58
4/5/2004,309,1.57
4/6/2004,310,1.57
4/7/2004,309,1.57
4/8/2004,308,1.57
4/9/2004,309,1.57
4/10/2004,400,1.83
4/11/2004,513,2.16
4/12/2004,448,1.98
4/13/2004,418,1.9
4/14/2004,422,1.91
4/15/2004,383,1.79
4/16/2004,335,1.65
4/17/2004,355,1.71
4/18/2004,358,1.72
4/19/2004,323,1.61
4/20/2004,345,1.68
4/21/2004,310,1.57
4/22/2004,340,1.67
4/23/2004,359,1.72
4/24/2004,390,1.81
4/25/2004,522,2.16
4/26/2004,250,1.38
4/27/2004,310,1.56
4/28/2004,459,2.01
4/29/2004,585,2.34
4/30/2004,695,2.61
5/1/2004,686,2.59
5/2/2004,609,2.4
5/3/2004,547,2.24
5/4/2004,570,2.3
5/5/2004,533,2.21
5/6/2004,517,2.17
5/7/2004,537,2.22
5/8/2004,507,2.14
5/9/2004,544,2.24
5/10/2004,510,2.15
5/11/2004,436,1.93
5/12/2004,314,1.58
5/13/2004,312,1.58
5/14/2004,298,1.53
5/15/2004,341,1.67
5/16/2004,298,1.53
5/17/2004,252,1.38
5/18/2004,315,1.59
5/19/2004,354,1.71
5/20/2004,336,1.65
5/21/2004,336,1.65
5/22/2004,466,2.02
5/23/2004,593,2.36
5/24/2004,561,2.28
5/25/2004,348,1.69
5/26/2004,361,1.73
5/27/2004,337,1.66
5/28/2004,341,1.67
5/29/2004,339,1.66
5/30/2004,322,1.61
5/31/2004,313,1.58
6/1/2004,310,1.57
6/2/2004,313,1.58
6/3/2004,314,1.59
6/4/2004,321,1.61
6/5/2004,315,1.59
6/6/2004,315,1.59
6/7/2004,314,1.59
6/8/2004,322,1.61
6/9/2004,584,2.32
6/10/2004,709,2.63
6/11/2004,759,2.75
6/12/2004,702,2.62
6/13/2004,750,2.73
6/14/2004,695,2.61
6/15/2004,445,1.97
6/16/2004,225,1.28
6/17/2004,315,1.59
6/18/2004,361,1.73
6/19/2004,504,2.13
6/20/2004,767,2.76
6/21/2004,805,2.86
6/22/2004,556,2.23
6/23/2004,339,1.66
6/24/2004,315,1.59
6/25/2004,318,1.6
6/26/2004,415,1.87
6/27/2004,354,1.67
6/28/2004,459,2
6/29/2004,751,2.73
6/30/2004,675,2.55
7/1/2004,655,2.51
7/2/2004,617,2.41
7/3/2004,481,2.06
7/4/2004,409,1.87
7/5/2004,324,1.62
7/6/2004,316,1.59
7/7/2004,315,1.59
7/8/2004,317,1.6
7/9/2004,316,1.59
7/10/2004,315,1.59
7/11/2004,315,1.59
7/12/2004,318,1.6
7/13/2004,317,1.6
7/14/2004,315,1.59
7/15/2004,317,1.6
7/16/2004,313,1.58
7/17/2004,312,1.58
7/18/2004,655,2.46
7/19/2004,790,2.82
7/20/2004,361,1.67
7/21/2004,330,1.64
7/22/2004,329,1.63
7/23/2004,408,1.86
7/24/2004,691,2.58
7/25/2004,748,2.72
7/26/2004,869,3
7/27/2004,527,2.16
7/28/2004,371,1.76
7/29/2004,426,1.9
7/30/2004,388,1.8
7/31/2004,414,1.88
8/1/2004,477,2.06
8/2/2004,351,1.7
8/3/2004,315,1.59
8/4/2004,338,1.65
8/5/2004,299,1.54
8/6/2004,348,1.69
8/7/2004,372,1.76
8/8/2004,613,2.4
8/9/2004,460,2.01
8/10/2004,311,1.58
8/11/2004,332,1.64
8/12/2004,334,1.65
8/13/2004,236,1.33
8/14/2004,206,1.22
8/15/2004,169,1.08
8/16/2004,163,1.05
8/17/2004,163,1.05
8/18/2004,158,1.03
8/19/2004,306,1.41
8/20/2004,707,2.61
8/21/2004,510,2.14
8/22/2004,360,1.73
8/23/2004,449,1.97
8/24/2004,660,2.52
8/25/2004,521,2.18
8/26/2004,349,1.67
8/27/2004,165,1.06
8/28/2004,164,1.06
8/29/2004,162,1.05
8/30/2004,164,1.06
8/31/2004,163,1.05
9/1/2004,163,1.05
9/2/2004,161,1.05
9/3/2004,156,1.02
9/4/2004,165,1.06
9/5/2004,165,1.06
9/6/2004,165,1.06
9/7/2004,165,1.06
9/8/2004,164,1.06
9/9/2004,166,1.06
9/10/2004,164,1.06
9/11/2004,167,1.07
9/12/2004,166,1.07
9/13/2004,155,1.02
9/14/2004,136,0.94
9/15/2004,131,0.92
9/16/2004,123,0.88
9/17/2004,119,0.86
9/18/2004,115,0.85
9/19/2004,116,0.85
9/20/2004,117,0.86
9/21/2004,111,0.83
9/22/2004,130,0.91
9/23/2004,151,1
9/24/2004,153,1.01
9/25/2004,170,1.08
9/26/2004,163,1.05
9/27/2004,164,1.06
9/28/2004,164,1.06
9/29/2004,160,1.04
9/30/2004,162,1.05
10/1/2004,162,1.05
10/2/2004,163,1.05
10/3/2004,164,1.06
10/4/2004,184,1.13
10/5/2004,236,1.33
10/6/2004,222,1.27
10/7/2004,141,0.91
10/8/2004,163,1.05
10/9/2004,163,1.05
10/10/2004,163,1.05
10/11/2004,163,1.05
10/12/2004,163,1.05
10/13/2004,163,1.05
10/14/2004,163,1.06
10/15/2004,162,1.05
10/16/2004,163,1.05
10/17/2004,163,1.05
10/18/2004,164,1.06
10/19/2004,166,1.06
10/20/2004,165,1.06
10/21/2004,166,1.06
10/22/2004,164,1.06
10/23/2004,163,1.05
10/24/2004,162,1.05
10/25/2004,163,1.05
10/26/2004,166,1.07
10/27/2004,166,1.06
10/28/2004,165,1.06
10/29/2004,160,1.04
10/30/2004,164,1.06
10/31/2004,164,1.06
11/1/2004,197,1.18
11/2/2004,212,1.24
11/3/2004,226,1.29
11/4/2004,259,1.41
11/5/2004,284,1.49
11/6/2004,325,1.62
11/7/2004,329,1.63
11/8/2004,325,1.62
11/9/2004,321,1.61
11/10/2004,344,1.68
11/11/2004,336,1.65
11/12/2004,351,1.7
11/13/2004,363,1.74
11/14/2004,375,1.77
11/15/2004,-368.6,37.54
11/16/2004,132,0.75
11/17/2004,283,1.48
11/18/2004,149,0.99
11/19/2004,98.2,0.77
11/20/2004,79.5,0.67
11/21/2004,68.7,0.61
11/22/2004,111,0.81
11/23/2004,152,1.01
11/24/2004,45.9,0.31
11/25/2004,-718,71.87
11/26/2004,NA,99.99
11/27/2004,NA,99.99
11/28/2004,NA,99.99
11/29/2004,NA,99.98
11/30/2004,NA,82.81
12/1/2004,NA,NA
12/2/2004,NA,NA
12/3/2004,-777,-288.56
12/4/2004,-666,-299.67
12/5/2004,-333,-333
12/6/2004,-832.5,-283.01
12/7/2004,NA,-266.34
12/8/2004,NA,-266.34
12/9/2004,-666,-299.67
12/10/2004,NA,-266.34
12/11/2004,NA,-266.34
12/12/2004,NA,-266.34
12/13/2004,NA,-266.34
12/14/2004,NA,-266.34
12/15/2004,NA,-266.34
12/16/2004,NA,-266.34
12/17/2004,NA,-266.34
12/18/2004,NA,-266.34
12/19/2004,NA,-266.35
12/20/2004,NA,-266.35
12/21/2004,NA,-266.35
12/22/2004,NA,-266.35
12/23/2004,NA,-266.35
12/24/2004,NA,-266.35
12/25/2004,NA,-266.35
12/26/2004,NA,-266.35
12/27/2004,NA,-266.35
12/28/2004,NA,-266.35
12/29/2004,NA,-266.35
12/30/2004,NA,-266.35
12/31/2004,NA,-266.35
1/1/2005,NA,-266.35
1/2/2005,NA,-266.35
1/3/2005,NA,-266.35
1/4/2005,NA,-266.35
1/5/2005,NA,-266.35
1/6/2005,NA,-266.35
1/7/2005,NA,-266.35
1/8/2005,NA,-266.35
1/9/2005,NA,-266.35
1/10/2005,NA,-266.35
1/11/2005,NA,-266.35
1/12/2005,NA,-266.35
1/13/2005,NA,-266.35
1/14/2005,NA,-266.35
1/15/2005,NA,-266.35
1/16/2005,NA,-266.35
1/17/2005,NA,-266.35
1/18/2005,NA,-266.35
1/19/2005,NA,-266.35
1/20/2005,NA,-266.35
1/21/2005,NA,-266.35
1/22/2005,NA,-266.35
1/23/2005,NA,-266.35
1/24/2005,NA,-266.35
1/25/2005,NA,-266.35
1/26/2005,NA,-266.35
1/27/2005,NA,-266.35
1/28/2005,NA,-266.35
1/29/2005,NA,-266.34
1/30/2005,NA,-266.34
1/31/2005,NA,-266.34
2/1/2005,NA,-266.34
2/2/2005,NA,-266.34
2/3/2005,NA,-266.34
2/4/2005,NA,-266.34
2/5/2005,NA,-266.34
2/6/2005,-776.9,-288.56
2/7/2005,-332.8,-332.99
2/8/2005,-332.8,-332.99
2/9/2005,-332.8,-332.99
2/10/2005,-332.8,-332.99
2/11/2005,-332.8,-332.99
2/12/2005,-332.8,-332.99
2/13/2005,-332.9,-332.99
2/14/2005,-332.9,-332.99
2/15/2005,-332.9,-332.99
2/16/2005,-332.9,-332.99
2/17/2005,-333,-333
2/18/2005,-333,-333
2/19/2005,-444,-321.89
2/20/2005,NA,-266.34
2/21/2005,NA,-266.34
2/22/2005,NA,-266.34
2/23/2005,-666,-299.67
2/24/2005,-333,-333
2/25/2005,-333,-333
2/26/2005,-555,-310.78
2/27/2005,NA,-266.34
2/28/2005,NA,-266.34
3/1/2005,NA,-266.34
3/2/2005,NA,-266.34
3/3/2005,-666,-299.67
3/4/2005,-333,-333
3/5/2005,-333,-333
3/6/2005,-333,-333
3/7/2005,NA,-277.45
3/8/2005,NA,-266.34
3/9/2005,NA,-266.34
3/10/2005,NA,-266.34
3/11/2005,NA,-266.35
3/12/2005,NA,-266.35
3/13/2005,NA,-266.35
3/14/2005,NA,-266.35
3/15/2005,-296.9,-332.65
3/16/2005,-177,-332.14
3/17/2005,-87.3,-331.83
3/18/2005,-63.7,-331.76
3/19/2005,-65.9,-331.77
3/20/2005,-84.6,-331.82
3/21/2005,-90.4,-331.85
3/22/2005,-132.9,-331.97
3/23/2005,-120.8,-331.93
3/24/2005,0,-0.99
3/25/2005,112,-10.19
3/26/2005,338,1.66
3/27/2005,368,1.75
3/28/2005,360,1.73
3/29/2005,323,1.61
3/30/2005,282,1.48
3/31/2005,433,1.94
4/1/2005,512,2.15
4/2/2005,425,1.92
4/3/2005,308,1.57
4/4/2005,311,1.57
4/5/2005,391,1.82
4/6/2005,605,2.36
4/7/2005,543,2.22
4/8/2005,423,1.91
4/9/2005,377,1.78
4/10/2005,362,1.73
4/11/2005,403,1.85
4/12/2005,528,2.19
4/13/2005,639,2.46
4/14/2005,682,2.57
4/15/2005,626,2.44
4/16/2005,660,2.52
4/17/2005,632,2.45
4/18/2005,635,2.46
4/19/2005,660,2.52
4/20/2005,639,2.47
4/21/2005,636,2.46
4/22/2005,716,2.65
4/23/2005,725,2.68
4/24/2005,732,2.69
4/25/2005,740,2.71
4/26/2005,745,2.72
4/27/2005,740,2.71
4/28/2005,710,2.64
4/29/2005,747,2.73
4/30/2005,761,2.76
5/1/2005,764,2.76
5/2/2005,634,2.46
5/3/2005,628,2.44
5/4/2005,656,2.51
5/5/2005,538,2.22
5/6/2005,456,2
5/7/2005,372,1.76
5/8/2005,480,2.07
5/9/2005,452,1.99
5/10/2005,414,1.88
5/11/2005,396,1.83
5/12/2005,408,1.87
5/13/2005,464,2.02
5/14/2005,458,2.01
5/15/2005,423,1.91
5/16/2005,465,2.03
5/17/2005,501,2.12
5/18/2005,499,2.12
5/19/2005,498,2.12
5/20/2005,495,2.11
5/21/2005,493,2.1
5/22/2005,494,2.1
5/23/2005,605,2.38
5/24/2005,761,2.76
5/25/2005,762,2.76
5/26/2005,758,2.75
5/27/2005,763,2.76
5/28/2005,761,2.76
5/29/2005,762,2.76
5/30/2005,759,2.75
5/31/2005,879,3.01
6/1/2005,929,3.12
6/2/2005,877,3.01
6/3/2005,768,2.77
6/4/2005,639,2.47
6/5/2005,731,2.69
6/6/2005,639,2.47
6/7/2005,652,2.5
6/8/2005,671,2.55
6/9/2005,759,2.75
6/10/2005,763,2.76
6/11/2005,640,2.47
6/12/2005,578,2.32
6/13/2005,636,2.47
6/14/2005,728,2.68
6/15/2005,758,2.75
6/16/2005,714,2.65
6/17/2005,660,2.52
6/18/2005,559,2.26
6/19/2005,540,2.22
6/20/2005,576,2.32
6/21/2005,620,2.43
6/22/2005,751,2.73
6/23/2005,765,2.77
6/24/2005,639,2.46
6/25/2005,644,2.47
6/26/2005,765,2.77
6/27/2005,765,2.77
6/28/2005,656,2.51
6/29/2005,525,2.19
6/30/2005,550,2.25
7/1/2005,534,2.21
7/2/2005,730,2.69
7/3/2005,807,2.86
7/4/2005,823,2.9
7/5/2005,625,2.44
7/6/2005,619,2.42
7/7/2005,487,2.09
7/8/2005,427,1.92
7/9/2005,473,2.05
7/10/2005,481,2.07
7/11/2005,490,2.1
7/12/2005,550,2.25
7/13/2005,597,2.37
7/14/2005,598,2.37
7/15/2005,598,2.37
7/16/2005,598,2.37
7/17/2005,597,2.37
7/18/2005,593,2.36
7/19/2005,594,2.36
7/20/2005,590,2.35
7/21/2005,597,2.37
7/22/2005,599,2.38
7/23/2005,598,2.37
7/24/2005,601,2.38
7/25/2005,603,2.38
7/26/2005,603,2.39
7/27/2005,603,2.38
7/28/2005,612,2.41
7/29/2005,600,2.38
7/30/2005,597,2.37
7/31/2005,583,2.33
8/1/2005,510,2.15
8/2/2005,511,2.15
8/3/2005,508,2.14
8/4/2005,494,2.1
8/5/2005,491,2.1
8/6/2005,503,2.13
8/7/2005,527,2.19
8/8/2005,526,2.19
8/9/2005,520,2.17
8/10/2005,524,2.19
8/11/2005,539,2.22
8/12/2005,526,2.19
8/13/2005,526,2.19
8/14/2005,526,2.19
8/15/2005,852,2.93
8/16/2005,862,2.98
8/17/2005,590,2.34
8/18/2005,531,2.2
8/19/2005,428,1.91
8/20/2005,301,1.54
8/21/2005,165,1.06
8/22/2005,223,1.26
8/23/2005,173,1.09
8/24/2005,164,1.06
8/25/2005,164,1.06
8/26/2005,161,1.05
8/27/2005,162,1.05
8/28/2005,162,1.05
8/29/2005,161,1.04
8/30/2005,161,1.04
8/31/2005,158,1.03
9/1/2005,162,1.05
9/2/2005,162,1.05
9/3/2005,159,1.03
9/4/2005,135,0.93
9/5/2005,147,0.99
9/6/2005,161,1.05
9/7/2005,171,1.08
9/8/2005,162,1.05
9/9/2005,160,1.04
9/10/2005,151,1
9/11/2005,127,0.9
9/12/2005,110,0.82
9/13/2005,94.1,0.75
9/14/2005,104,0.79
9/15/2005,96.4,0.76
9/16/2005,98.1,0.77
9/17/2005,99,0.77
9/18/2005,92.8,0.74
9/19/2005,92.7,0.74
9/20/2005,90.4,0.73
9/21/2005,79.1,0.67
9/22/2005,83,0.69
9/23/2005,105,0.8
9/24/2005,70.2,0.61
9/25/2005,10.1,0.17
9/26/2005,0,-0.27
9/27/2005,0,-0.6
9/28/2005,0.196,-0.67
9/29/2005,56.6,0.52
9/30/2005,101,0.78
10/1/2005,152,1.01
10/2/2005,159,1.04
10/3/2005,142,0.96
10/4/2005,134,0.93
10/5/2005,127,0.9
10/6/2005,94,0.75
10/7/2005,78.3,0.67
10/8/2005,74.7,0.65
10/9/2005,49.6,0.5
10/10/2005,138,0.94
10/11/2005,166,1.07
10/12/2005,168,1.07
10/13/2005,167,1.07
10/14/2005,164,1.06
10/15/2005,164,1.06
10/16/2005,166,1.07
10/17/2005,167,1.07
10/18/2005,166,1.06
10/19/2005,165,1.06
10/20/2005,165,1.06
10/21/2005,165,1.06
10/22/2005,165,1.06
10/23/2005,165,1.06
10/24/2005,165,1.06
10/25/2005,165,1.06
10/26/2005,162,1.05
10/27/2005,163,1.05
10/28/2005,163,1.05
10/29/2005,163,1.05
10/30/2005,163,1.05
10/31/2005,316,1.57
11/1/2005,379,1.78
11/2/2005,387,1.81
11/3/2005,396,1.83
11/4/2005,369,1.75
11/5/2005,330,1.64
11/6/2005,306,1.56
11/7/2005,302,1.55
11/8/2005,324,1.62
11/9/2005,341,1.67
11/10/2005,331,1.64
11/11/2005,328,1.63
11/12/2005,328,1.63
11/13/2005,340,1.67
11/14/2005,350,1.7
11/15/2005,3.69,-0.76
11/16/2005,0,-0.79
11/17/2005,0,-0.79
11/18/2005,0,-0.81
11/19/2005,0,-0.81
11/20/2005,0,-0.81
11/21/2005,0,-0.75
11/22/2005,0,-0.68
11/23/2005,0,-0.68
11/24/2005,0,-0.68
11/25/2005,0,-0.68
11/26/2005,0,-0.68
11/27/2005,0,-0.68
11/28/2005,0,-0.68
11/29/2005,0,-0.68
11/30/2005,0,-0.68
12/1/2005,0,-0.68
12/2/2005,0,-0.68
12/3/2005,0,-0.68
12/4/2005,0,-0.68
12/5/2005,0,-0.68
12/6/2005,0,-0.68
12/7/2005,0,-0.68
12/8/2005,0,-0.68
12/9/2005,0,-0.68
12/10/2005,0,-0.68
12/11/2005,0,-0.68
12/12/2005,0,-0.68
12/13/2005,0,-0.68
12/14/2005,0,-0.68
12/15/2005,0,-0.68
12/16/2005,0,-0.68
12/17/2005,0,-0.68
12/18/2005,0,-0.68
12/19/2005,0,-0.68
12/20/2005,-10.4,-11.08
12/21/2005,0,-0.68
12/22/2005,0,-0.68
12/23/2005,0,-0.68
12/24/2005,0,-0.68
12/25/2005,0,-0.68
12/26/2005,0,-0.68
12/27/2005,0,-0.68
12/28/2005,0,-0.68
12/29/2005,0,-0.68
12/30/2005,0,-0.68
12/31/2005,0,-0.68
1/1/2006,0,-0.68
1/2/2006,0,-0.68
1/3/2006,0,-0.68
1/4/2006,0,-0.68
1/5/2006,0,-0.68
1/6/2006,0,-0.68
1/7/2006,0,-0.68
1/8/2006,0,-0.68
1/9/2006,0,-0.68
1/10/2006,0,-0.68
1/11/2006,0,-0.68
1/12/2006,0,-0.68
1/13/2006,0,-0.68
1/14/2006,0,-0.68
1/15/2006,0,-0.68
1/16/2006,0,-0.68
1/17/2006,0,-0.68
1/18/2006,0,-0.68
1/19/2006,0,-0.68
1/20/2006,0,-0.68
1/21/2006,0,-0.68
1/22/2006,0,-0.68
1/23/2006,0,-0.68
1/24/2006,0,-0.68
1/25/2006,0,-0.68
1/26/2006,0,-0.66
1/27/2006,0,-0.62
1/28/2006,0,-0.62
1/29/2006,0,-0.62
1/30/2006,0,-0.62
1/31/2006,0,-0.62
2/1/2006,0,-0.62
2/2/2006,0,-0.62
2/3/2006,0,-0.62
2/4/2006,0,-0.62
2/5/2006,0,-0.62
2/6/2006,0,-0.63
2/7/2006,0,-0.65
2/8/2006,0,-0.65
2/9/2006,0,-0.65
2/10/2006,0,-0.65
2/11/2006,0,-0.65
2/12/2006,0,-0.65
2/13/2006,0,-0.65
2/14/2006,0,-0.65
2/15/2006,0,-0.65
2/16/2006,0,-0.63
2/17/2006,0,-0.53
2/18/2006,0,-0.65
2/19/2006,0,-0.65
2/20/2006,0,-0.65
2/21/2006,0,-0.65
2/22/2006,0,-0.65
2/23/2006,0,-0.65
2/24/2006,0,-0.65
2/25/2006,0,-0.65
2/26/2006,0,-0.65
2/27/2006,0,-0.65
2/28/2006,0,-0.65
3/1/2006,0,-0.65
3/2/2006,0,-0.65
3/3/2006,0,-0.65
3/4/2006,0,-0.65
3/5/2006,0,-0.65
3/6/2006,0,-0.65
3/7/2006,0,-0.65
3/8/2006,0,-0.65
3/9/2006,0,-0.65
3/10/2006,0,-0.65
3/11/2006,0,-0.65
3/12/2006,0,-0.65
3/13/2006,8.67,-0.42
3/14/2006,0,-0.63
3/15/2006,196,1.17
3/16/2006,216,1.26
3/17/2006,214,1.25
3/18/2006,226,1.29
3/19/2006,216,1.25
3/20/2006,207,1.22
3/21/2006,261,1.41
3/22/2006,353,1.7
3/23/2006,348,1.69
3/24/2006,252,1.38
3/25/2006,172,1.09
3/26/2006,200,1.19
3/27/2006,235,1.32
3/28/2006,190,1.16
3/29/2006,181,1.12
3/30/2006,183,1.13
3/31/2006,194,1.17
4/1/2006,175,1.1
4/2/2006,146,0.98
4/3/2006,135,0.94
4/4/2006,214,1.25
4/5/2006,218,1.26
4/6/2006,222,1.28
4/7/2006,217,1.26
4/8/2006,202,1.2
4/9/2006,174,1.1
4/10/2006,156,1.03
4/11/2006,147,0.99
4/12/2006,125,0.89
4/13/2006,117,0.86
4/14/2006,101,0.78
4/15/2006,90.4,0.73
4/16/2006,74.3,0.64
4/17/2006,63.5,0.58
4/18/2006,70,0.62
4/19/2006,147,0.96
4/20/2006,280,1.48
4/21/2006,254,1.39
4/22/2006,147,0.98
4/23/2006,105,0.8
4/24/2006,87.8,0.71
4/25/2006,101,0.78
4/26/2006,119,0.87
4/27/2006,85.8,0.71
4/28/2006,83.2,0.69
4/29/2006,102,0.79
4/30/2006,166,1.06
5/1/2006,318,1.6
5/2/2006,322,1.61
5/3/2006,244,1.35
5/4/2006,171,1.09
5/5/2006,166,1.06
5/6/2006,166,1.06
5/7/2006,166,1.07
5/8/2006,165,1.06
5/9/2006,169,1.08
5/10/2006,283,1.49
5/11/2006,290,1.51
5/12/2006,210,1.23
5/13/2006,165,1.06
5/14/2006,163,1.05
5/15/2006,156,1.03
5/16/2006,165,1.06
5/17/2006,205,1.22
5/18/2006,204,1.21
5/19/2006,231,1.31
5/20/2006,317,1.59
5/21/2006,442,1.96
5/22/2006,576,2.31
5/23/2006,675,2.56
5/24/2006,623,2.43
5/25/2006,590,2.35
5/26/2006,677,2.56
5/27/2006,746,2.72
5/28/2006,711,2.64
5/29/2006,762,2.76
5/30/2006,761,2.76
5/31/2006,751,2.73
6/1/2006,720,2.66
6/2/2006,558,2.26
6/3/2006,521,2.17
6/4/2006,406,1.86
6/5/2006,456,1.99
6/6/2006,822,2.89
6/7/2006,966,3.2
6/8/2006,818,2.88
6/9/2006,761,2.76
6/10/2006,761,2.76
6/11/2006,761,2.76
6/12/2006,760,2.76
6/13/2006,760,2.76
6/14/2006,697,2.61
6/15/2006,547,2.24
6/16/2006,471,2.04
6/17/2006,410,1.87
6/18/2006,269,1.43
6/19/2006,228,1.29
6/20/2006,283,1.47
6/21/2006,331,1.64
6/22/2006,331,1.64
6/23/2006,332,1.64
6/24/2006,333,1.65
6/25/2006,333,1.65
6/26/2006,333,1.65
6/27/2006,331,1.64
6/28/2006,327,1.63
6/29/2006,331,1.64
6/30/2006,331,1.64
7/1/2006,332,1.64
7/2/2006,333,1.64
7/3/2006,308,1.57
7/4/2006,172,1.09
7/5/2006,168,1.07
7/6/2006,392,1.73
7/7/2006,558,2.26
7/8/2006,755,2.74
7/9/2006,601,2.36
7/10/2006,718,2.65
7/11/2006,925,3.11
7/12/2006,927,3.12
7/13/2006,533,2.12
7/14/2006,175,1.1
7/15/2006,319,1.57
7/16/2006,368,1.75
7/17/2006,173,1.09
7/18/2006,163,1.05
7/19/2006,94,0.62
7/20/2006,169,1.08
7/21/2006,164,1.06
7/22/2006,164,1.06
7/23/2006,165,1.06
7/24/2006,164,1.06
7/25/2006,165,1.06
7/26/2006,164,1.06
7/27/2006,164,1.06
7/28/2006,164,1.06
7/29/2006,164,1.06
7/30/2006,163,1.06
7/31/2006,164,1.06
8/1/2006,163,1.05
8/2/2006,164,1.06
8/3/2006,163,1.05
8/4/2006,163,1.05
8/5/2006,163,1.06
8/6/2006,165,1.06
8/7/2006,164,1.06
8/8/2006,163,1.05
8/9/2006,163,1.06
8/10/2006,165,1.06
8/11/2006,165,1.06
8/12/2006,165,1.06
8/13/2006,164,1.06
8/14/2006,166,1.06
8/15/2006,166,1.06
8/16/2006,165,1.06
8/17/2006,164,1.06
8/18/2006,173,1.09
8/19/2006,402,1.76
8/20/2006,738,2.7
8/21/2006,678,2.56
8/22/2006,496,2.1
8/23/2006,244,1.33
8/24/2006,163,1.05
8/25/2006,165,1.06
8/26/2006,167,1.07
8/27/2006,305,1.47
8/28/2006,828,2.9
8/29/2006,759,2.75
8/30/2006,580,2.32
8/31/2006,264,1.39
9/1/2006,165,1.06
9/2/2006,351,1.65
9/3/2006,596,2.35
9/4/2006,242,1.35
9/5/2006,168,1.07
9/6/2006,163,1.05
9/7/2006,162,1.05
9/8/2006,162,1.05
9/9/2006,164,1.06
9/10/2006,165,1.06
9/11/2006,165,1.06
9/12/2006,199,1.19
9/13/2006,183,1.13
9/14/2006,166,1.06
9/15/2006,165,1.06
9/16/2006,165,1.06
9/17/2006,164,1.06
9/18/2006,164,1.06
9/19/2006,162,1.05
9/20/2006,163,1.05
9/21/2006,164,1.06
9/22/2006,164,1.06
9/23/2006,165,1.06
9/24/2006,164,1.06
9/25/2006,164,1.06
9/26/2006,164,1.06
9/27/2006,163,1.05
9/28/2006,164,1.06
9/29/2006,164,1.06
9/30/2006,164,1.06
10/1/2006,164,1.06
10/2/2006,164,1.06
10/3/2006,164,1.06
10/4/2006,164,1.06
10/5/2006,164,1.06
10/6/2006,164,1.06
10/7/2006,164,1.06
10/8/2006,164,1.06
10/9/2006,164,1.06
10/10/2006,163,1.05
10/11/2006,164,1.06
10/12/2006,164,1.06
10/13/2006,164,1.06
10/14/2006,190,1.16
10/15/2006,193,1.16
10/16/2006,178,1.11
10/17/2006,234,1.32
10/18/2006,257,1.4
10/19/2006,281,1.48
10/20/2006,299,1.54
10/21/2006,298,1.53
10/22/2006,272,1.45
10/23/2006,274,1.46
10/24/2006,292,1.52
10/25/2006,312,1.58
10/26/2006,396,1.83
10/27/2006,680,2.56
10/28/2006,770,2.78
10/29/2006,738,2.71
10/30/2006,577,2.31
10/31/2006,448,1.98
11/1/2006,624,2.44
11/2/2006,663,2.53
11/3/2006,648,2.49
11/4/2006,629,2.45
11/5/2006,613,2.41
11/6/2006,599,2.38
11/7/2006,584,2.34
11/8/2006,562,2.28
11/9/2006,547,2.24
11/10/2006,537,2.22
11/11/2006,542,2.23
11/12/2006,585,2.34
11/13/2006,609,2.4
11/14/2006,275,0.87
11/15/2006,0,-0.46
11/16/2006,0,-0.48
11/17/2006,0,-0.5
11/18/2006,71.8,0.23
11/19/2006,117,0.84
11/20/2006,144,0.97
11/21/2006,108,0.81
11/22/2006,91.6,0.74
11/23/2006,86.6,0.71
11/24/2006,81.8,0.68
11/25/2006,80.1,0.68
11/26/2006,77.5,0.66
11/27/2006,42.7,0.37
11/28/2006,0,0
11/29/2006,0,0
11/30/2006,0,0
12/1/2006,0,0
12/2/2006,0.991,0.02
12/3/2006,0,0
12/4/2006,0,0
12/5/2006,0,0
12/6/2006,0,0
12/7/2006,0,0
12/8/2006,0,0
12/9/2006,0,0
12/10/2006,0,0
12/11/2006,0,0
12/12/2006,0,0
12/13/2006,0,0
12/14/2006,0,-0.01
12/15/2006,0,-0.01
12/16/2006,0,-0.01
12/17/2006,0,-0.01
12/18/2006,0,-0.01
12/19/2006,0,-0.02
12/20/2006,0,-0.03
12/21/2006,0,-0.03
12/22/2006,0,-0.04
12/23/2006,0,-0.04
12/24/2006,0,-0.04
12/25/2006,0,-0.05
12/26/2006,0,-0.05
12/27/2006,0,-0.05
12/28/2006,0,-0.1
12/29/2006,0,-0.17
12/30/2006,0,-0.17
12/31/2006,0,-0.18
1/1/2007,0,-0.18
1/2/2007,0,-0.18
1/3/2007,0,-0.18
1/4/2007,0,-0.18
1/5/2007,0,-0.18
1/6/2007,0,-0.19
1/7/2007,0,-0.19
1/8/2007,0,-0.19
1/9/2007,0,-0.19
1/10/2007,0,-0.19
1/11/2007,0,-0.19
1/12/2007,0,-0.19
1/13/2007,0,-0.19
1/14/2007,0,-0.19
1/15/2007,0,-0.19
1/16/2007,0,-0.19
1/17/2007,0,-0.18
1/18/2007,0,-0.18
1/19/2007,0,-0.18
1/20/2007,0,-0.18
1/21/2007,0,-0.18
1/22/2007,0,-0.18
1/23/2007,0,-0.18
1/24/2007,0,-0.17
1/25/2007,0,-0.17
1/26/2007,0,-0.17
1/27/2007,0,-0.17
1/28/2007,0,-0.17
1/29/2007,0,-0.17
1/30/2007,0,-0.17
1/31/2007,0,-0.17
2/1/2007,0,-0.17
2/2/2007,0,-0.17
2/3/2007,0,-0.17
2/4/2007,0,-0.16
2/5/2007,0,-0.16
2/6/2007,0,-0.16
2/7/2007,0,-0.16
2/8/2007,0,-0.16
2/9/2007,0,-0.16
2/10/2007,0,-0.16
2/11/2007,0,-0.16
2/12/2007,0,-0.16
2/13/2007,0,-0.16
2/14/2007,0,-0.16
2/15/2007,0,-0.16
2/16/2007,0,-0.16
2/17/2007,0,-0.16
2/18/2007,0,-0.16
2/19/2007,0,-0.13
2/20/2007,0.102,-0.02
2/21/2007,3.11,0.07
2/22/2007,5.1,0.1
2/23/2007,0.933,0.03
2/24/2007,3.18,0.09
2/25/2007,3.11,0.09
2/26/2007,0.685,-0.2
2/27/2007,0,-0.3
2/28/2007,0,-0.32
3/1/2007,0,-0.33
3/2/2007,0,-0.33
3/3/2007,0,-0.34
3/4/2007,0,-0.34
3/5/2007,0,-0.36
3/6/2007,0,-0.38
3/7/2007,0,-0.42
3/8/2007,0,-0.47
3/9/2007,0,-0.51
3/10/2007,0,-0.55
3/11/2007,0,-0.6
3/12/2007,0,-0.63
3/13/2007,0,-0.66
3/14/2007,0,-0.65
3/15/2007,125,0.66
3/16/2007,160,1.04
3/17/2007,296,1.53
3/18/2007,332,1.64
3/19/2007,306,1.56
3/20/2007,222,1.26
3/21/2007,164,1.06
3/22/2007,180,1.12
3/23/2007,245,1.36
3/24/2007,361,1.73
3/25/2007,364,1.74
3/26/2007,392,1.82
3/27/2007,467,2.03
3/28/2007,403,1.85
3/29/2007,387,1.81
3/30/2007,385,1.8
3/31/2007,394,1.83
4/1/2007,381,1.79
4/2/2007,394,1.83
4/3/2007,392,1.82
4/4/2007,364,1.74
4/5/2007,297,1.53
4/6/2007,246,1.36
4/7/2007,242,1.35
4/8/2007,260,1.41
4/9/2007,263,1.42
4/10/2007,293,1.52
4/11/2007,274,1.46
4/12/2007,245,1.36
4/13/2007,310,1.57
4/14/2007,456,2
4/15/2007,500,2.12
4/16/2007,440,1.96
4/17/2007,331,1.64
4/18/2007,771,2.73
4/19/2007,655,2.49
4/20/2007,635,2.46
4/21/2007,723,2.67
4/22/2007,782,2.8
4/23/2007,718,2.66
4/24/2007,680,2.57
4/25/2007,720,2.66
4/26/2007,890,3.04
4/27/2007,848,2.94
4/28/2007,805,2.86
4/29/2007,736,2.7
4/30/2007,757,2.75
5/1/2007,759,2.75
5/2/2007,760,2.76
5/3/2007,875,3.01
5/4/2007,850,2.95
5/5/2007,562,2.28
5/6/2007,710,2.63
5/7/2007,896,3.05
5/8/2007,920,3.1
5/9/2007,918,3.1
5/10/2007,863,2.98
5/11/2007,702,2.62
5/12/2007,760,2.75
5/13/2007,923,3.11
5/14/2007,803,2.85
5/15/2007,761,2.76
5/16/2007,819,2.89
5/17/2007,861,2.98
5/18/2007,863,2.98
5/19/2007,906,3.08
5/20/2007,931,3.13
5/21/2007,846,2.94
5/22/2007,763,2.76
5/23/2007,763,2.76
5/24/2007,676,2.56
5/25/2007,632,2.45
5/26/2007,760,2.75
5/27/2007,764,2.76
5/28/2007,603,2.37
5/29/2007,651,2.49
5/30/2007,759,2.75
5/31/2007,758,2.75
6/1/2007,758,2.75
6/2/2007,761,2.76
6/3/2007,762,2.76
6/4/2007,759,2.75
6/5/2007,758,2.75
6/6/2007,759,2.75
6/7/2007,759,2.75
6/8/2007,759,2.75
6/9/2007,860,2.97
6/10/2007,830,2.91
6/11/2007,764,2.77
6/12/2007,716,2.65
6/13/2007,740,2.71
6/14/2007,878,3.01
6/15/2007,925,3.12
6/16/2007,926,3.12
6/17/2007,926,3.12
6/18/2007,924,3.11
6/19/2007,876,3.01
6/20/2007,784,2.81
6/21/2007,759,2.75
6/22/2007,762,2.76
6/23/2007,873,3
6/24/2007,884,3.03
6/25/2007,778,2.79
6/26/2007,766,2.77
6/27/2007,887,3.03
6/28/2007,934,3.13
6/29/2007,934,3.13
6/30/2007,840,2.93
7/1/2007,727,2.68
7/2/2007,791,2.82
7/3/2007,727,2.68
7/4/2007,647,2.49
7/5/2007,610,2.4
7/6/2007,620,2.43
7/7/2007,702,2.62
7/8/2007,627,2.44
7/9/2007,617,2.42
7/10/2007,631,2.45
7/11/2007,404,1.84
7/12/2007,351,1.7
7/13/2007,318,1.6
7/14/2007,310,1.58
7/15/2007,313,1.58
7/16/2007,318,1.6
7/17/2007,312,1.58
7/18/2007,312,1.58
7/19/2007,316,1.59
7/20/2007,275,1.45
7/21/2007,517,2.09
7/22/2007,763,2.76
7/23/2007,760,2.76
7/24/2007,493,2.08
7/25/2007,235,1.31
7/26/2007,163,1.05
7/27/2007,254,1.36
7/28/2007,324,1.61
7/29/2007,425,1.91
7/30/2007,419,1.9
7/31/2007,455,2
8/1/2007,371,1.76
8/2/2007,399,1.84
8/3/2007,461,1.97
8/4/2007,644,2.48
8/5/2007,573,2.31
8/6/2007,502,2.12
8/7/2007,701,2.62
8/8/2007,818,2.88
8/9/2007,672,2.55
8/10/2007,761,2.76
8/11/2007,758,2.75
8/12/2007,500,2.1
8/13/2007,347,1.69
8/14/2007,418,1.9
8/15/2007,420,1.9
8/16/2007,461,2.01
8/17/2007,620,2.41
8/18/2007,759,2.75
8/19/2007,760,2.76
8/20/2007,759,2.75
8/21/2007,696,2.61
8/22/2007,603,2.38
8/23/2007,516,2.16
8/24/2007,367,1.75
8/25/2007,514,2.15
8/26/2007,429,1.93
8/27/2007,329,1.62
8/28/2007,224,1.28
8/29/2007,181,1.12
8/30/2007,233,1.26
8/31/2007,588,2.32
9/1/2007,261,1.41
9/2/2007,168,1.07
9/3/2007,164,1.06
9/4/2007,163,1.04
9/5/2007,164,1.06
9/6/2007,164,1.06
9/7/2007,163,1.05
9/8/2007,165,1.06
9/9/2007,164,1.06
9/10/2007,164,1.06
9/11/2007,164,1.06
9/12/2007,165,1.06
9/13/2007,165,1.06
9/14/2007,166,1.06
9/15/2007,161,1.04
9/16/2007,161,1.04
9/17/2007,165,1.06
9/18/2007,162,1.05
9/19/2007,165,1.06
9/20/2007,164,1.06
9/21/2007,164,1.06
9/22/2007,164,1.06
9/23/2007,164,1.06
9/24/2007,164,1.06
9/25/2007,164,1.06
9/26/2007,164,1.06
9/27/2007,164,1.06
9/28/2007,164,1.06
9/29/2007,164,1.06
9/30/2007,164,1.06
10/1/2007,164,1.06
10/2/2007,163,1.05
10/3/2007,164,1.06
10/4/2007,164,1.06
10/5/2007,161,1.05
10/6/2007,164,1.06
10/7/2007,162,1.05
10/8/2007,162,1.05
10/9/2007,162,1.05
10/10/2007,162,1.05
10/11/2007,161,1.05
10/12/2007,164,1.06
10/13/2007,163,1.05
10/14/2007,165,1.06
10/15/2007,165,1.06
10/16/2007,223,1.28
10/17/2007,235,1.32
10/18/2007,236,1.33
10/19/2007,313,1.58
10/20/2007,351,1.7
10/21/2007,355,1.71
10/22/2007,352,1.7
10/23/2007,351,1.7
10/24/2007,352,1.7
10/25/2007,351,1.7
10/26/2007,351,1.7
10/27/2007,350,1.7
10/28/2007,351,1.7
10/29/2007,350,1.7
10/30/2007,346,1.68
10/31/2007,326,1.62
11/1/2007,328,1.63
11/2/2007,352,1.7
11/3/2007,374,1.77
11/4/2007,387,1.81
11/5/2007,394,1.83
11/6/2007,393,1.82
11/7/2007,365,1.74
11/8/2007,362,1.73
11/9/2007,354,1.71
11/10/2007,396,1.83
11/11/2007,403,1.85
11/12/2007,401,1.85
11/13/2007,401,1.85
11/14/2007,378,1.78
11/15/2007,0,-0.55
11/16/2007,0,-0.73
11/17/2007,0,-0.96
11/18/2007,0,-0.96
11/19/2007,0,-0.96
11/20/2007,0,-0.96
11/21/2007,0,-0.96
11/22/2007,0,-0.96
11/23/2007,0,-0.96
11/24/2007,0,-0.96
11/25/2007,0,-0.96
11/26/2007,0,-0.96
11/27/2007,0,-0.96
11/28/2007,0,-0.96
11/29/2007,0,-0.96
11/30/2007,0,-0.96
12/1/2007,0,-0.96
12/2/2007,0,-0.96
12/3/2007,0,-0.96
12/4/2007,0,-0.96
12/5/2007,0,-0.96
12/6/2007,0,-0.96
12/7/2007,0,-0.96
12/8/2007,0,-0.96
12/9/2007,0,-0.96
12/10/2007,0,-0.96
12/11/2007,0,-0.96
12/12/2007,0,-0.96
12/13/2007,0,-0.96
12/14/2007,0,-0.96
12/15/2007,0,-0.96
12/16/2007,0,-0.96
12/17/2007,0,-0.96
12/18/2007,0,-0.96
12/19/2007,0,-0.96
12/20/2007,0,-0.96
12/21/2007,0,-0.96
12/22/2007,0,-0.96
12/23/2007,0,-0.96
12/24/2007,0,-0.96
12/25/2007,0,-0.96
12/26/2007,0,-0.96
12/27/2007,0,-0.96
12/28/2007,0,-0.95
12/29/2007,0,-0.93
12/30/2007,0,-0.93
12/31/2007,0,-0.93
1/1/2008,0,-0.92
1/2/2008,0,-0.92
1/3/2008,0,-0.92
1/4/2008,0,-0.92
1/5/2008,0,-0.92
1/6/2008,0,-0.95
1/7/2008,0,-0.96
1/8/2008,0,-0.96
1/9/2008,0,-0.96
1/10/2008,0,-0.96
1/11/2008,0,-0.96
1/12/2008,0,-0.96
1/13/2008,0,-0.96
1/14/2008,0,-0.96
1/15/2008,0,-0.96
1/16/2008,0,-0.96
1/17/2008,0,-0.95
1/18/2008,0,-0.95
1/19/2008,0,-0.95
1/20/2008,0,-0.95
1/21/2008,0,-0.95
1/22/2008,0,-0.95
1/23/2008,0,-0.95
1/24/2008,0,-0.95
1/25/2008,0,-0.95
1/26/2008,0,-0.95
1/27/2008,0,-0.95
1/28/2008,0,-0.95
1/29/2008,0,-0.95
1/30/2008,0,-0.95
1/31/2008,0,-0.95
2/1/2008,0,-0.95
2/2/2008,0,-0.95
2/3/2008,0,-0.95
2/4/2008,0,-0.95
2/5/2008,0,-0.95
2/6/2008,0,-0.95
2/7/2008,0,-0.95
2/8/2008,0,-0.95
2/9/2008,0,-0.95
2/10/2008,0,-0.95
2/11/2008,0,-0.95
2/12/2008,0,-0.96
2/13/2008,0,-0.96
2/14/2008,0,-0.95
2/15/2008,0,-0.95
2/16/2008,0,-0.95
2/17/2008,0,-0.95
2/18/2008,0,-0.95
2/19/2008,0,-0.95
2/20/2008,0,-0.95
2/21/2008,0,-0.95
2/22/2008,0,-0.95
2/23/2008,0,-0.95
2/24/2008,0,-0.95
2/25/2008,0,-0.95
2/26/2008,0,-0.95
2/27/2008,0,-0.95
2/28/2008,0,-0.95
2/29/2008,0,-0.95
3/1/2008,0,-0.95
3/2/2008,0,-0.95
3/3/2008,0,-0.95
3/4/2008,0,-0.95
3/5/2008,0,-0.95
3/6/2008,0,-0.95
3/7/2008,0,-0.95
3/8/2008,0,-0.95
3/9/2008,0,-0.95
3/10/2008,0,-0.95
3/11/2008,0,-0.95
3/12/2008,0,-0.95
3/13/2008,0,-0.95
3/14/2008,0,-0.95
3/15/2008,297,1.31
3/16/2008,518,2.17
3/17/2008,530,2.2
3/18/2008,528,2.19
3/19/2008,520,2.17
3/20/2008,494,2.11
3/21/2008,470,2.04
3/22/2008,427,1.92
3/23/2008,414,1.88
3/24/2008,425,1.92
3/25/2008,438,1.95
3/26/2008,461,2.02
3/27/2008,523,2.18
3/28/2008,561,2.28
3/29/2008,571,2.31
3/30/2008,534,2.21
3/31/2008,468,2.03
4/1/2008,432,1.94
4/2/2008,421,1.91
4/3/2008,413,1.88
4/4/2008,367,1.75
4/5/2008,357,1.72
4/6/2008,417,1.89
4/7/2008,408,1.87
4/8/2008,390,1.82
4/9/2008,408,1.87
4/10/2008,426,1.92
4/11/2008,466,2.03
4/12/2008,516,2.16
4/13/2008,545,2.24
4/14/2008,402,1.83
4/15/2008,264,1.42
4/16/2008,260,1.41
4/17/2008,258,1.4
4/18/2008,257,1.4
4/19/2008,260,1.41
4/20/2008,261,1.41
4/21/2008,260,1.41
4/22/2008,260,1.41
4/23/2008,258,1.4
4/24/2008,259,1.41
4/25/2008,259,1.41
4/26/2008,169,1.08
4/27/2008,162,1.05
4/28/2008,163,1.05
4/29/2008,163,1.05
4/30/2008,166,1.07
5/1/2008,162,1.05
5/2/2008,164,1.06
5/3/2008,163,1.05
5/4/2008,162,1.05
5/5/2008,162,1.05
5/6/2008,162,1.05
5/7/2008,197,1.18
5/8/2008,238,1.33
5/9/2008,191,1.16
5/10/2008,175,1.1
5/11/2008,173,1.09
5/12/2008,162,1.05
5/13/2008,164,1.06
5/14/2008,165,1.06
5/15/2008,165,1.06
5/16/2008,165,1.06
5/17/2008,165,1.06
5/18/2008,164,1.06
5/19/2008,164,1.06
5/20/2008,164,1.06
5/21/2008,290,1.47
5/22/2008,543,2.23
5/23/2008,815,2.88
5/24/2008,861,2.98
5/25/2008,863,2.98
5/26/2008,863,2.98
5/27/2008,863,2.98
5/28/2008,771,2.78
5/29/2008,612,2.41
5/30/2008,474,2.05
5/31/2008,632,2.45
6/1/2008,861,2.97
6/2/2008,764,2.76
6/3/2008,761,2.76
6/4/2008,763,2.76
6/5/2008,761,2.76
6/6/2008,777,2.79
6/7/2008,761,2.76
6/8/2008,761,2.76
6/9/2008,761,2.76
6/10/2008,764,2.76
6/11/2008,763,2.76
6/12/2008,761,2.76
6/13/2008,762,2.76
6/14/2008,762,2.76
6/15/2008,767,2.77
6/16/2008,763,2.76
6/17/2008,763,2.76
6/18/2008,762,2.76
6/19/2008,761,2.76
6/20/2008,761,2.76
6/21/2008,761,2.76
6/22/2008,760,2.76
6/23/2008,790,2.82
6/24/2008,1050,3.38
6/25/2008,1050,3.38
6/26/2008,1050,3.38
6/27/2008,1040,3.36
6/28/2008,960,3.19
6/29/2008,965,3.2
6/30/2008,954,3.18
7/1/2008,955,3.18
7/2/2008,955,3.18
7/3/2008,956,3.18
7/4/2008,955,3.18
7/5/2008,957,3.18
7/6/2008,958,3.18
7/7/2008,957,3.18
7/8/2008,955,3.18
7/9/2008,947,3.16
7/10/2008,946,3.16
7/11/2008,945,3.16
7/12/2008,945,3.16
7/13/2008,947,3.16
7/14/2008,893,3.05
7/15/2008,767,2.77
7/16/2008,806,2.86
7/17/2008,826,2.9
7/18/2008,710,2.64
7/19/2008,666,2.53
7/20/2008,379,1.77
7/21/2008,292,1.51
7/22/2008,286,1.5
7/23/2008,335,1.65
7/24/2008,376,1.78
7/25/2008,401,1.85
7/26/2008,522,2.18
7/27/2008,633,2.46
7/28/2008,595,2.36
7/29/2008,539,2.22
7/30/2008,556,2.27
7/31/2008,460,2.01
8/1/2008,368,1.75
8/2/2008,365,1.74
8/3/2008,363,1.74
8/4/2008,364,1.74
8/5/2008,364,1.74
8/6/2008,365,1.74
8/7/2008,364,1.74
8/8/2008,367,1.75
8/9/2008,365,1.74
8/10/2008,363,1.74
8/11/2008,362,1.74
8/12/2008,358,1.72
8/13/2008,364,1.74
8/14/2008,363,1.74
8/15/2008,370,1.76
8/16/2008,819,2.86
8/17/2008,1060,3.39
8/18/2008,987,3.25
8/19/2008,900,3.06
8/20/2008,889,3.04
8/21/2008,823,2.9
8/22/2008,723,2.66
8/23/2008,360,1.72
8/24/2008,624,2.42
8/25/2008,749,2.73
8/26/2008,757,2.75
8/27/2008,513,2.14
8/28/2008,348,1.69
8/29/2008,302,1.55
8/30/2008,387,1.81
8/31/2008,258,1.39
9/1/2008,170,1.08
9/2/2008,163,1.05
9/3/2008,163,1.05
9/4/2008,163,1.05
9/5/2008,200,1.2
9/6/2008,216,1.26
9/7/2008,216,1.26
9/8/2008,216,1.26
9/9/2008,216,1.26
9/10/2008,216,1.25
9/11/2008,212,1.24
9/12/2008,189,1.15
9/13/2008,164,1.06
9/14/2008,342,1.62
9/15/2008,173,1.09
9/16/2008,163,1.05
9/17/2008,163,1.05
9/18/2008,166,1.07
9/19/2008,165,1.06
9/20/2008,164,1.06
9/21/2008,156,1.03
9/22/2008,155,1.02
9/23/2008,162,1.05
9/24/2008,165,1.06
9/25/2008,165,1.06
9/26/2008,162,1.05
9/27/2008,162,1.05
9/28/2008,157,1.03
9/29/2008,149,1
9/30/2008,149,0.99
10/1/2008,160,1.04
10/2/2008,164,1.06
10/3/2008,161,1.04
10/4/2008,156,1.02
10/5/2008,150,1
10/6/2008,163,1.05
10/7/2008,158,1.03
10/8/2008,163,1.05
10/9/2008,163,1.05
10/10/2008,170,1.08
10/11/2008,179,1.12
10/12/2008,194,1.17
10/13/2008,287,1.5
10/14/2008,276,1.46
10/15/2008,308,1.57
10/16/2008,346,1.69
10/17/2008,346,1.69
10/18/2008,312,1.58
10/19/2008,292,1.52
10/20/2008,276,1.46
10/21/2008,266,1.43
10/22/2008,265,1.43
10/23/2008,276,1.46
10/24/2008,297,1.53
10/25/2008,328,1.63
10/26/2008,363,1.74
10/27/2008,345,1.68
10/28/2008,321,1.61
10/29/2008,312,1.58
10/30/2008,312,1.58
10/31/2008,316,1.59
11/1/2008,311,1.58
11/2/2008,310,1.57
11/3/2008,311,1.58
11/4/2008,285,1.49
11/5/2008,283,1.49
11/6/2008,305,1.56
11/7/2008,309,1.57
11/8/2008,324,1.62
11/9/2008,336,1.66
11/10/2008,344,1.68
11/11/2008,372,1.76
11/12/2008,430,1.93
11/13/2008,493,2.1
11/14/2008,523,2.18
11/15/2008,8.04,-0.26
11/16/2008,0,-0.46
11/17/2008,0,-0.47
11/18/2008,0,-0.47
11/19/2008,0,-0.68
11/20/2008,0,-0.9
11/21/2008,0,-0.9
11/22/2008,0,-0.9
11/23/2008,0,-0.9
11/24/2008,0,-0.9
11/25/2008,0,-0.9
11/26/2008,0,-0.9
11/27/2008,0,-0.9
11/28/2008,0,-0.9
11/29/2008,0,-0.9
11/30/2008,0,-0.9
12/1/2008,0,-0.9
12/2/2008,0,-0.9
12/3/2008,0,-0.9
12/4/2008,0,-0.9
12/5/2008,0,-0.9
12/6/2008,0,-0.9
12/7/2008,0,-0.9
12/8/2008,0,-0.9
12/9/2008,0,-0.9
12/10/2008,0,-0.9
12/11/2008,0,-0.9
12/12/2008,0,-0.9
12/13/2008,0,-0.9
12/14/2008,0,-0.9
12/15/2008,0,-0.9
12/16/2008,0,-0.9
12/17/2008,0,-0.9
12/18/2008,0,-0.9
12/19/2008,0,-0.9
12/20/2008,0,-0.89
12/21/2008,0,-0.89
12/22/2008,0,-0.89
12/23/2008,0,-0.89
12/24/2008,0,-0.89
12/25/2008,0,-0.89
12/26/2008,0,-0.89
12/27/2008,0,-0.89
12/28/2008,0,-0.89
12/29/2008,0,-0.89
12/30/2008,0,-0.89
12/31/2008,0,-0.89
1/1/2009,0,-0.89
1/2/2009,0,-0.89
1/3/2009,0,-0.89
1/4/2009,0,-0.89
1/5/2009,0,-0.89
1/6/2009,0,-0.89
1/7/2009,0,-0.89
1/8/2009,0,-0.89
1/9/2009,0,-0.89
1/10/2009,0,-0.89
1/11/2009,0,-0.89
1/12/2009,0,-0.89
1/13/2009,0,-0.89
1/14/2009,0,-0.89
1/15/2009,0,-0.89
1/16/2009,0,-0.89
1/17/2009,0,-0.89
1/18/2009,0,-0.89
1/19/2009,0,-0.89
1/20/2009,0,-0.89
1/21/2009,0,-0.89
1/22/2009,0,-0.89
1/23/2009,0,-0.89
1/24/2009,0,-0.89
1/25/2009,0,-0.89
1/26/2009,0,-0.89
1/27/2009,0,-0.89
1/28/2009,0,-0.89
1/29/2009,0,-0.89
1/30/2009,0,-0.89
1/31/2009,0,-0.89
2/1/2009,0,-0.89
2/2/2009,0,-0.89
2/3/2009,0,-0.89
2/4/2009,0,-0.89
2/5/2009,0,-0.89
2/6/2009,0,-0.89
2/7/2009,0,-0.89
2/8/2009,0,-0.89
2/9/2009,0,-0.89
2/10/2009,0,-0.89
2/11/2009,0,-0.89
2/12/2009,0,-0.89
2/13/2009,0,-0.9
2/14/2009,0,-0.9
2/15/2009,0,-0.9
2/16/2009,0,-0.9
2/17/2009,0,-0.9
2/18/2009,0,-0.9
2/19/2009,0,-0.9
2/20/2009,0,-0.9
2/21/2009,0,-0.9
2/22/2009,0,-0.9
2/23/2009,0,-0.9
2/24/2009,0,-0.9
2/25/2009,0,-0.9
2/26/2009,0,-0.89
2/27/2009,0,-0.89
2/28/2009,0,-0.89
3/1/2009,0,-0.89
3/2/2009,0,-0.89
3/3/2009,0,-0.89
3/4/2009,0,-0.89
3/5/2009,0,-0.89
3/6/2009,0,-0.89
3/7/2009,0,-0.89
3/8/2009,0,-0.89
3/9/2009,0,-0.89
3/10/2009,0,-0.9
3/11/2009,0,-0.9
3/12/2009,0,-0.9
3/13/2009,0,-0.9
3/14/2009,0,-0.9
3/15/2009,183,1.06
3/16/2009,203,1.2
3/17/2009,273,1.45
3/18/2009,267,1.43
3/19/2009,225,1.29
3/20/2009,193,1.17
3/21/2009,184,1.14
3/22/2009,183,1.13
3/23/2009,177,1.11
3/24/2009,244,1.35
3/25/2009,283,1.49
3/26/2009,240,1.34
3/27/2009,85.3,0.17
3/28/2009,2.8,-0.5
3/29/2009,59.8,-0.21
3/30/2009,238,1.33
3/31/2009,276,1.46
4/1/2009,227,1.3
4/2/2009,183,1.13
4/3/2009,202,1.2
4/4/2009,158,1.03
4/5/2009,254,1.39
4/6/2009,286,1.5
4/7/2009,318,1.6
4/8/2009,318,1.6
4/9/2009,300,1.54
4/10/2009,278,1.47
4/11/2009,299,1.54
4/12/2009,288,1.5
4/13/2009,283,1.49
4/14/2009,324,1.62
4/15/2009,430,1.93
4/16/2009,392,1.82
4/17/2009,352,1.7
4/18/2009,271,1.45
4/19/2009,387,1.79
4/20/2009,549,2.25
4/21/2009,441,1.96
4/22/2009,336,1.65
4/23/2009,396,1.83
4/24/2009,385,1.8
4/25/2009,309,1.57
4/26/2009,284,1.49
4/27/2009,249,1.36
4/28/2009,164,1.06
4/29/2009,165,1.06
4/30/2009,162,1.05
5/1/2009,163,1.05
5/2/2009,165,1.06
5/3/2009,164,1.06
5/4/2009,162,1.05
5/5/2009,161,1.05
5/6/2009,163,1.05
5/7/2009,265,1.41
5/8/2009,166,1.06
5/9/2009,166,1.06
5/10/2009,164,1.06
5/11/2009,164,1.05
5/12/2009,164,1.06
5/13/2009,159,1.04
5/14/2009,166,1.06
5/15/2009,408,1.8
5/16/2009,771,2.78
5/17/2009,763,2.76
5/18/2009,760,2.76
5/19/2009,761,2.76
5/20/2009,761,2.76
5/21/2009,768,2.77
5/22/2009,807,2.86
5/23/2009,764,2.77
5/24/2009,764,2.76
5/25/2009,762,2.76
5/26/2009,762,2.76
5/27/2009,761,2.76
5/28/2009,760,2.75
5/29/2009,767,2.77
5/30/2009,762,2.76
5/31/2009,766,2.77
6/1/2009,761,2.76
6/2/2009,865,2.99
6/3/2009,941,3.15
6/4/2009,930,3.12
6/5/2009,929,3.12
6/6/2009,925,3.12
6/7/2009,811,2.87
6/8/2009,761,2.76
6/9/2009,758,2.75
6/10/2009,762,2.76
6/11/2009,762,2.76
6/12/2009,764,2.76
6/13/2009,761,2.76
6/14/2009,760,2.76
6/15/2009,760,2.76
6/16/2009,762,2.76
6/17/2009,759,2.75
6/18/2009,760,2.76
6/19/2009,760,2.76
6/20/2009,761,2.76
6/21/2009,761,2.76
6/22/2009,762,2.76
6/23/2009,764,2.76
6/24/2009,763,2.76
6/25/2009,763,2.76
6/26/2009,763,2.76
6/27/2009,763,2.76
6/28/2009,764,2.76
6/29/2009,764,2.76
6/30/2009,763,2.76
7/1/2009,763,2.76
7/2/2009,756,2.74
7/3/2009,764,2.76
7/4/2009,764,2.77
7/5/2009,763,2.76
7/6/2009,763,2.76
7/7/2009,761,2.76
7/8/2009,767,2.77
7/9/2009,764,2.76
7/10/2009,573,2.29
7/11/2009,523,2.18
7/12/2009,522,2.18
7/13/2009,481,2.07
7/14/2009,334,1.65
7/15/2009,338,1.66
7/16/2009,316,1.59
7/17/2009,284,1.49
7/18/2009,283,1.49
7/19/2009,285,1.49
7/20/2009,289,1.51
7/21/2009,288,1.5
7/22/2009,287,1.5
7/23/2009,437,1.94
7/24/2009,284,1.49
7/25/2009,286,1.5
7/26/2009,294,1.52
7/27/2009,529,2.17
7/28/2009,721,2.65
7/29/2009,673,2.55
7/30/2009,669,2.54
7/31/2009,875,3.01
8/1/2009,832,2.91
8/2/2009,443,1.92
8/3/2009,271,1.44
8/4/2009,265,1.43
8/5/2009,284,1.49
8/6/2009,283,1.49
8/7/2009,285,1.49
8/8/2009,284,1.49
8/9/2009,284,1.49
8/10/2009,284,1.49
8/11/2009,280,1.48
8/12/2009,232,1.31
8/13/2009,273,1.45
8/14/2009,275,1.46
8/15/2009,273,1.45
8/16/2009,284,1.49
8/17/2009,285,1.49
8/18/2009,285,1.49
8/19/2009,294,1.52
8/20/2009,286,1.5
8/21/2009,283,1.49
8/22/2009,282,1.48
8/23/2009,283,1.49
8/24/2009,284,1.49
8/25/2009,283,1.49
8/26/2009,281,1.48
8/27/2009,276,1.46
8/28/2009,284,1.49
8/29/2009,286,1.5
8/30/2009,277,1.47
8/31/2009,269,1.44
9/1/2009,285,1.49
9/2/2009,284,1.49
9/3/2009,283,1.49
9/4/2009,284,1.49
9/5/2009,194,1.17
9/6/2009,165,1.06
9/7/2009,165,1.06
9/8/2009,159,1.03
9/9/2009,153,1.01
9/10/2009,158,1.03
9/11/2009,164,1.06
9/12/2009,165,1.06
9/13/2009,169,1.08
9/14/2009,161,1.04
9/15/2009,164,1.06
9/16/2009,161,1.05
9/17/2009,162,1.05
9/18/2009,164,1.06
9/19/2009,162,1.05
9/20/2009,163,1.05
9/21/2009,163,1.05
9/22/2009,163,1.05
9/23/2009,165,1.06
9/24/2009,164,1.06
9/25/2009,165,1.06
9/26/2009,164,1.06
9/27/2009,165,1.06
9/28/2009,165,1.06
9/29/2009,165,1.06
9/30/2009,165,1.06
10/1/2009,165,1.06
10/2/2009,165,1.06
10/3/2009,166,1.06
10/4/2009,166,1.07
10/5/2009,165,1.06
10/6/2009,164,1.06
10/7/2009,161,1.05
10/8/2009,167,1.07
10/9/2009,166,1.07
10/10/2009,166,1.06
10/11/2009,166,1.07
10/12/2009,166,1.06
10/13/2009,164,1.06
10/14/2009,163,1.05
10/15/2009,164,1.06
10/16/2009,163,1.05
10/17/2009,166,1.06
10/18/2009,168,1.07
10/19/2009,166,1.06
10/20/2009,165,1.06
10/21/2009,242,1.32
10/22/2009,467,2.03
10/23/2009,634,2.46
10/24/2009,567,2.3
10/25/2009,570,2.3
10/26/2009,570,2.3
10/27/2009,497,2.11
10/28/2009,433,1.94
10/29/2009,507,2.14
10/30/2009,550,2.25
10/31/2009,621,2.43
11/1/2009,710,2.64
11/2/2009,756,2.75
11/3/2009,745,2.72
11/4/2009,688,2.59
11/5/2009,668,2.54
11/6/2009,671,2.55
11/7/2009,662,2.53
11/8/2009,670,2.55
11/9/2009,655,2.51
11/10/2009,624,2.44
11/11/2009,630,2.45
11/12/2009,660,2.52
11/13/2009,291,0.9
11/14/2009,0,-0.78
11/15/2009,0,-0.79
11/16/2009,0,-0.79
11/17/2009,0,-0.79
11/18/2009,0,-0.79
11/19/2009,0,-0.79
11/20/2009,0,-0.79
11/21/2009,0,-0.79
11/22/2009,0,-0.79
11/23/2009,0,-0.79
11/24/2009,0,-0.79
11/25/2009,0,-0.79
11/26/2009,0,-0.79
11/27/2009,0,-0.79
11/28/2009,0,-0.79
11/29/2009,0,-0.79
11/30/2009,0,-0.79
12/1/2009,0,-0.79
12/2/2009,0,-0.79
12/3/2009,0,-0.79
12/4/2009,0,-0.79
12/5/2009,0,-0.79
12/6/2009,0,-0.8
12/7/2009,0,-0.79
12/8/2009,0,-0.77
12/9/2009,0,-0.75
12/10/2009,0,-0.73
12/11/2009,0,-0.73
12/12/2009,0,-0.73
12/13/2009,0,-0.73
12/14/2009,0,-0.72
12/15/2009,0,-0.72
12/16/2009,0,-0.72
12/17/2009,0,-0.72
12/18/2009,0,-0.73
12/19/2009,0,-0.73
12/20/2009,0,-0.73
12/21/2009,0,-0.73
12/22/2009,0,-0.74
12/23/2009,0,-0.76
12/24/2009,0,-0.77
12/25/2009,0,-0.76
12/26/2009,0,-0.75
12/27/2009,0,-0.75
12/28/2009,0,-0.75
12/29/2009,0,-0.74
12/30/2009,0,-0.74
12/31/2009,0,-0.74
1/1/2010,0,-0.74
1/2/2010,0,-0.74
1/3/2010,0,-0.74
1/4/2010,0,-0.74
1/5/2010,0,-0.74
1/6/2010,0,-0.74
1/7/2010,0,-0.73
1/8/2010,0,-0.73
1/9/2010,0,-0.73
1/10/2010,0,-0.73
1/11/2010,0,-0.73
1/12/2010,0,-0.73
1/13/2010,0,-0.73
1/14/2010,0,-0.73
1/15/2010,0,-0.73
1/16/2010,0,-0.73
1/17/2010,0,-0.73
1/18/2010,0,-0.73
1/19/2010,0,-0.73
1/20/2010,0,-0.73
1/21/2010,0,-0.73
1/22/2010,0,-0.74
1/23/2010,0,-0.76
1/24/2010,0,-0.78
1/25/2010,0,-0.79
1/26/2010,0,-0.79
1/27/2010,0,-0.79
1/28/2010,0,-0.79
1/29/2010,0,-0.79
1/30/2010,0,-0.78
1/31/2010,0,-0.77
2/1/2010,0,-0.77
2/2/2010,0,-0.77
2/3/2010,0,-0.77
2/4/2010,0,-0.78
2/5/2010,0,-0.79
2/6/2010,0,-0.8
2/7/2010,0,-0.8
2/8/2010,0,-0.8
2/9/2010,0,-0.8
2/10/2010,0,-0.8
2/11/2010,0,-0.8
2/12/2010,0,-0.8
2/13/2010,0,-0.82
2/14/2010,0,-0.84
2/15/2010,0,-0.83
2/16/2010,0,-0.83
2/17/2010,0,-0.82
2/18/2010,0,-0.82
2/19/2010,0,-0.84
2/20/2010,0,-0.84
2/21/2010,0,-0.84
2/22/2010,0,-0.84
2/23/2010,0,-0.84
2/24/2010,0,-0.83
2/25/2010,0,-0.84
2/26/2010,0,-0.84
2/27/2010,0,-0.84
2/28/2010,0,-0.84
3/1/2010,0,-0.84
3/2/2010,0,-0.84
3/3/2010,0,-0.84
3/4/2010,0,-0.84
3/5/2010,0,-0.84
3/6/2010,0,-0.84
3/7/2010,0,-0.84
3/8/2010,0,-0.84
3/9/2010,0,-0.84
3/10/2010,0,-0.84
3/11/2010,0,-0.84
3/12/2010,0,-0.84
3/13/2010,0,-0.84
3/14/2010,1.01,-0.82
3/15/2010,183,1.13
3/16/2010,160,1.04
3/17/2010,287,1.49
3/18/2010,375,1.77
3/19/2010,386,1.8
3/20/2010,382,1.79
3/21/2010,376,1.76
3/22/2010,335,1.59
3/23/2010,429,1.93
3/24/2010,311,1.56
3/25/2010,278,1.46
3/26/2010,347,1.69
3/27/2010,344,1.68
3/28/2010,364,1.74
3/29/2010,445,1.97
3/30/2010,564,2.29
3/31/2010,594,2.36
4/1/2010,605,2.39
4/2/2010,654,2.51
4/3/2010,761,2.76
4/4/2010,761,2.76
4/5/2010,757,2.75
4/6/2010,763,2.76
4/7/2010,719,2.66
4/8/2010,672,2.55
4/9/2010,626,2.44
4/10/2010,564,2.29
4/11/2010,489,2.09
4/12/2010,429,1.93
4/13/2010,450,1.98
4/14/2010,533,2.21
4/15/2010,676,2.56
4/16/2010,886,3.03
4/17/2010,877,3.01
4/18/2010,757,2.75
4/19/2010,757,2.75
4/20/2010,757,2.75
4/21/2010,758,2.75
4/22/2010,758,2.75
4/23/2010,764,2.76
4/24/2010,782,2.81
4/25/2010,890,3.04
4/26/2010,787,2.81
4/27/2010,765,2.77
4/28/2010,764,2.77
4/29/2010,863,2.98
4/30/2010,867,2.99
5/1/2010,790,2.82
5/2/2010,766,2.77
5/3/2010,747,2.72
5/4/2010,477,2.05
5/5/2010,442,1.96
5/6/2010,491,2.1
5/7/2010,377,1.77
5/8/2010,188,1.14
5/9/2010,164,1.06
5/10/2010,241,1.34
5/11/2010,192,1.16
5/12/2010,222,1.27
5/13/2010,286,1.49
5/14/2010,299,1.54
5/15/2010,298,1.54
5/16/2010,297,1.53
5/17/2010,390,1.81
5/18/2010,571,2.3
5/19/2010,678,2.56
5/20/2010,666,2.54
5/21/2010,589,2.34
5/22/2010,477,2.06
5/23/2010,402,1.85
5/24/2010,263,1.32
5/25/2010,339,1.66
5/26/2010,631,2.44
5/27/2010,762,2.76
5/28/2010,762,2.76
5/29/2010,763,2.76
5/30/2010,763,2.76
5/31/2010,760,2.75
6/1/2010,763,2.76
6/2/2010,757,2.75
6/3/2010,757,2.75
6/4/2010,759,2.75
6/5/2010,759,2.75
6/6/2010,766,2.77
6/7/2010,765,2.77
6/8/2010,769,2.77
6/9/2010,890,3.04
6/10/2010,931,3.13
6/11/2010,926,3.12
6/12/2010,760,2.76
6/13/2010,760,2.75
6/14/2010,764,2.76
6/15/2010,821,2.89
6/16/2010,902,3.07
6/17/2010,821,2.89
6/18/2010,766,2.77
6/19/2010,764,2.77
6/20/2010,762,2.76
6/21/2010,763,2.76
6/22/2010,614,2.4
6/23/2010,635,2.46
6/24/2010,782,2.8
6/25/2010,847,2.95
6/26/2010,848,2.95
6/27/2010,767,2.77
6/28/2010,720,2.66
6/29/2010,691,2.6
6/30/2010,668,2.54
7/1/2010,542,2.22
7/2/2010,375,1.77
7/3/2010,307,1.56
7/4/2010,290,1.51
7/5/2010,411,1.86
7/6/2010,466,2.03
7/7/2010,524,2.18
7/8/2010,511,2.14
7/9/2010,396,1.83
7/10/2010,450,1.99
7/11/2010,464,2.02
7/12/2010,528,2.19
7/13/2010,422,1.9
7/14/2010,291,1.51
7/15/2010,290,1.51
7/16/2010,290,1.51
7/17/2010,289,1.51
7/18/2010,281,1.48
7/19/2010,274,1.46
7/20/2010,284,1.49
7/21/2010,303,1.55
7/22/2010,290,1.51
7/23/2010,264,1.42
7/24/2010,165,1.06
7/25/2010,253,1.38
7/26/2010,289,1.51
7/27/2010,290,1.51
7/28/2010,290,1.51
7/29/2010,290,1.51
7/30/2010,290,1.51
7/31/2010,291,1.51
8/1/2010,324,1.62
8/2/2010,378,1.77
8/3/2010,487,2.09
8/4/2010,638,2.46
8/5/2010,820,2.89
8/6/2010,930,3.13
8/7/2010,924,3.11
8/8/2010,929,3.12
8/9/2010,925,3.12
8/10/2010,635,2.45
8/11/2010,748,2.72
8/12/2010,607,2.39
8/13/2010,540,2.22
8/14/2010,350,1.68
8/15/2010,211,1.23
8/16/2010,167,1.07
8/17/2010,201,1.19
8/18/2010,290,1.51
8/19/2010,192,1.17
8/20/2010,165,1.06
8/21/2010,165,1.06
8/22/2010,164,1.06
8/23/2010,164,1.06
8/24/2010,164,1.06
8/25/2010,164,1.06
8/26/2010,165,1.06
8/27/2010,164,1.06
8/28/2010,164,1.06
8/29/2010,164,1.06
8/30/2010,165,1.06
8/31/2010,165,1.06
9/1/2010,165,1.06
9/2/2010,164,1.06
9/3/2010,163,1.05
9/4/2010,164,1.06
9/5/2010,164,1.06
9/6/2010,146,0.98
9/7/2010,132,0.92
9/8/2010,141,0.96
9/9/2010,159,1.03
9/10/2010,163,1.05
9/11/2010,163,1.05
9/12/2010,141,0.96
9/13/2010,133,0.93
9/14/2010,125,0.89
9/15/2010,116,0.85
9/16/2010,130,0.9
9/17/2010,169,1.08
9/18/2010,165,1.06
9/19/2010,153,1.01
9/20/2010,148,0.99
9/21/2010,115,0.85
9/22/2010,138,0.94
9/23/2010,76,0.59
9/24/2010,0.048,-0.21
9/25/2010,0,-0.45
9/26/2010,86.3,0.41
9/27/2010,134,0.93
9/28/2010,159,1.04
9/29/2010,156,1.02
9/30/2010,162,1.05
10/1/2010,158,1.03
10/2/2010,151,1
10/3/2010,163,1.05
10/4/2010,143,0.97
10/5/2010,104,0.8
10/6/2010,114,0.84
10/7/2010,136,0.94
10/8/2010,130,0.91
10/9/2010,142,0.96
10/10/2010,160,1.04
10/11/2010,164,1.06
10/12/2010,164,1.06
10/13/2010,165,1.06
10/14/2010,165,1.06
10/15/2010,165,1.06
10/16/2010,165,1.06
10/17/2010,165,1.06
10/18/2010,165,1.06
10/19/2010,165,1.06
10/20/2010,165,1.06
10/21/2010,167,1.07
10/22/2010,168,1.07
10/23/2010,166,1.06
10/24/2010,164,1.06
10/25/2010,164,1.06
10/26/2010,164,1.06
10/27/2010,164,1.06
10/28/2010,164,1.06
10/29/2010,164,1.06
10/30/2010,202,1.2
10/31/2010,260,1.41
11/1/2010,236,1.33
11/2/2010,223,1.28
11/3/2010,215,1.25
11/4/2010,232,1.31
11/5/2010,233,1.32
11/6/2010,188,1.15
11/7/2010,165,1.06
11/8/2010,173,1.09
11/9/2010,186,1.14
11/10/2010,174,1.1
11/11/2010,176,1.1
11/12/2010,220,1.27
11/13/2010,203,1.2
11/14/2010,200,1.19
11/15/2010,1.15,-0.12
11/16/2010,0,-0.22
11/17/2010,0,-0.24
11/18/2010,0,-0.24
11/19/2010,0,-0.25
11/20/2010,0,-0.25
11/21/2010,0,-0.25
11/22/2010,0,-0.26
11/23/2010,0,-0.44
11/24/2010,0,-0.59
11/25/2010,0,-0.59
11/26/2010,0,-0.6
11/27/2010,0,-0.6
11/28/2010,0,-0.6
11/29/2010,0,-0.6
11/30/2010,0,-0.6
12/1/2010,0,-0.6
12/2/2010,0,-0.6
12/3/2010,0,-0.6
12/4/2010,0,-0.6
12/5/2010,0,-0.61
12/6/2010,0,-0.61
12/7/2010,0,-0.61
12/8/2010,0,-0.61
12/9/2010,0,-0.61
12/10/2010,0,-0.61
12/11/2010,0,-0.61
12/12/2010,0,-0.61
12/13/2010,0,-0.61
12/14/2010,0,-0.61
12/15/2010,0,-0.61
12/16/2010,0,-0.61
12/17/2010,0,-0.62
12/18/2010,0,-0.62
12/19/2010,0,-0.62
12/20/2010,0,-0.62
12/21/2010,0,-0.62
12/22/2010,0,-0.62
12/23/2010,0,-0.62
12/24/2010,0,-0.62
12/25/2010,0,-0.62
12/26/2010,0,-0.62
12/27/2010,0,-0.62
12/28/2010,0,-0.62
12/29/2010,0,-0.62
12/30/2010,0,-0.62
12/31/2010,0,-0.62
1/1/2011,0,-0.6
1/2/2011,0,-0.59
1/3/2011,0,-0.58
1/4/2011,0,-0.57
1/5/2011,0,-0.56
1/6/2011,0,-0.56
1/7/2011,0,-0.55
1/8/2011,0,-0.55
1/9/2011,0,-0.55
1/10/2011,0,-0.55
1/11/2011,0,-0.54
1/12/2011,0,-0.53
1/13/2011,0,-0.52
1/14/2011,0,-0.52
1/15/2011,0,-0.52
1/16/2011,0,-0.52
1/17/2011,0,-0.52
1/18/2011,0,-0.51
1/19/2011,0,-0.51
1/20/2011,0,-0.51
1/21/2011,0,-0.51
1/22/2011,0,-0.51
1/23/2011,0,-0.51
1/24/2011,0,-0.51
1/25/2011,0,-0.51
1/26/2011,0,-0.51
1/27/2011,0,-0.51
1/28/2011,0,-0.51
1/29/2011,0,-0.51
1/30/2011,0,-0.51
1/31/2011,0,-0.52
2/1/2011,0,-0.52
2/2/2011,0,-0.51
2/3/2011,0,-0.5
2/4/2011,0,-0.5
2/5/2011,0,-0.49
2/6/2011,0,-0.49
2/7/2011,0,-0.49
2/8/2011,0,-0.49
2/9/2011,0,-0.49
2/10/2011,0,-0.49
2/11/2011,0,-0.49
2/12/2011,0,-0.49
2/13/2011,0,-0.49
2/14/2011,0,-0.49
2/15/2011,0,-0.49
2/16/2011,0,-0.49
2/17/2011,0,-0.5
2/18/2011,0,-0.51
2/19/2011,0,-0.52
2/20/2011,0,-0.53
2/21/2011,0,-0.54
2/22/2011,0,-0.54
2/23/2011,0,-0.54
2/24/2011,0,-0.55
2/25/2011,0,-0.56
2/26/2011,0,-0.56
2/27/2011,0,-0.57
2/28/2011,0,-0.59
3/1/2011,0,-0.61
3/2/2011,0,-0.63
3/3/2011,0,-0.65
3/4/2011,0,-0.68
3/5/2011,0,-0.69
3/6/2011,0,-0.69
3/7/2011,0,-0.69
3/8/2011,0,-0.69
3/9/2011,0,-0.69
3/10/2011,0,-0.69
3/11/2011,0,-0.69
3/12/2011,0,-0.69
3/13/2011,0,-0.69
3/14/2011,0,-0.69
3/15/2011,79.5,0.63
3/16/2011,174,1.1
3/17/2011,221,1.27
3/18/2011,199,1.19
3/19/2011,183,1.13
3/20/2011,159,1.04
3/21/2011,142,0.97
3/22/2011,151,1.01
3/23/2011,161,1.05
3/24/2011,246,1.36
3/25/2011,294,1.52
3/26/2011,277,1.47
3/27/2011,258,1.4
3/28/2011,268,1.44
3/29/2011,273,1.45
3/30/2011,287,1.5
3/31/2011,277,1.47
4/1/2011,265,1.43
4/2/2011,265,1.43
4/3/2011,265,1.43
4/4/2011,264,1.42
4/5/2011,264,1.42
4/6/2011,382,1.79
4/7/2011,390,1.82
4/8/2011,392,1.82
4/9/2011,459,2.01
4/10/2011,490,2.09
4/11/2011,403,1.85
4/12/2011,395,1.83
4/13/2011,392,1.82
4/14/2011,390,1.82
4/15/2011,397,1.84
4/16/2011,396,1.83
4/17/2011,287,1.5
4/18/2011,267,1.43
4/19/2011,267,1.43
4/20/2011,267,1.43
4/21/2011,264,1.42
4/22/2011,261,1.41
4/23/2011,261,1.41
4/24/2011,258,1.4
4/25/2011,258,1.4
4/26/2011,258,1.4
4/27/2011,264,1.42
4/28/2011,266,1.43
4/29/2011,291,1.51
4/30/2011,278,1.47
5/1/2011,260,1.41
5/2/2011,228,1.3
5/3/2011,232,1.31
5/4/2011,236,1.33
5/5/2011,226,1.29
5/6/2011,228,1.3
5/7/2011,271,1.45
5/8/2011,260,1.41
5/9/2011,202,1.2
5/10/2011,174,1.1
5/11/2011,115,0.85
5/12/2011,94.3,0.75
5/13/2011,106,0.8
5/14/2011,167,1.07
5/15/2011,164,1.06
5/16/2011,164,1.06
5/17/2011,162,1.05
5/18/2011,164,1.06
5/19/2011,164,1.06
5/20/2011,164,1.06
5/21/2011,165,1.06
5/22/2011,230,1.28
5/23/2011,387,1.81
5/24/2011,386,1.81
5/25/2011,376,1.78
5/26/2011,384,1.8
5/27/2011,392,1.82
5/28/2011,392,1.82
5/29/2011,392,1.82
5/30/2011,384,1.8
5/31/2011,385,1.8
6/1/2011,389,1.82
6/2/2011,416,1.89
6/3/2011,459,2.01
6/4/2011,392,1.82
6/5/2011,476,2.05
6/6/2011,714,2.65
6/7/2011,759,2.75
6/8/2011,762,2.76
6/9/2011,764,2.76
6/10/2011,764,2.76
6/11/2011,763,2.76
6/12/2011,761,2.76
6/13/2011,761,2.76
6/14/2011,761,2.76
6/15/2011,762,2.76
6/16/2011,761,2.76
6/17/2011,761,2.76
6/18/2011,760,2.76
6/19/2011,762,2.76
6/20/2011,764,2.76
6/21/2011,869,2.99
6/22/2011,823,2.89
6/23/2011,761,2.76
6/24/2011,762,2.76
6/25/2011,768,2.77
6/26/2011,765,2.77
6/27/2011,763,2.76
6/28/2011,758,2.75
6/29/2011,754,2.74
6/30/2011,764,2.76
7/1/2011,764,2.76
7/2/2011,764,2.76
7/3/2011,764,2.77
7/4/2011,763,2.76
7/5/2011,760,2.76
7/6/2011,763,2.76
7/7/2011,762,2.76
7/8/2011,857,2.97
7/9/2011,856,2.96
7/10/2011,775,2.79
7/11/2011,765,2.77
7/12/2011,765,2.77
7/13/2011,764,2.77
7/14/2011,763,2.76
7/15/2011,762,2.76
7/16/2011,763,2.76
7/17/2011,763,2.76
7/18/2011,763,2.76
7/19/2011,782,2.8
7/20/2011,621,2.43
7/21/2011,684,2.58
7/22/2011,805,2.85
7/23/2011,931,3.13
7/24/2011,999,3.27
7/25/2011,980,3.23
7/26/2011,668,2.54
7/27/2011,529,2.19
7/28/2011,425,1.91
7/29/2011,322,1.61
7/30/2011,339,1.66
7/31/2011,430,1.92
8/1/2011,584,2.33
8/2/2011,635,2.46
8/3/2011,763,2.76
8/4/2011,976,3.21
8/5/2011,818,2.88
8/6/2011,552,2.24
8/7/2011,388,1.81
8/8/2011,351,1.7
8/9/2011,368,1.75
8/10/2011,368,1.75
8/11/2011,365,1.74
8/12/2011,364,1.74
8/13/2011,335,1.65
8/14/2011,296,1.53
8/15/2011,318,1.6
8/16/2011,326,1.62
8/17/2011,341,1.67
8/18/2011,370,1.76
8/19/2011,369,1.75
8/20/2011,367,1.75
8/21/2011,366,1.75
8/22/2011,348,1.69
8/23/2011,344,1.68
8/24/2011,363,1.74
8/25/2011,332,1.64
8/26/2011,347,1.69
8/27/2011,366,1.75
8/28/2011,364,1.74
8/29/2011,346,1.69
8/30/2011,358,1.72
8/31/2011,363,1.74
9/1/2011,362,1.73
9/2/2011,363,1.74
9/3/2011,362,1.73
9/4/2011,363,1.74
9/5/2011,368,1.75
9/6/2011,364,1.74
9/7/2011,366,1.75
9/8/2011,365,1.74
9/9/2011,343,1.68
9/10/2011,321,1.6
9/11/2011,163,1.05
9/12/2011,164,1.06
9/13/2011,164,1.06
9/14/2011,160,1.04
9/15/2011,138,0.92
9/16/2011,194,1.15
9/17/2011,735,2.69
9/18/2011,234,1.31
9/19/2011,164,1.06
9/20/2011,164,1.06
9/21/2011,164,1.06
9/22/2011,164,1.06
9/23/2011,164,1.06
9/24/2011,163,1.05
9/25/2011,160,1.04
9/26/2011,160,1.04
9/27/2011,160,1.04
9/28/2011,160,1.04
9/29/2011,163,1.05
9/30/2011,164,1.06
10/1/2011,164,1.06
10/2/2011,164,1.06
10/3/2011,164,1.06
10/4/2011,163,1.05
10/5/2011,164,1.06
10/6/2011,164,1.06
10/7/2011,165,1.06
10/8/2011,164,1.06
10/9/2011,164,1.06
10/10/2011,164,1.06
10/11/2011,164,1.06
10/12/2011,164,1.05
10/13/2011,164,1.06
10/14/2011,164,1.06
10/15/2011,164,1.06
10/16/2011,164,1.06
10/17/2011,164,1.06
10/18/2011,164,1.06
10/19/2011,164,1.06
10/20/2011,164,1.06
10/21/2011,163,1.05
10/22/2011,161,1.04
10/23/2011,164,1.06
10/24/2011,164,1.06
10/25/2011,164,1.06
10/26/2011,164,1.06
10/27/2011,164,1.06
10/28/2011,164,1.06
10/29/2011,164,1.06
10/30/2011,255,1.38
10/31/2011,304,1.55
11/1/2011,304,1.55
11/2/2011,292,1.52
11/3/2011,287,1.5
11/4/2011,311,1.58
11/5/2011,324,1.62
11/6/2011,360,1.73
11/7/2011,404,1.86
11/8/2011,458,2.01
11/9/2011,470,2.04
11/10/2011,474,2.05
11/11/2011,543,2.23
11/12/2011,694,2.6
11/13/2011,524,2.18
11/14/2011,512,2.15
11/15/2011,406,1.85
11/16/2011,251,1.38
11/17/2011,1.27,-0.71
11/18/2011,0,-0.74
11/19/2011,0,-0.75
11/20/2011,0,-0.75
11/21/2011,0,-0.76
11/22/2011,0,-0.78
11/23/2011,0,-0.78
11/24/2011,0,-0.78
11/25/2011,0,-0.78
11/26/2011,0,-0.78
11/27/2011,0,-0.78
11/28/2011,0,-0.78
11/29/2011,0,-0.78
11/30/2011,0,-0.78
12/1/2011,0,-0.78
12/2/2011,0,-0.78
12/3/2011,0,-0.78
12/4/2011,0,-0.78
12/5/2011,0,-0.78
12/6/2011,0,-0.78
12/7/2011,0,-0.78
12/8/2011,0,-0.78
12/9/2011,0,-0.78
12/10/2011,0,-0.78
12/11/2011,0,-0.78
12/12/2011,0,-0.78
12/13/2011,0,-0.78
12/14/2011,0,-0.79
12/15/2011,0,-0.79
12/16/2011,0,-0.79
12/17/2011,0,-0.79
12/18/2011,0,-0.78
12/19/2011,0,-0.79
12/20/2011,0,-0.79
12/21/2011,0,-0.79
12/22/2011,0,-0.79
12/23/2011,0,-0.79
12/24/2011,0,-0.79
12/25/2011,0,-0.79
12/26/2011,0,-0.79
12/27/2011,0,-0.78
12/28/2011,0,-0.78
12/29/2011,0,-0.78
12/30/2011,0,-0.78
12/31/2011,0,-0.78
1/1/2012,0,-0.79
1/2/2012,0,-0.79
1/3/2012,0,-0.79
1/4/2012,0,-0.79
1/5/2012,0,-0.79
1/6/2012,0,-0.79
1/7/2012,0,-0.79
1/8/2012,0,-0.79
1/9/2012,0,-0.79
1/10/2012,0,-0.79
1/11/2012,0,-0.79
1/12/2012,0,-0.79
1/13/2012,0,-0.79
1/14/2012,0,-0.79
1/15/2012,0,-0.79
1/16/2012,0,-0.79
1/17/2012,0,-0.79
1/18/2012,0,-0.79
1/19/2012,0,-0.79
1/20/2012,0,-0.79
1/21/2012,0,-0.79
1/22/2012,0,-0.79
1/23/2012,0,-0.79
1/24/2012,0,-0.79
1/25/2012,0,-0.79
1/26/2012,0,-0.79
1/27/2012,0,-0.78
1/28/2012,0,-0.77
1/29/2012,0,-0.77
1/30/2012,0,-0.75
1/31/2012,0,-0.67
2/1/2012,0,-0.65
2/2/2012,0,-0.6
2/3/2012,0,-0.43
2/4/2012,0,-0.44
2/5/2012,0,-0.47
2/6/2012,0,-0.49
2/7/2012,0,-0.51
2/8/2012,0,-0.53
2/9/2012,0,-0.54
2/10/2012,0,-0.54
2/11/2012,0,-0.55
2/12/2012,0,-0.56
2/13/2012,0,-0.56
2/14/2012,0,-0.57
2/15/2012,0,-0.62
2/16/2012,0,-0.64
2/17/2012,0,-0.66
2/18/2012,0,-0.67
2/19/2012,0,-0.68
2/20/2012,0,-0.68
2/21/2012,0,-0.7
2/22/2012,0,-0.71
2/23/2012,0,-0.71
2/24/2012,0,-0.72
