Date,q.canswkco,h.canswkco
3/1/1999,4.1,1.34
3/2/1999,4.2,1.35
3/3/1999,4.6,1.36
3/4/1999,4.8,1.37
3/5/1999,21,1.75
3/6/1999,35,2.16
3/7/1999,52,2.46
3/8/1999,14,1.64
3/9/1999,17,1.77
3/10/1999,10,1.59
3/11/1999,6.9,1.47
3/12/1999,20,1.79
3/13/1999,59,2.58
3/14/1999,12,1.64
3/15/1999,16,1.74
3/16/1999,6,1.43
3/17/1999,5.6,1.4
3/18/1999,7.3,1.48
3/19/1999,9.1,1.55
3/20/1999,8.3,1.54
3/21/1999,4.5,1.38
3/22/1999,4.6,1.38
3/23/1999,3.9,1.35
3/24/1999,4.4,1.37
3/25/1999,9.5,1.54
3/26/1999,3.7,1.33
3/27/1999,4.9,1.38
3/28/1999,4.4,1.35
3/29/1999,4.8,1.36
3/30/1999,11,1.57
3/31/1999,11,1.58
4/1/1999,17,1.74
4/2/1999,14,1.66
4/3/1999,19,1.79
4/4/1999,19,1.79
4/5/1999,23,1.87
4/6/1999,21,1.84
4/7/1999,13,1.61
4/8/1999,16,1.69
4/9/1999,19,1.76
4/10/1999,32,2.06
4/11/1999,19,1.78
4/12/1999,17,1.74
4/13/1999,28,1.97
4/14/1999,20,1.81
4/15/1999,24,1.92
4/16/1999,20,1.82
4/17/1999,20,1.84
4/18/1999,18,1.77
4/19/1999,18,1.78
4/20/1999,12,1.61
4/21/1999,8.9,1.52
4/22/1999,12,1.62
4/23/1999,27,1.97
4/24/1999,25,1.98
4/25/1999,37,2.22
4/26/1999,27,2.03
4/27/1999,16,1.76
4/28/1999,19,1.8
4/29/1999,9,1.55
4/30/1999,62,2.41
5/1/1999,105,3.03
5/2/1999,34,2.19
5/3/1999,13,1.7
5/4/1999,9,1.56
5/5/1999,7.3,1.5
5/6/1999,7.2,1.5
5/7/1999,6.5,1.46
5/8/1999,8.6,1.55
5/9/1999,8.1,1.53
5/10/1999,6.9,1.48
5/11/1999,5.9,1.44
5/12/1999,7.9,1.53
5/13/1999,44,2.3
5/14/1999,27,2.07
5/15/1999,28,2.08
5/16/1999,38,2.3
5/17/1999,32,2.16
5/18/1999,39,2.3
5/19/1999,32,2.18
5/20/1999,19,1.87
5/21/1999,13,1.72
5/22/1999,10,1.62
5/23/1999,9,1.58
5/24/1999,9.5,1.58
5/25/1999,18,1.86
5/26/1999,22,1.93
5/27/1999,24,1.98
5/28/1999,25,2.02
5/29/1999,26,2.03
5/30/1999,37,2.24
5/31/1999,36,2.24
6/1/1999,22,1.93
6/2/1999,33,2.17
6/3/1999,22,1.95
6/4/1999,17,1.8
6/5/1999,12,1.68
6/6/1999,16,1.77
6/7/1999,13,1.69
6/8/1999,11,1.63
6/9/1999,15,1.72
6/10/1999,11,1.61
6/11/1999,20,1.81
6/12/1999,42,2.09
6/13/1999,31,2.06
6/14/1999,8.6,1.53
6/15/1999,15,1.68
6/16/1999,26,2.02
6/17/1999,19,1.86
6/18/1999,19,1.89
6/19/1999,12,1.7
6/20/1999,17,1.86
6/21/1999,23,2.01
6/22/1999,22,-498.47
6/23/1999,16,NA
6/24/1999,16,NA
6/25/1999,17,NA
6/26/1999,16,NA
6/27/1999,12,NA
6/28/1999,14,NA
6/29/1999,19,-331.72
6/30/1999,18,1.83
7/1/1999,22,1.92
7/2/1999,25,1.99
7/3/1999,28,2.04
7/4/1999,37,2.21
7/5/1999,10,1.56
7/6/1999,9,1.5
7/7/1999,17,1.72
7/8/1999,16,1.71
7/9/1999,13,1.63
7/10/1999,14,1.62
7/11/1999,23,1.85
7/12/1999,22,1.82
7/13/1999,22,1.81
7/14/1999,17,1.66
7/15/1999,15,1.59
7/16/1999,14,1.54
7/17/1999,69,2.7
7/18/1999,36,2.18
7/19/1999,13,1.55
7/20/1999,9.9,1.43
7/21/1999,14,1.55
7/22/1999,14,1.56
7/23/1999,12,1.52
7/24/1999,9.6,1.43
7/25/1999,27,1.92
7/26/1999,19,1.74
7/27/1999,15,1.63
7/28/1999,15,1.62
7/29/1999,13,1.56
7/30/1999,19,1.75
7/31/1999,27,1.96
8/1/1999,59,2.41
8/2/1999,66,2.56
8/3/1999,13,1.54
8/4/1999,21,1.76
8/5/1999,42,2.49
8/6/1999,11,1.5
8/7/1999,8,1.4
8/8/1999,7,1.36
8/9/1999,6.8,1.35
8/10/1999,9.5,1.44
8/11/1999,11,1.5
8/12/1999,9.7,1.46
8/13/1999,10,1.47
8/14/1999,16,1.67
8/15/1999,20,1.78
8/16/1999,24,1.88
8/17/1999,30,2.05
8/18/1999,31,2.07
8/19/1999,29,1.97
8/20/1999,29,2
8/21/1999,29,2.02
8/22/1999,30,2.06
8/23/1999,31,2.07
8/24/1999,28,1.98
8/25/1999,17,1.71
8/26/1999,18,1.7
8/27/1999,17,1.69
8/28/1999,16,1.67
8/29/1999,18,1.71
8/30/1999,22,1.84
8/31/1999,24,1.89
9/1/1999,28,1.96
9/2/1999,27,1.96
9/3/1999,19,1.76
9/4/1999,19,1.76
9/5/1999,23,1.86
9/6/1999,19,1.75
9/7/1999,13,1.57
9/8/1999,14,1.6
9/9/1999,17,1.68
9/10/1999,26,1.88
9/11/1999,26,1.91
9/12/1999,19,1.7
9/13/1999,31,2.08
9/14/1999,26,1.88
9/15/1999,31,2.09
9/16/1999,21,1.77
9/17/1999,24,1.82
9/18/1999,30,1.97
9/19/1999,31,2.03
9/20/1999,30,1.98
9/21/1999,26,1.84
9/22/1999,31,1.99
9/23/1999,32,2.1
9/24/1999,36,2.18
9/25/1999,32,2.08
9/26/1999,30,1.92
9/27/1999,31,1.93
9/28/1999,31,2.01
9/29/1999,33,2.04
9/30/1999,49,2.49
10/1/1999,57,2.46
10/2/1999,45,2.27
10/3/1999,38,2.17
10/4/1999,34,2.09
10/5/1999,26,1.95
10/6/1999,30,2.03
10/7/1999,24,1.93
10/8/1999,22,1.88
10/9/1999,22,1.88
10/10/1999,25,1.97
10/11/1999,24,1.94
10/12/1999,20,1.86
10/13/1999,15,1.74
10/14/1999,17,1.81
10/15/1999,36,2.24
10/16/1999,19,1.86
10/17/1999,21,1.93
10/18/1999,23,1.99
10/19/1999,29,2.13
10/20/1999,18,1.88
10/21/1999,18,1.86
10/22/1999,22,1.95
10/23/1999,18,1.84
10/24/1999,14,1.71
10/25/1999,17,1.79
10/26/1999,23,1.93
10/27/1999,23,1.9
10/28/1999,26,1.97
10/29/1999,28,2.01
10/30/1999,28,2.03
10/31/1999,31,2.08
11/1/1999,29,2.04
11/2/1999,22,1.9
11/3/1999,25,1.99
11/4/1999,30,2.1
11/5/1999,28,2.05
11/6/1999,26,2.02
11/7/1999,30,2.12
11/8/1999,34,2.2
11/9/1999,34,2.23
11/10/1999,25,2.05
11/11/1999,22,1.98
11/12/1999,25,2.05
11/13/1999,29,2.1
11/14/1999,33,2.21
11/15/1999,38,1.74
11/16/1999,18,1.39
11/17/1999,4.4,1.36
11/18/1999,4.5,NA
11/19/1999,4.5,1.35
11/20/1999,4.5,1.35
11/21/1999,4.5,1.35
11/22/1999,4.6,1.35
11/23/1999,4.6,NA
11/24/1999,4.5,NA
11/25/1999,4.7,NA
11/26/1999,4.7,1.33
11/27/1999,4.7,1.33
11/28/1999,4.7,NA
11/29/1999,4.7,NA
11/30/1999,4.7,NA
12/1/1999,4.9,NA
12/2/1999,4.9,NA
12/3/1999,5.1,NA
12/4/1999,5.2,NA
12/5/1999,5.2,NA
12/6/1999,4.8,NA
12/7/1999,3.9,NA
12/8/1999,3.9,NA
12/9/1999,3.9,NA
12/10/1999,3.9,NA
12/11/1999,3.7,NA
12/12/1999,3.6,NA
12/13/1999,3.6,NA
12/14/1999,3.5,NA
12/15/1999,3.2,NA
12/16/1999,3.2,NA
12/17/1999,3.2,1.27
12/18/1999,3.2,1.27
12/19/1999,3.2,1.27
12/20/1999,3.1,1.27
12/21/1999,3,1.27
12/22/1999,3,1.27
12/23/1999,3,1.27
12/24/1999,2.8,1.27
12/25/1999,2.8,1.27
12/26/1999,2.8,1.27
12/27/1999,2.8,1.27
12/28/1999,2.8,1.28
12/29/1999,3.1,1.29
12/30/1999,3,1.3
12/31/1999,3.2,1.31
1/1/2000,3,1.31
1/2/2000,3,1.31
1/3/2000,3,1.31
1/4/2000,3,1.31
1/5/2000,3,NA
1/6/2000,3,1.32
1/7/2000,3,1.31
1/8/2000,2.9,1.32
1/9/2000,2.8,1.33
1/10/2000,2.8,1.32
1/11/2000,2.8,NA
1/12/2000,2.8,1.35
1/13/2000,2.8,1.34
1/14/2000,2.7,1.32
1/15/2000,2.6,1.34
1/16/2000,2.5,1.34
1/17/2000,2.3,1.32
1/18/2000,2.3,1.33
1/19/2000,2.3,1.34
1/20/2000,2.4,1.29
1/21/2000,2.5,1.36
1/22/2000,2.5,1.36
1/23/2000,2.4,1.34
1/24/2000,2.4,1.34
1/25/2000,2.4,1.35
1/26/2000,2.6,1.36
1/27/2000,3,1.37
1/28/2000,3,1.35
1/29/2000,2.6,1.34
1/30/2000,2.5,1.34
1/31/2000,2.2,1.31
2/1/2000,1.9,0.99
2/2/2000,2.2,0
2/3/2000,2.3,NA
2/4/2000,2.4,NA
2/5/2000,2.3,NA
2/6/2000,2.5,NA
2/7/2000,2.4,NA
2/8/2000,2.2,0
2/9/2000,2.3,0
2/10/2000,1.6,0
2/11/2000,1.6,0
2/12/2000,1.6,0
2/13/2000,1.6,0
2/14/2000,1.6,0
2/15/2000,1.7,0
2/16/2000,1.8,0
2/17/2000,1.7,0
2/18/2000,1.5,0
2/19/2000,1.5,0
2/20/2000,1.4,0
2/21/2000,1.6,0
2/22/2000,1.5,0.61
2/23/2000,1.3,1.34
2/24/2000,1.3,1.34
2/25/2000,1.3,1.35
2/26/2000,1.4,1.35
2/27/2000,1.5,1.36
2/28/2000,1.4,1.36
2/29/2000,1.6,1.36
3/1/2000,18,1.8
3/2/2000,37,2.35
3/3/2000,24,2.07
3/4/2000,19,1.95
3/5/2000,15,1.82
3/6/2000,27,2.08
3/7/2000,14,1.74
3/8/2000,21,1.92
3/9/2000,24,1.97
3/10/2000,10,1.6
3/11/2000,14,1.71
3/12/2000,13,1.66
3/13/2000,11,1.57
3/14/2000,5.5,1.36
3/15/2000,6.6,1.4
3/16/2000,15,1.68
3/17/2000,13,1.6
3/18/2000,9.1,1.5
3/19/2000,9.4,1.51
3/20/2000,9.6,1.52
3/21/2000,14,1.63
3/22/2000,23,1.89
3/23/2000,13,1.63
3/24/2000,14,1.64
3/25/2000,9.8,1.54
3/26/2000,16,1.74
3/27/2000,17,1.76
3/28/2000,16,1.75
3/29/2000,18,1.79
3/30/2000,23,1.92
3/31/2000,27,1.98
4/1/2000,5.1,NA
4/2/2000,4.6,NA
4/3/2000,11,NA
4/4/2000,17,NA
4/5/2000,33,2.12
4/6/2000,25,1.97
4/7/2000,12,1.66
4/8/2000,20,1.87
4/9/2000,25,1.99
4/10/2000,28,2.05
4/11/2000,17,1.8
4/12/2000,26,2
4/13/2000,13,1.66
4/14/2000,11,1.62
4/15/2000,14,1.7
4/16/2000,21,1.86
4/17/2000,23,1.92
4/18/2000,19,1.84
4/19/2000,24,1.93
4/20/2000,19,1.81
4/21/2000,10,1.57
4/22/2000,14,1.69
4/23/2000,26,1.98
4/24/2000,33,2.11
4/25/2000,14,1.69
4/26/2000,12,1.64
4/27/2000,20,1.84
4/28/2000,21,1.87
4/29/2000,20,1.85
4/30/2000,39,2.14
5/1/2000,29,2.15
5/2/2000,16,NA
5/3/2000,16,NA
5/4/2000,15,NA
5/5/2000,9.5,NA
5/6/2000,19,1.64
5/7/2000,11,1.64
5/8/2000,18,1.83
5/9/2000,37,2.26
5/10/2000,24,1.98
5/11/2000,22,1.95
5/12/2000,27,2.06
5/13/2000,25,2.02
5/14/2000,29,2.13
5/15/2000,29,2.12
5/16/2000,19,1.88
5/17/2000,14,1.77
5/18/2000,31,2.16
5/19/2000,22,1.94
5/20/2000,15,1.79
5/21/2000,18,1.86
5/22/2000,19,1.87
5/23/2000,19,1.88
5/24/2000,18,1.85
5/25/2000,12,1.68
5/26/2000,9.5,1.63
5/27/2000,13,1.75
5/28/2000,11,1.68
5/29/2000,15,1.8
5/30/2000,12,1.7
5/31/2000,22,1.94
6/1/2000,19,1.87
6/2/2000,23,1.96
6/3/2000,25,2.01
6/4/2000,17,1.83
6/5/2000,19,1.87
6/6/2000,15,1.79
6/7/2000,15,1.79
6/8/2000,14,1.75
6/9/2000,8.2,1.59
6/10/2000,11,1.69
6/11/2000,16,1.8
6/12/2000,9.9,1.65
6/13/2000,13,1.73
6/14/2000,10,1.66
6/15/2000,10,1.66
6/16/2000,19,1.88
6/17/2000,15,1.78
6/18/2000,12,1.71
6/19/2000,15,1.79
6/20/2000,11,1.69
6/21/2000,13,1.73
6/22/2000,12,1.7
6/23/2000,13,1.74
6/24/2000,11,1.7
6/25/2000,13,1.74
6/26/2000,18,1.83
6/27/2000,20,1.9
6/28/2000,15,1.79
6/29/2000,22,1.95
6/30/2000,23,1.96
7/1/2000,28,2.08
7/2/2000,30,2.14
7/3/2000,32,2.17
7/4/2000,24,1.99
7/5/2000,20,1.89
7/6/2000,16,1.81
7/7/2000,11,1.64
7/8/2000,13,1.74
7/9/2000,12,1.71
7/10/2000,11,1.69
7/11/2000,8.1,1.59
7/12/2000,12,1.71
7/13/2000,12,1.7
7/14/2000,9.3,1.55
7/15/2000,9.1,1.6
7/16/2000,8.5,1.6
7/17/2000,44,2.17
7/18/2000,65,2.73
7/19/2000,27,2.04
7/20/2000,31,2.14
7/21/2000,28,2.08
7/22/2000,21,1.89
7/23/2000,25,2.01
7/24/2000,24,2
7/25/2000,24,1.99
7/26/2000,29,2.1
7/27/2000,21,1.88
7/28/2000,22,1.93
7/29/2000,21,1.93
7/30/2000,25,1.95
7/31/2000,29,2.1
8/1/2000,25,2
8/2/2000,17,1.84
8/3/2000,12,1.67
8/4/2000,9.2,1.63
8/5/2000,14,1.74
8/6/2000,17,1.81
8/7/2000,21,1.92
8/8/2000,18,1.85
8/9/2000,23,1.96
8/10/2000,25,2.01
8/11/2000,28,2.08
8/12/2000,28,2.07
8/13/2000,33,2.24
8/14/2000,30,2.13
8/15/2000,27,2.05
8/16/2000,20,1.89
8/17/2000,15,1.77
8/18/2000,29,2.09
8/19/2000,31,2.16
8/20/2000,35,2.27
8/21/2000,38,2.33
8/22/2000,32,2.19
8/23/2000,35,2.23
8/24/2000,38,2.34
8/25/2000,47,2.49
8/26/2000,45,2.45
8/27/2000,53,2.56
8/28/2000,33,2.22
8/29/2000,28,2.08
8/30/2000,26,1.98
8/31/2000,18,1.82
9/1/2000,29,2.08
9/2/2000,36,2.21
9/3/2000,41,2.3
9/4/2000,31,2.1
9/5/2000,27,2.02
9/6/2000,24,1.91
9/7/2000,9.7,1.54
9/8/2000,8.7,1.51
9/9/2000,8.2,1.49
9/10/2000,9.8,1.51
9/11/2000,9.9,1.53
9/12/2000,12,1.59
9/13/2000,16,1.68
9/14/2000,12,1.58
9/15/2000,15,1.66
9/16/2000,9.3,1.49
9/17/2000,7.7,1.43
9/18/2000,7.4,1.41
9/19/2000,7.8,1.42
9/20/2000,7.1,1.38
9/21/2000,7.1,1.37
9/22/2000,7,1.38
9/23/2000,6.9,1.36
9/24/2000,6.8,1.34
9/25/2000,6.6,1.34
9/26/2000,8.4,1.4
9/27/2000,10,1.47
9/28/2000,7.3,1.38
9/29/2000,6.5,1.33
9/30/2000,6.1,1.34
10/1/2000,5.7,1.32
10/2/2000,5.2,1.32
10/3/2000,5.2,1.32
10/4/2000,5.2,1.32
10/5/2000,5.2,1.31
10/6/2000,4.5,1.3
10/7/2000,4.7,0.86
10/8/2000,4.8,39.58
10/9/2000,4.9,36.9
10/10/2000,7.6,0.12
10/11/2000,11,0.23
10/12/2000,6.6,0.09
10/13/2000,17,0.41
10/14/2000,22,0.53
10/15/2000,13,0.32
10/16/2000,7.5,0.14
10/17/2000,6.3,0.12
10/18/2000,5.9,0.58
10/19/2000,9.2,1.55
10/20/2000,7.9,1.51
10/21/2000,9.8,1.58
10/22/2000,8.3,1.53
10/23/2000,11,1.63
10/24/2000,24,1.96
10/25/2000,33,2.12
10/26/2000,21,1.88
10/27/2000,27,2.01
10/28/2000,30,2.08
10/29/2000,23,1.91
10/30/2000,22,1.9
10/31/2000,16,1.71
11/1/2000,35,2.14
11/2/2000,44,2.33
11/3/2000,27,1.98
11/4/2000,23,1.91
11/5/2000,33,2.12
11/6/2000,40,2.25
11/7/2000,28,2.02
11/8/2000,31,2.05
11/9/2000,28,2.01
11/10/2000,39,2.23
11/11/2000,44,2.32
11/12/2000,38,2.2
11/13/2000,42,1.05
11/14/2000,45,0.06
11/15/2000,32,59.11
11/16/2000,8,99.21
11/17/2000,6.9,99.17
11/18/2000,6.3,99.15
11/19/2000,5.7,99.13
11/20/2000,5.6,54.31
11/21/2000,5.2,1.42
11/22/2000,5.2,1.33
11/23/2000,5,1.32
11/24/2000,4.9,1.33
11/25/2000,4.7,1.4
11/26/2000,4.7,1.32
11/27/2000,4.7,NA
11/28/2000,4.7,NA
11/29/2000,4.6,NA
11/30/2000,4.5,NA
12/1/2000,4.5,NA
12/2/2000,4.4,NA
12/3/2000,4.3,NA
12/4/2000,4.3,NA
12/5/2000,4.2,NA
12/6/2000,4.1,NA
12/7/2000,4.1,1.29
12/8/2000,4.1,1.29
12/9/2000,4.1,1.29
12/10/2000,4.1,1.29
12/11/2000,3.8,1.28
12/12/2000,3.7,1.27
12/13/2000,3.5,1.26
12/14/2000,3.4,1.25
12/15/2000,3.4,1.25
12/16/2000,3.4,1.25
12/17/2000,3.3,1.25
12/18/2000,3.2,1.24
12/19/2000,3.2,1.24
12/20/2000,3.2,1.24
12/21/2000,3.2,1.24
12/22/2000,3.2,1.24
12/23/2000,3.2,1.24
12/24/2000,3.2,1.24
12/25/2000,3.2,1.24
12/26/2000,3.2,1.24
12/27/2000,3.2,1.24
12/28/2000,3.2,1.24
12/29/2000,3.2,1.24
12/30/2000,3.2,1.24
12/31/2000,3.2,1.23
1/1/2001,3.2,1.23
1/2/2001,3.2,1.23
1/3/2001,3.2,1.23
1/4/2001,3.2,1.23
1/5/2001,3.2,1.23
1/6/2001,3.2,1.23
1/7/2001,3.2,1.23
1/8/2001,3.2,1.23
1/9/2001,3.2,1.23
1/10/2001,3.2,1.23
1/11/2001,3.2,1.23
1/12/2001,3.2,1.23
1/13/2001,3.2,1.23
1/14/2001,3.2,1.23
1/15/2001,3.1,1.22
1/16/2001,3,1.22
1/17/2001,3,1.22
1/18/2001,3,1.22
1/19/2001,3,1.22
1/20/2001,3,1.22
1/21/2001,3,1.22
1/22/2001,3,1.22
1/23/2001,3,1.22
1/24/2001,2.9,1.21
1/25/2001,2.8,1.21
1/26/2001,2.8,1.21
1/27/2001,2.8,1.21
1/28/2001,3,1.21
1/29/2001,2.6,1.19
1/30/2001,2.5,1.18
1/31/2001,2.4,1.17
2/1/2001,2.4,1.17
2/2/2001,2.5,1.17
2/3/2001,2.5,1.17
2/4/2001,2.5,1.17
2/5/2001,2.5,1.17
2/6/2001,2.5,1.17
2/7/2001,2.5,1.18
2/8/2001,2.5,1.19
2/9/2001,2.5,1.19
2/10/2001,2.4,1.18
2/11/2001,2.1,1.16
2/12/2001,2,1.16
2/13/2001,2,1.16
2/14/2001,2,1.16
2/15/2001,2,1.16
2/16/2001,2,1.16
2/17/2001,2,1.16
2/18/2001,2,1.16
2/19/2001,2,1.16
2/20/2001,2,1.16
2/21/2001,2,1.16
2/22/2001,2,1.16
2/23/2001,2,1.16
2/24/2001,2,1.16
2/25/2001,2,1.16
2/26/2001,2,1.02
2/27/2001,2,1.02
2/28/2001,2,1.16
3/1/2001,2,1.16
3/2/2001,2.1,1.16
3/3/2001,11,1.54
3/4/2001,5.2,1.33
3/5/2001,6.2,1.36
3/6/2001,9.1,1.48
3/7/2001,4.2,1.29
3/8/2001,3.2,1.23
3/9/2001,3.4,1.24
3/10/2001,4.1,1.28
3/11/2001,3.6,1.25
3/12/2001,2.8,1.21
3/13/2001,2.4,1.15
3/14/2001,2.4,1.18
3/15/2001,2.4,1.18
3/16/2001,18,1.55
3/17/2001,45,2.31
3/18/2001,46,2.31
3/19/2001,25,1.93
3/20/2001,9.6,1.5
3/21/2001,14,1.62
3/22/2001,12,1.6
3/23/2001,24,1.84
3/24/2001,26,1.99
3/25/2001,14,1.7
3/26/2001,23,1.92
3/27/2001,10,1.59
3/28/2001,25,1.98
3/29/2001,19,1.85
3/30/2001,19,1.85
3/31/2001,11,1.62
4/1/2001,5.6,1.44
4/2/2001,8.2,1.54
4/3/2001,8.2,1.54
4/4/2001,5.7,1.43
4/5/2001,6.5,1.47
4/6/2001,6.5,1.37
4/7/2001,18,1.67
4/8/2001,5.8,1.45
4/9/2001,4.7,1.28
4/10/2001,6.3,1.46
4/11/2001,22,1.85
4/12/2001,8.8,1.56
4/13/2001,7.1,1.5
4/14/2001,14,1.73
4/15/2001,11,1.62
4/16/2001,9.5,1.59
4/17/2001,9.7,1.6
4/18/2001,5.7,1.45
4/19/2001,5.6,1.45
4/20/2001,8.5,1.55
4/21/2001,11,1.64
4/22/2001,11,1.63
4/23/2001,13,1.71
4/24/2001,19,1.84
4/25/2001,26,2.04
4/26/2001,21,1.91
4/27/2001,13,1.69
4/28/2001,11,1.62
4/29/2001,11,1.64
4/30/2001,10,1.62
5/1/2001,8.3,1.55
5/2/2001,7.6,1.47
5/3/2001,12,1.68
5/4/2001,19,1.75
5/5/2001,25,1.98
5/6/2001,31,2.13
5/7/2001,24,1.98
5/8/2001,13,1.71
5/9/2001,26,1.99
5/10/2001,25,1.98
5/11/2001,37,2.26
5/12/2001,30,2.11
5/13/2001,32,2.16
5/14/2001,27,2.04
5/15/2001,23,1.96
5/16/2001,44,2.33
5/17/2001,45,2.4
5/18/2001,25,2.04
5/19/2001,28,2.09
5/20/2001,39,2.3
5/21/2001,44,2.38
5/22/2001,53,2.5
5/23/2001,41,2.34
5/24/2001,43,2.39
5/25/2001,35,2.24
5/26/2001,31,2.17
5/27/2001,42,2.38
5/28/2001,35,2.25
5/29/2001,32,2.19
5/30/2001,50,2.51
5/31/2001,43,2.4
6/1/2001,33,2.21
6/2/2001,23,2
6/3/2001,21,1.95
6/4/2001,17,1.85
6/5/2001,11,1.67
6/6/2001,17,1.83
6/7/2001,14,1.77
6/8/2001,19,1.84
6/9/2001,20,1.76
6/10/2001,38,2.28
6/11/2001,33,2.19
6/12/2001,24,2
6/13/2001,16,1.8
6/14/2001,16,1.52
6/15/2001,12,1.67
6/16/2001,16,1.79
6/17/2001,19,1.88
6/18/2001,23,1.95
6/19/2001,14,1.74
6/20/2001,12,1.66
6/21/2001,23,1.94
6/22/2001,16,1.77
6/23/2001,16,1.75
6/24/2001,16,1.76
6/25/2001,13,1.68
6/26/2001,17,1.78
6/27/2001,17,1.75
6/28/2001,15,1.74
6/29/2001,12,1.64
6/30/2001,12,1.64
7/1/2001,13,1.66
7/2/2001,14,1.68
7/3/2001,12,1.6
7/4/2001,13,1.65
7/5/2001,14,1.68
7/6/2001,14,1.86
7/7/2001,11,2.09
7/8/2001,11,2.1
7/9/2001,9.9,2.06
7/10/2001,9.2,2.04
7/11/2001,11,2.1
7/12/2001,23,2.42
7/13/2001,30,2.59
7/14/2001,30,2.48
7/15/2001,18,2.33
7/16/2001,18,2.32
7/17/2001,17,2.3
7/18/2001,17,2.3
7/19/2001,13,2.22
7/20/2001,10,2.12
7/21/2001,21,2.32
7/22/2001,21,2.41
7/23/2001,17,2.12
7/24/2001,20,1.8
7/25/2001,20,1.81
7/26/2001,32,2.01
7/27/2001,43,2.24
7/28/2001,66,186.85
7/29/2001,48,2.36
7/30/2001,39,2.21
7/31/2001,28,1.99
8/1/2001,15,1.67
8/2/2001,18,1.75
8/3/2001,13,1.63
8/4/2001,14,1.67
8/5/2001,17,1.76
8/6/2001,18,1.73
8/7/2001,20,NA
8/8/2001,19,NA
8/9/2001,20,1.79
8/10/2001,17,1.74
8/11/2001,15,1.68
8/12/2001,11,1.55
8/13/2001,23,1.88
8/14/2001,18,1.74
8/15/2001,17,1.71
8/16/2001,16,1.68
8/17/2001,18,1.71
8/18/2001,16,1.66
8/19/2001,13,1.56
8/20/2001,16,1.65
8/21/2001,15,1.61
8/22/2001,14,1.58
8/23/2001,16,1.61
8/24/2001,17,1.64
8/25/2001,20,1.72
8/26/2001,23,1.81
8/27/2001,24,1.81
8/28/2001,22,1.78
8/29/2001,25,1.85
8/30/2001,14,24.64
8/31/2001,20,1.73
9/1/2001,15,1.6
9/2/2001,13,1.55
9/3/2001,21,1.76
9/4/2001,21,1.77
9/5/2001,12,1.53
9/6/2001,9.3,1.45
9/7/2001,7.2,1.37
9/8/2001,6.1,1.33
9/9/2001,6.4,1.34
9/10/2001,6.5,1.36
9/11/2001,6.1,18.65
9/12/2001,6,1.33
9/13/2001,6.9,1.38
9/14/2001,7.8,1.41
9/15/2001,9.2,1.46
9/16/2001,6.9,1.67
9/17/2001,6,1.35
9/18/2001,8.7,1.45
9/19/2001,25,1.91
9/20/2001,35,2.11
9/21/2001,39,2.19
9/22/2001,23,1.86
9/23/2001,12,1.56
9/24/2001,9.6,1.49
9/25/2001,14,1.61
9/26/2001,8.7,1.45
9/27/2001,5.5,1.32
9/28/2001,4.5,1.28
9/29/2001,4.5,1.28
9/30/2001,4.3,1.26
10/1/2001,4,1.24
10/2/2001,3.9,1.24
10/3/2001,3.8,1.23
10/4/2001,3.8,1.23
10/5/2001,3.8,1.21
10/6/2001,3.8,1.21
10/7/2001,3.7,1.21
10/8/2001,3.7,1.21
10/9/2001,3.7,1.21
10/10/2001,3.7,1.21
10/11/2001,7.6,1.36
10/12/2001,7.6,1.38
10/13/2001,8.3,1.4
10/14/2001,6.6,1.34
10/15/2001,5.6,1.29
10/16/2001,6.5,1.33
10/17/2001,6.8,1.34
10/18/2001,7.2,1.35
10/19/2001,10,1.45
10/20/2001,21,1.74
10/21/2001,26,1.86
10/22/2001,22,1.75
10/23/2001,9.7,1.43
10/24/2001,7.8,1.36
10/25/2001,8.4,1.38
10/26/2001,12,1.5
10/27/2001,12,1.48
10/28/2001,16,1.61
10/29/2001,16,1.63
10/30/2001,12,1.51
10/31/2001,12,1.52
11/1/2001,20,1.7
11/2/2001,9.4,1.42
11/3/2001,9.5,1.43
11/4/2001,9.5,17.31
11/5/2001,9.9,22.81
11/6/2001,14,1.57
11/7/2001,15,1.61
11/8/2001,20,1.75
11/9/2001,25,1.87
11/10/2001,25,1.87
11/11/2001,20,1.76
11/12/2001,28,1.92
11/13/2001,29,1.95
11/14/2001,21,1.77
11/15/2001,24,1.82
11/16/2001,6.8,1.36
11/17/2001,5.7,1.31
11/18/2001,5.6,1.31
11/19/2001,5.4,1.3
11/20/2001,5.5,1.31
11/21/2001,5.7,1.31
11/22/2001,5.9,1.32
11/23/2001,5.4,1.31
11/24/2001,5,1.29
11/25/2001,4.9,1.29
11/26/2001,4.4,1.28
11/27/2001,4.1,1.26
11/28/2001,4.1,1.26
11/29/2001,4.8,1.29
11/30/2001,5.1,1.32
12/1/2001,4.5,1.29
12/2/2001,4.3,1.28
12/3/2001,4.1,1.27
12/4/2001,4.1,1.27
12/5/2001,4.7,1.31
12/6/2001,4.8,1.31
12/7/2001,4,1.27
12/8/2001,3.7,1.26
12/9/2001,3.6,1.25
12/10/2001,3.6,1.25
12/11/2001,3.9,1.26
12/12/2001,4.2,1.27
12/13/2001,3.6,1.24
12/14/2001,3.8,1.23
12/15/2001,3.8,1.23
12/16/2001,3.7,1.23
12/17/2001,3.8,1.22
12/18/2001,3.8,1.22
12/19/2001,3.7,1.22
12/20/2001,3.7,1.22
12/21/2001,3.7,1.22
12/22/2001,3.7,1.22
12/23/2001,3.7,1.22
12/24/2001,3.7,1.22
12/25/2001,3.7,1.22
12/26/2001,3.7,1.22
12/27/2001,3.7,1.22
12/28/2001,3.7,1.22
12/29/2001,3.7,1.22
12/30/2001,3.7,1.22
12/31/2001,3.8,1.21
1/1/2002,3.4,1.19
1/2/2002,3,48.93
1/3/2002,2.7,1.15
1/4/2002,2.6,1.15
1/5/2002,2.6,1.14
1/6/2002,2.6,6.91
1/7/2002,2.6,1.14
1/8/2002,2.6,1.14
1/9/2002,2.6,1.14
1/10/2002,2.6,1.14
1/11/2002,2.7,1.14
1/12/2002,2.8,1.15
1/13/2002,2.8,1.15
1/14/2002,2.8,1.15
1/15/2002,2.8,1.15
1/16/2002,2.8,1.15
1/17/2002,2.8,1.15
1/18/2002,2.8,1.15
1/19/2002,2.8,1.15
1/20/2002,2.8,1.15
1/21/2002,2.8,1.15
1/22/2002,2.8,1.15
1/23/2002,2.8,1.15
1/24/2002,2.5,1.14
1/25/2002,2.4,1.14
1/26/2002,2.4,1.14
1/27/2002,2.3,1.15
1/28/2002,2.5,1.15
1/29/2002,2.5,1.16
1/30/2002,2.4,1.15
1/31/2002,2.3,1.15
2/1/2002,2.2,1.14
2/2/2002,1.9,1.12
2/3/2002,1.7,1.11
2/4/2002,1.8,1.1
2/5/2002,1.8,1.1
2/6/2002,1.8,12.65
2/7/2002,1.8,35.74
2/8/2002,1.8,28.99
2/9/2002,1.8,1.1
2/10/2002,1.6,1.1
2/11/2002,1.6,1.1
2/12/2002,1.6,1.1
2/13/2002,1.6,1.1
2/14/2002,1.6,1.1
2/15/2002,8.4,1.39
2/16/2002,4.6,1.27
2/17/2002,3.9,1.24
2/18/2002,2.9,1.19
2/19/2002,2.5,1.15
2/20/2002,2.4,1.14
2/21/2002,2.4,1.14
2/22/2002,2.5,1.15
2/23/2002,2.8,1.17
2/24/2002,2.8,1.17
2/25/2002,2.7,1.15
2/26/2002,2.7,1.15
2/27/2002,2.8,1.16
2/28/2002,2.8,1.16
3/1/2002,2.8,1.16
3/2/2002,2.9,1.16
3/3/2002,2.8,1.15
3/4/2002,2.7,1.14
3/5/2002,2.5,1.13
3/6/2002,2.6,1.14
3/7/2002,3.5,1.19
3/8/2002,3.8,1.2
3/9/2002,3,1.15
3/10/2002,3,1.15
3/11/2002,3.3,1.17
3/12/2002,6.1,1.3
3/13/2002,5.6,1.28
3/14/2002,5.3,1.27
3/15/2002,4.2,1.22
3/16/2002,16,1.61
3/17/2002,19,1.71
3/18/2002,9,1.43
3/19/2002,6.4,1.34
3/20/2002,6.4,1.34
3/21/2002,6.6,1.36
3/22/2002,7.6,1.41
3/23/2002,7.9,1.42
3/24/2002,9,1.47
3/25/2002,12,1.57
3/26/2002,25,1.9
3/27/2002,14,1.64
3/28/2002,6.5,1.39
3/29/2002,14,1.64
3/30/2002,11,1.56
3/31/2002,8.9,1.49
4/1/2002,7.7,1.44
4/2/2002,8.1,1.45
4/3/2002,4.7,1.33
4/4/2002,3.9,1.29
4/5/2002,4,1.29
4/6/2002,5.6,1.36
4/7/2002,6.4,1.4
4/8/2002,5.4,1.36
4/9/2002,5,1.35
4/10/2002,5.7,1.38
4/11/2002,3.7,1.29
4/12/2002,3.5,1.28
4/13/2002,3.6,1.28
4/14/2002,3.9,1.31
4/15/2002,3.2,1.27
4/16/2002,4.1,1.31
4/17/2002,3.9,1.31
4/18/2002,3.4,1.28
4/19/2002,2.7,1.24
4/20/2002,2.6,1.24
4/21/2002,2.4,1.22
4/22/2002,2.6,1.24
4/23/2002,2.9,1.26
4/24/2002,3.2,1.27
4/25/2002,3.2,1.27
4/26/2002,3.2,1.27
4/27/2002,3.2,1.27
4/28/2002,3.3,1.28
4/29/2002,3.5,1.29
4/30/2002,3.4,1.28
5/1/2002,3.3,1.27
5/2/2002,2.8,1.25
5/3/2002,2.8,1.25
5/4/2002,2.7,1.24
5/5/2002,2.7,1.24
5/6/2002,2.6,1.24
5/7/2002,5.9,1.38
5/8/2002,3,1.26
5/9/2002,3.5,1.29
5/10/2002,2.5,1.23
5/11/2002,2.8,1.25
5/12/2002,4.4,1.33
5/13/2002,3.7,1.3
5/14/2002,2.4,1.22
5/15/2002,2.5,1.23
5/16/2002,2.3,1.22
5/17/2002,2.9,1.25
5/18/2002,2.7,1.24
5/19/2002,2.6,1.24
5/20/2002,2.1,1.19
5/21/2002,1.9,1.17
5/22/2002,1.8,1.16
5/23/2002,1.8,1.15
5/24/2002,1.8,1.14
5/25/2002,1.8,1.14
5/26/2002,2.4,1.17
5/27/2002,9.9,1.45
5/28/2002,3.9,1.23
5/29/2002,1.9,1.12
5/30/2002,1.8,1.1
5/31/2002,1.5,1.08
6/1/2002,1.3,1.07
6/2/2002,1.3,1.07
6/3/2002,1.2,1.06
6/4/2002,1.2,1.06
6/5/2002,1.2,1.06
6/6/2002,1.3,1.07
6/7/2002,2,1.12
6/8/2002,2.2,1.13
6/9/2002,3.6,1.21
6/10/2002,4.2,1.23
6/11/2002,3.6,1.2
6/12/2002,2.8,1.16
6/13/2002,1.6,1.08
6/14/2002,1.5,1.07
6/15/2002,1.5,1.07
6/16/2002,1.3,1.06
6/17/2002,1.2,1.05
6/18/2002,1.2,1.05
6/19/2002,1.1,1.04
6/20/2002,1,1.03
6/21/2002,1,1.03
6/22/2002,1,1.02
6/23/2002,0.92,1.01
6/24/2002,3.2,1.11
6/25/2002,6.5,1.3
6/26/2002,2.4,1.12
6/27/2002,2.5,1.12
6/28/2002,2.2,1.1
6/29/2002,2,1.09
6/30/2002,4.2,1.21
7/1/2002,2.1,1.09
7/2/2002,1.3,1.04
7/3/2002,1.9,1.08
7/4/2002,3.3,1.16
7/5/2002,2.5,1.12
7/6/2002,2.3,1.11
7/7/2002,2.1,1.1
7/8/2002,1.2,1.03
7/9/2002,1.2,1.02
7/10/2002,1.5,1.04
7/11/2002,1.2,1.02
7/12/2002,1,1
7/13/2002,0.85,0.98
7/14/2002,0.71,0.97
7/15/2002,0.58,0.96
7/16/2002,0.49,0.95
7/17/2002,0.43,0.94
7/18/2002,0.41,0.93
7/19/2002,3.4,1.13
7/20/2002,1.5,1.05
7/21/2002,1.6,1.06
7/22/2002,0.96,1.01
7/23/2002,1.2,1.04
7/24/2002,1.4,-6.7
7/25/2002,1,1.03
7/26/2002,1.4,1.06
7/27/2002,2.7,1.15
7/28/2002,1.9,1.1
7/29/2002,1.3,1.06
7/30/2002,1.1,1.04
7/31/2002,1.1,1.04
8/1/2002,1.1,1.04
8/2/2002,1.1,1.04
8/3/2002,1.1,1.04
8/4/2002,1.1,1.04
8/5/2002,1.1,1.04
8/6/2002,1.1,1.03
8/7/2002,1.1,1.03
8/8/2002,1.1,1.03
8/9/2002,0.94,1.01
8/10/2002,0.9,1.01
8/11/2002,0.92,1
8/12/2002,0.9,1
8/13/2002,0.91,1
8/14/2002,0.87,0.99
8/15/2002,0.79,0.99
8/16/2002,0.83,0.99
8/17/2002,0.87,0.99
8/18/2002,0.86,0.99
8/19/2002,0.8,0.99
8/20/2002,0.75,0.98
8/21/2002,0.77,0.98
8/22/2002,0.79,0.99
8/23/2002,0.79,-9.3
8/24/2002,0.8,1.5
8/25/2002,0.79,1.49
8/26/2002,0.82,1.49
8/27/2002,0.9,1.5
8/28/2002,0.94,1.5
8/29/2002,0.95,1.25
8/30/2002,0.93,0.98
8/31/2002,1,0.99
9/1/2002,0.89,0.98
9/2/2002,0.88,0.98
9/3/2002,0.97,0.99
9/4/2002,0.94,0.99
9/5/2002,0.96,0.99
9/6/2002,0.92,1
9/7/2002,0.89,1
9/8/2002,0.91,1
9/9/2002,1.2,1.02
9/10/2002,1.2,1.04
9/11/2002,1.1,1.03
9/12/2002,1.1,1.03
9/13/2002,1.1,1.03
9/14/2002,1,1.03
9/15/2002,1.1,1.03
9/16/2002,1.1,1.03
9/17/2002,1.1,1.03
9/18/2002,1.1,1.03
9/19/2002,1,4.01
9/20/2002,1,1.04
9/21/2002,0.97,1.04
9/22/2002,0.99,1.04
9/23/2002,1,1.04
9/24/2002,0.92,1.05
9/25/2002,0.91,1.05
9/26/2002,0.96,1.05
9/27/2002,0.93,1.06
9/28/2002,0.93,-3.55
9/29/2002,0.93,-7.14
9/30/2002,0.93,-106.91
10/1/2002,0.87,1.06
10/2/2002,0.89,1.07
10/3/2002,0.91,1.08
10/4/2002,0.83,1.08
10/5/2002,0.78,1.07
10/6/2002,0.68,1.08
10/7/2002,0.73,1.08
10/8/2002,0.75,2.06
10/9/2002,0.76,1.08
10/10/2002,0.71,1.09
10/11/2002,0.73,1.09
10/12/2002,0.58,1.08
10/13/2002,0.52,1.09
10/14/2002,0.57,1.09
10/15/2002,0.56,1.09
10/16/2002,0.5,1.09
10/17/2002,0.52,1.09
10/18/2002,0.52,1.09
10/19/2002,0.52,24.34
10/20/2002,0.52,1.09
10/21/2002,0.52,1.09
10/22/2002,0.34,1.11
10/23/2002,0.32,1.09
10/24/2002,0.31,13.98
10/25/2002,0.32,1.1
10/26/2002,0.31,1.1
10/27/2002,0.36,1.11
10/28/2002,0.36,1.11
10/29/2002,0.33,1.1
10/30/2002,0.33,-9.31
10/31/2002,0.32,1.1
11/1/2002,0.32,-98.91
11/2/2002,0.32,1.1
11/3/2002,0.31,1.1
11/4/2002,0.33,1.1
11/5/2002,0.32,1.1
11/6/2002,0.32,1.1
11/7/2002,0.32,1.1
11/8/2002,0.31,1.1
11/9/2002,0.31,1.1
11/10/2002,0.3,1.1
11/11/2002,0.33,1.1
11/12/2002,0.33,1.1
11/13/2002,0.34,1.1
11/14/2002,0.32,-40.57
11/15/2002,0.3,1.1
11/16/2002,0.3,1.1
11/17/2002,0.3,1.1
11/18/2002,0.29,1.09
11/19/2002,0.28,1.09
11/20/2002,0.25,1.09
11/21/2002,0.24,1.09
11/22/2002,0.25,1.09
11/23/2002,0.26,1.08
11/24/2002,0.25,1.08
11/25/2002,0.24,1.08
11/26/2002,0.21,1.08
11/27/2002,0.21,1.08
11/28/2002,0.21,1.08
11/29/2002,0.21,1.08
11/30/2002,0.23,1.08
12/1/2002,0.28,1.08
12/2/2002,0.25,1.08
12/3/2002,0.25,1.08
12/4/2002,0.25,1.08
12/5/2002,0.25,1.08
12/6/2002,0.24,1.08
12/7/2002,0.24,1.08
12/8/2002,0.2,1.08
12/9/2002,0.2,1.08
12/10/2002,0.22,1.08
12/11/2002,0.2,1.08
12/12/2002,0.18,1.07
12/13/2002,0.18,1.05
12/14/2002,0.19,1.04
12/15/2002,0.21,1.04
12/16/2002,0.21,-10.32
12/17/2002,0.22,1.04
12/18/2002,0.21,1.04
12/19/2002,0.2,1.04
12/20/2002,0.2,1.04
12/21/2002,0.18,1.03
12/22/2002,0.17,1.03
12/23/2002,0.18,1.03
12/24/2002,0.2,-21.67
12/25/2002,0.22,1.05
12/26/2002,0.22,1.05
12/27/2002,0.24,-9.82
12/28/2002,0.27,1.06
12/29/2002,0.29,1.06
12/30/2002,0.27,1.05
12/31/2002,0.27,1.06
1/1/2003,0.28,1.06
1/2/2003,0.22,1.05
1/3/2003,0.22,1.05
1/4/2003,0.22,1.05
1/5/2003,0.21,1.05
1/6/2003,0.17,1.04
1/7/2003,0.17,1.05
1/8/2003,0.18,1.05
1/9/2003,0.17,1.04
1/10/2003,0.17,1.05
1/11/2003,0.15,1.04
1/12/2003,0.16,1.05
1/13/2003,0.15,1.05
1/14/2003,0.15,1.05
1/15/2003,0.16,1.05
1/16/2003,0.13,1.04
1/17/2003,0.16,1.05
1/18/2003,0.16,1.05
1/19/2003,0.16,1.05
1/20/2003,0.15,1.05
1/21/2003,0.15,1.04
1/22/2003,0.13,1.04
1/23/2003,0.13,1.04
1/24/2003,0.15,1.05
1/25/2003,0.15,1.05
1/26/2003,0.14,1.04
1/27/2003,0.14,1.05
1/28/2003,0.14,1.04
1/29/2003,0.13,1.04
1/30/2003,0.13,1.04
1/31/2003,0.14,1.04
2/1/2003,0.14,1.04
2/2/2003,0.13,1.04
2/3/2003,0.14,1.04
2/4/2003,0.13,1.04
2/5/2003,0.13,1.04
2/6/2003,0.13,1.04
2/7/2003,0.11,1.03
2/8/2003,0.11,1.03
2/9/2003,0.13,1.04
2/10/2003,0.13,1.04
2/11/2003,0.13,1.04
2/12/2003,0.13,1.04
2/13/2003,0.13,1.04
2/14/2003,0.13,1.04
2/15/2003,0.11,1.03
2/16/2003,0.12,1.03
2/17/2003,0.12,1.03
2/18/2003,0.11,1.03
2/19/2003,0.12,1.03
2/20/2003,0.12,1.03
2/21/2003,0.12,1.03
2/22/2003,0.11,1.03
2/23/2003,0.1,1.03
2/24/2003,0.09,1.01
2/25/2003,0.09,1.01
2/26/2003,0.11,1.02
2/27/2003,0.11,1.02
2/28/2003,0.09,1.01
3/1/2003,0.1,1.01
3/2/2003,0.1,1.01
3/3/2003,0.12,1.02
3/4/2003,0.11,1.01
3/5/2003,0.13,1.02
3/6/2003,0.12,1.01
3/7/2003,0.11,1.01
3/8/2003,0.1,1.01
3/9/2003,0.11,1.01
3/10/2003,0.1,1
3/11/2003,0.1,1.01
3/12/2003,0.1,1
3/13/2003,0.09,1
3/14/2003,0.09,1
3/15/2003,0.09,1
3/16/2003,0.08,1
3/17/2003,0.1,1.01
3/18/2003,0.11,1.02
3/19/2003,0.2,1.05
3/20/2003,0.1,1.01
3/21/2003,0.09,1.01
3/22/2003,0.09,1.01
3/23/2003,0.09,1.01
3/24/2003,1.2,1.09
3/25/2003,7.7,1.52
3/26/2003,2.7,1.3
3/27/2003,1.3,1.16
3/28/2003,8.6,1.56
3/29/2003,6.2,1.47
3/30/2003,15,1.71
3/31/2003,9.3,1.58
4/1/2003,1.1,1.18
4/2/2003,0.32,1.1
4/3/2003,0.28,1.09
4/4/2003,0.25,1.08
4/5/2003,0.22,1.07
4/6/2003,0.24,1.07
4/7/2003,0.21,1.07
4/8/2003,0.21,1.07
4/9/2003,0.23,1.07
4/10/2003,0.87,1.14
4/11/2003,0.81,1.14
4/12/2003,0.26,1.07
4/13/2003,0.26,1.07
4/14/2003,0.26,1.07
4/15/2003,0.28,1.08
4/16/2003,0.28,1.08
4/17/2003,0.23,1.07
4/18/2003,0.22,1.06
4/19/2003,0.28,1.08
4/20/2003,0.26,1.07
4/21/2003,0.29,1.09
4/22/2003,0.24,1.07
4/23/2003,0.25,1.07
4/24/2003,0.25,1.07
4/25/2003,0.22,1.06
4/26/2003,0.23,1.06
4/27/2003,0.21,1.06
4/28/2003,0.21,1.06
4/29/2003,0.21,1.06
4/30/2003,0.19,1.05
5/1/2003,0.17,1.04
5/2/2003,0.17,1.04
5/3/2003,0.16,1.04
5/4/2003,0.14,1.03
5/5/2003,0.13,1.03
5/6/2003,0.11,1.02
5/7/2003,0.12,1.02
5/8/2003,0.1,1.02
5/9/2003,0.08,1
5/10/2003,0.08,1.01
5/11/2003,0.08,1
5/12/2003,0.07,1
5/13/2003,0.06,0.99
5/14/2003,0.06,0.99
5/15/2003,0.06,0.99
5/16/2003,0.07,0.99
5/17/2003,0.36,1.1
5/18/2003,1.6,1.25
5/19/2003,1.9,1.26
5/20/2003,1,1.21
5/21/2003,1.4,1.24
5/22/2003,8.5,1.5
5/23/2003,1.2,1.23
5/24/2003,4.9,1.38
5/25/2003,14,1.67
5/26/2003,14,1.72
5/27/2003,24,1.96
5/28/2003,3.3,1.33
5/29/2003,12,1.64
5/30/2003,14,1.69
5/31/2003,10,1.58
6/1/2003,12,1.63
6/2/2003,12,1.63
6/3/2003,9,1.54
6/4/2003,5.5,1.4
6/5/2003,15,1.73
6/6/2003,19,1.85
6/7/2003,26,2.01
6/8/2003,36,2.2
6/9/2003,35,2.18
6/10/2003,18,1.83
6/11/2003,13,1.69
6/12/2003,15,1.73
6/13/2003,45,2.1
6/14/2003,17,1.78
6/15/2003,11,1.6
6/16/2003,15,1.74
6/17/2003,19,1.83
6/18/2003,14,1.65
6/19/2003,13,1.68
6/20/2003,32,2.12
6/21/2003,28,2.04
6/22/2003,21,1.88
6/23/2003,21,1.89
6/24/2003,20,1.86
6/25/2003,12,1.65
6/26/2003,8.7,1.53
6/27/2003,10,1.59
6/28/2003,12,1.63
6/29/2003,12,1.65
6/30/2003,20,1.82
7/1/2003,42,2.32
7/2/2003,26,1.99
7/3/2003,12,1.64
7/4/2003,12,1.64
7/5/2003,10,1.58
7/6/2003,9.9,1.57
7/7/2003,12,1.65
7/8/2003,11,1.6
7/9/2003,11,1.6
7/10/2003,10,1.58
7/11/2003,9.5,1.55
7/12/2003,7.9,1.5
7/13/2003,19,1.8
7/14/2003,42,2.32
7/15/2003,12,1.63
7/16/2003,8.5,1.52
7/17/2003,8.3,1.52
7/18/2003,6.7,1.47
7/19/2003,6.4,1.45
7/20/2003,7.5,1.49
7/21/2003,7.1,1.47
7/22/2003,2.9,1.32
7/23/2003,1.6,1.24
7/24/2003,1.4,1.23
7/25/2003,1.3,1.22
7/26/2003,1.2,1.21
7/27/2003,1.2,1.21
7/28/2003,1.2,1.21
7/29/2003,1.1,1.2
7/30/2003,3.8,1.33
7/31/2003,1.2,1.2
8/1/2003,0.97,1.19
8/2/2003,0.93,1.19
8/3/2003,0.87,1.18
8/4/2003,6.5,1.42
8/5/2003,4,1.36
8/6/2003,2.7,1.31
8/7/2003,4,1.37
8/8/2003,4.1,1.38
8/9/2003,4.9,1.41
8/10/2003,6.4,1.45
8/11/2003,1.2,1.21
8/12/2003,1.1,1.2
8/13/2003,0.99,1.19
8/14/2003,0.95,1.19
8/15/2003,0.89,1.18
8/16/2003,0.85,1.18
8/17/2003,0.83,1.18
8/18/2003,0.81,1.18
8/19/2003,0.88,1.18
8/20/2003,0.79,1.18
8/21/2003,0.74,1.17
8/22/2003,0.69,1.17
8/23/2003,0.67,1.17
8/24/2003,0.65,1.17
8/25/2003,0.63,1.17
8/26/2003,0.63,1.17
8/27/2003,0.61,1.16
8/28/2003,0.64,1.17
8/29/2003,0.76,1.17
8/30/2003,0.8,1.18
8/31/2003,0.83,1.18
9/1/2003,0.82,1.18
9/2/2003,2.2,1.27
9/3/2003,2.6,1.3
9/4/2003,0.98,1.19
9/5/2003,0.87,1.18
9/6/2003,0.84,1.18
9/7/2003,0.86,1.18
9/8/2003,0.88,1.18
9/9/2003,0.84,1.18
9/10/2003,0.81,1.18
9/11/2003,0.77,1.17
9/12/2003,0.75,1.17
9/13/2003,0.75,1.17
9/14/2003,0.77,1.17
9/15/2003,0.72,1.17
9/16/2003,1.2,1.21
9/17/2003,0.84,1.17
9/18/2003,0.79,1.16
9/19/2003,0.79,1.17
9/20/2003,0.79,1.17
9/21/2003,0.62,1.16
9/22/2003,0.65,1.16
9/23/2003,0.63,1.16
9/24/2003,0.6,1.16
9/25/2003,0.6,1.16
9/26/2003,0.56,1.16
9/27/2003,0.62,1.16
9/28/2003,0.62,1.16
9/29/2003,0.62,1.16
9/30/2003,0.46,1.15
10/1/2003,0.54,1.16
10/2/2003,0.54,1.16
10/3/2003,0.53,1.16
10/4/2003,0.52,1.16
10/5/2003,0.52,1.16
10/6/2003,0.52,1.16
10/7/2003,0.52,1.16
10/8/2003,0.52,1.16
10/9/2003,0.39,1.15
10/10/2003,0.4,1.16
10/11/2003,0.38,1.15
10/12/2003,0.39,1.15
10/13/2003,0.39,1.15
10/14/2003,0.39,1.15
10/15/2003,0.35,1.15
10/16/2003,0.35,1.16
10/17/2003,0.5,1.16
10/18/2003,0.5,1.16
10/19/2003,0.53,1.16
10/20/2003,0.51,1.16
10/21/2003,0.5,1.16
10/22/2003,0.54,1.16
10/23/2003,0.55,1.16
10/24/2003,0.55,1.16
10/25/2003,0.54,1.16
10/26/2003,0.61,1.17
10/27/2003,0.63,1.17
10/28/2003,0.63,1.17
10/29/2003,0.69,1.18
10/30/2003,0.65,1.17
10/31/2003,0.62,1.17
11/1/2003,0.74,1.18
11/2/2003,0.73,1.18
11/3/2003,0.73,1.18
11/4/2003,0.71,1.18
11/5/2003,0.56,1.17
11/6/2003,0.56,1.17
11/7/2003,1.6,1.24
11/8/2003,0.85,1.2
11/9/2003,0.46,1.16
11/10/2003,1.1,1.21
11/11/2003,1.8,1.28
11/12/2003,1.1,1.23
11/13/2003,5.1,1.46
11/14/2003,12,1.71
11/15/2003,1.4,1.24
11/16/2003,0.77,1.19
11/17/2003,0.7,1.19
11/18/2003,0.65,1.18
11/19/2003,0.63,1.18
11/20/2003,0.67,1.18
11/21/2003,0.64,1.18
11/22/2003,0.6,1.18
11/23/2003,0.4,1.17
11/24/2003,0.4,1.16
11/25/2003,0.4,1.16
11/26/2003,0.4,1.16
11/27/2003,0.4,1.15
11/28/2003,0.4,1.16
11/29/2003,0.5,1.17
11/30/2003,0.63,1.17
12/1/2003,0.6,1.17
12/2/2003,0.65,1.17
12/3/2003,0.65,1.17
12/4/2003,0.6,1.17
12/5/2003,0.61,1.17
12/6/2003,0.53,1.16
12/7/2003,0.45,1.15
12/8/2003,0.39,1.15
12/9/2003,0.37,1.14
12/10/2003,0.35,1.14
12/11/2003,0.33,1.13
12/12/2003,0.3,1.12
12/13/2003,0.3,1.12
12/14/2003,0.3,1.13
12/15/2003,0.31,1.13
12/16/2003,0.28,1.12
12/17/2003,0.28,1.12
12/18/2003,0.27,1.12
12/19/2003,0.28,1.12
12/20/2003,0.28,1.12
12/21/2003,0.28,1.12
12/22/2003,0.28,1.12
12/23/2003,0.28,1.12
12/24/2003,0.28,1.12
12/25/2003,0.28,1.12
12/26/2003,0.28,1.12
12/27/2003,0.22,1.11
12/28/2003,0.2,1.11
12/29/2003,0.19,1.1
12/30/2003,0.2,1.11
12/31/2003,0.19,1.1
1/1/2004,0.2,1.11
1/2/2004,0.21,1.11
1/3/2004,0.19,1.1
1/4/2004,0.19,1.1
1/5/2004,0.16,1.09
1/6/2004,0.16,1.09
1/7/2004,0.16,1.09
1/8/2004,0.17,1.09
1/9/2004,0.17,1.09
1/10/2004,0.17,1.09
1/11/2004,0.16,1.09
1/12/2004,0.15,1.09
1/13/2004,0.16,1.09
1/14/2004,0.16,1.09
1/15/2004,0.17,1.09
1/16/2004,0.17,1.1
1/17/2004,0.17,1.09
1/18/2004,0.16,1.09
1/19/2004,0.16,1.09
1/20/2004,0.17,1.1
1/21/2004,0.17,1.1
1/22/2004,0.17,1.09
1/23/2004,0.17,1.09
1/24/2004,0.17,1.09
1/25/2004,0.18,1.1
1/26/2004,0.15,1.09
1/27/2004,0.07,1.05
1/28/2004,0.1,1.07
1/29/2004,0.1,1.06
1/30/2004,0.11,1.07
1/31/2004,0.1,1.06
2/1/2004,0.1,1.06
2/2/2004,0.09,1.06
2/3/2004,0.09,1.06
2/4/2004,0.1,1.06
2/5/2004,0.09,1.06
2/6/2004,0.09,1.06
2/7/2004,0.09,1.06
2/8/2004,0.09,1.06
2/9/2004,0.07,1.06
2/10/2004,0.07,1.06
2/11/2004,0.07,1.06
2/12/2004,0.05,1.04
2/13/2004,0.05,1.04
2/14/2004,0.05,1.06
2/15/2004,0.06,1.05
2/16/2004,0.07,1.06
2/17/2004,0.07,1.06
2/18/2004,0.07,1.06
2/19/2004,0.08,1.07
2/20/2004,0.07,1.06
2/21/2004,0.07,1.06
2/22/2004,0.07,1.06
2/23/2004,0.06,1.05
2/24/2004,0.06,1.05
2/25/2004,0.07,1.06
2/26/2004,0.06,1.06
2/27/2004,0.06,1.06
2/28/2004,0.06,1.06
2/29/2004,0.06,1.06
3/1/2004,0.06,1.06
3/2/2004,0.06,1.06
3/3/2004,0.06,1.06
3/4/2004,0.07,1.07
3/5/2004,0.07,1.06
3/6/2004,0.07,1.06
3/7/2004,0.06,1.06
3/8/2004,0.06,1.06
3/9/2004,0.07,1.07
3/10/2004,0.06,1.06
3/11/2004,0.07,1.07
3/12/2004,0.07,1.07
3/13/2004,0.17,1.11
3/14/2004,0.09,1.09
3/15/2004,0.07,1.07
3/16/2004,0.05,1.06
3/17/2004,0.04,1.05
3/18/2004,0.03,1.04
3/19/2004,0.03,1.04
3/20/2004,0.06,1.06
3/21/2004,0.04,1.05
3/22/2004,0.04,1.05
3/23/2004,0.05,1.06
3/24/2004,0.09,1.09
3/25/2004,0.06,1.07
3/26/2004,0.06,1.07
3/27/2004,0.06,1.07
3/28/2004,0.06,1.07
3/29/2004,0.07,1.07
3/30/2004,4,1.35
3/31/2004,1,1.16
4/1/2004,2.4,1.26
4/2/2004,0.52,1.11
4/3/2004,0.02,1.03
4/4/2004,0.02,1.03
4/5/2004,0.02,1.02
4/6/2004,6.2,1.31
4/7/2004,2.3,1.28
4/8/2004,4.6,1.39
4/9/2004,0.21,1.12
4/10/2004,6.8,1.43
4/11/2004,2.4,1.28
4/12/2004,3,1.32
4/13/2004,3.2,1.33
4/14/2004,2.3,1.28
4/15/2004,2.5,1.29
4/16/2004,2.9,1.3
4/17/2004,10,1.64
4/18/2004,16,1.81
4/19/2004,21,1.92
4/20/2004,2,1.26
4/21/2004,1.1,1.2
4/22/2004,0.37,1.14
4/23/2004,10,1.6
4/24/2004,29,2.09
4/25/2004,3.3,1.33
4/26/2004,2.5,1.29
4/27/2004,2,1.26
4/28/2004,4.1,1.38
4/29/2004,3.6,1.35
4/30/2004,8.1,1.55
5/1/2004,11,1.66
5/2/2004,9.6,1.61
5/3/2004,7.3,1.53
5/4/2004,5.2,1.44
5/5/2004,6.3,1.49
5/6/2004,5.8,1.46
5/7/2004,6.6,1.5
5/8/2004,6.7,1.5
5/9/2004,9.1,1.6
5/10/2004,13,1.75
5/11/2004,15,1.82
5/12/2004,11,1.69
5/13/2004,12,1.73
5/14/2004,8.3,1.57
5/15/2004,9.5,1.62
5/16/2004,13,1.75
5/17/2004,16,1.85
5/18/2004,11,1.69
5/19/2004,11,1.67
5/20/2004,6.5,1.49
5/21/2004,9,1.59
5/22/2004,12,1.73
5/23/2004,9.7,1.62
5/24/2004,8.7,1.58
5/25/2004,9,1.59
5/26/2004,13,1.76
5/27/2004,10,1.63
5/28/2004,9.9,1.63
5/29/2004,14,1.79
5/30/2004,12,1.72
5/31/2004,14,1.81
6/1/2004,12,1.72
6/2/2004,6.1,1.48
6/3/2004,6.4,1.48
6/4/2004,11,1.69
6/5/2004,7.7,1.54
6/6/2004,7.7,1.54
6/7/2004,8.6,1.57
6/8/2004,10,1.64
6/9/2004,8.8,1.58
6/10/2004,11,1.67
6/11/2004,11,1.68
6/12/2004,10,1.66
6/13/2004,7.4,1.53
6/14/2004,4.4,1.39
6/15/2004,5.1,1.43
6/16/2004,9.1,1.6
6/17/2004,7.3,1.52
6/18/2004,8.1,1.55
6/19/2004,12,1.73
6/20/2004,17,1.87
6/21/2004,16,1.82
6/22/2004,20,1.94
6/23/2004,20,1.97
6/24/2004,22,2.01
6/25/2004,13,1.77
6/26/2004,18,1.87
6/27/2004,69,2.85
6/28/2004,45,2.42
6/29/2004,16,1.86
6/30/2004,21,1.97
7/1/2004,18,1.93
7/2/2004,35,2.29
7/3/2004,30,2.19
7/4/2004,23,2.03
7/5/2004,14,1.82
7/6/2004,18,1.9
7/7/2004,14,1.8
7/8/2004,13,1.77
7/9/2004,7,1.55
7/10/2004,11,1.72
7/11/2004,15,1.84
7/12/2004,7.9,1.58
7/13/2004,4.7,1.42
7/14/2004,3.8,1.36
7/15/2004,2.5,1.28
7/16/2004,2.2,1.27
7/17/2004,2.1,1.27
7/18/2004,3.1,1.31
7/19/2004,5.7,1.45
7/20/2004,11,1.7
7/21/2004,5.9,1.5
7/22/2004,4.8,1.4
7/23/2004,7.8,1.58
7/24/2004,21,1.99
7/25/2004,22,2.01
7/26/2004,30,2.19
7/27/2004,24,2.06
7/28/2004,14,1.8
7/29/2004,17,1.9
7/30/2004,22,2.02
7/31/2004,26,2.11
8/1/2004,32,2.23
8/2/2004,33,2.26
8/3/2004,11,1.69
8/4/2004,7.3,1.56
8/5/2004,11,1.67
8/6/2004,12,1.75
8/7/2004,16,1.87
8/8/2004,17,1.88
8/9/2004,15,1.82
8/10/2004,11,1.71
8/11/2004,21,2
8/12/2004,35,2.29
8/13/2004,17,1.9
8/14/2004,15,1.84
8/15/2004,8.9,1.63
8/16/2004,6.5,1.52
8/17/2004,4.8,1.37
8/18/2004,4.4,1.36
8/19/2004,5,1.41
8/20/2004,4.4,1.37
8/21/2004,3.6,1.32
8/22/2004,9.2,1.59
8/23/2004,12,1.72
8/24/2004,23,2.04
8/25/2004,16,1.87
8/26/2004,16,1.88
8/27/2004,11,1.72
8/28/2004,14,1.81
8/29/2004,7.5,1.58
8/30/2004,16,1.86
8/31/2004,13,1.78
9/1/2004,9.1,1.65
9/2/2004,12,1.74
9/3/2004,5.2,1.41
9/4/2004,4.1,1.33
9/5/2004,3.6,1.32
9/6/2004,3.4,1.31
9/7/2004,3.1,1.3
9/8/2004,2.8,1.3
9/9/2004,2.6,1.29
9/10/2004,2.5,1.28
9/11/2004,2.4,1.28
9/12/2004,2.3,1.27
9/13/2004,2.2,1.27
9/14/2004,2,1.26
9/15/2004,1.8,1.26
9/16/2004,1.6,1.25
9/17/2004,1.5,1.24
9/18/2004,1.3,1.23
9/19/2004,1.4,1.24
9/20/2004,1.4,1.24
9/21/2004,1.5,1.24
9/22/2004,1.5,1.24
9/23/2004,1.3,1.23
9/24/2004,1.2,1.22
9/25/2004,1.3,1.23
9/26/2004,1.3,1.23
9/27/2004,1.3,1.23
9/28/2004,1.4,1.23
9/29/2004,1.5,1.24
9/30/2004,1.2,1.22
10/1/2004,1.1,1.21
10/2/2004,1.1,1.21
10/3/2004,1.1,1.2
10/4/2004,7.5,1.47
10/5/2004,5.2,1.42
10/6/2004,8.3,1.54
10/7/2004,4.1,1.38
10/8/2004,5.1,1.43
10/9/2004,8.1,1.54
10/10/2004,4.3,1.38
10/11/2004,7.3,1.49
10/12/2004,3.9,1.35
10/13/2004,2.5,1.27
10/14/2004,2.3,1.26
10/15/2004,2.1,1.25
10/16/2004,1.8,1.24
10/17/2004,1.7,1.24
10/18/2004,1.8,1.24
10/19/2004,1.8,1.24
10/20/2004,3.2,1.35
10/21/2004,4.9,1.44
10/22/2004,1.5,1.28
10/23/2004,6.2,1.44
10/24/2004,24,2
10/25/2004,19,1.96
10/26/2004,17,1.9
10/27/2004,12,1.79
10/28/2004,5.2,1.52
10/29/2004,13,1.77
10/30/2004,15,1.84
10/31/2004,9,1.65
11/1/2004,14,1.77
11/2/2004,38,2.31
11/3/2004,11,1.73
11/4/2004,20,1.95
11/5/2004,19,1.93
11/6/2004,10,1.67
11/7/2004,12,1.72
11/8/2004,14,1.77
11/9/2004,13,1.75
11/10/2004,24,2.03
11/11/2004,30,2.13
11/12/2004,8.6,1.58
11/13/2004,22,1.97
11/14/2004,19,1.88
11/15/2004,23,1.97
11/16/2004,5.6,1.46
11/17/2004,4.6,1.41
11/18/2004,4.3,1.4
11/19/2004,4,1.39
11/20/2004,3.9,1.39
11/21/2004,3.6,1.38
11/22/2004,3.5,1.38
11/23/2004,3.2,1.37
11/24/2004,3.1,1.37
11/25/2004,3.1,1.37
11/26/2004,3.2,1.37
11/27/2004,2.9,1.36
11/28/2004,2.6,1.36
11/29/2004,2.4,1.35
11/30/2004,2.2,1.35
12/1/2004,2,1.35
12/2/2004,1.9,1.34
12/3/2004,1.9,1.34
12/4/2004,1.8,1.34
12/5/2004,1.8,1.34
12/6/2004,1.8,1.33
12/7/2004,1.8,1.33
12/8/2004,1.8,1.34
12/9/2004,1.7,1.34
12/10/2004,1.6,1.33
12/11/2004,1.5,1.33
12/12/2004,1.4,1.32
12/13/2004,1.3,1.31
12/14/2004,1.4,1.32
12/15/2004,1.4,1.32
12/16/2004,1.4,1.31
12/17/2004,1.3,1.31
12/18/2004,1.3,1.31
12/19/2004,1.3,1.31
12/20/2004,1.4,1.31
12/21/2004,1.3,1.3
12/22/2004,1.3,1.3
12/23/2004,1.1,1.3
12/24/2004,0.9,1.28
12/25/2004,0.95,1.28
12/26/2004,0.9,1.28
12/27/2004,0.9,1.27
12/28/2004,1,1.27
12/29/2004,1,1.27
12/30/2004,1,1.27
12/31/2004,0.96,1.27
1/1/2005,0.98,1.27
1/2/2005,0.95,1.26
1/3/2005,0.94,1.26
1/4/2005,0.94,1.26
1/5/2005,0.85,1.26
1/6/2005,0.8,1.25
1/7/2005,0.8,1.25
1/8/2005,0.82,1.25
1/9/2005,0.85,1.25
1/10/2005,0.88,1.25
1/11/2005,0.85,1.25
1/12/2005,0.85,1.25
1/13/2005,0.75,1.24
1/14/2005,0.7,1.23
1/15/2005,0.7,1.23
1/16/2005,0.7,1.23
1/17/2005,0.7,1.23
1/18/2005,0.75,1.23
1/19/2005,0.77,1.23
1/20/2005,0.77,1.23
1/21/2005,0.77,1.23
1/22/2005,0.73,1.23
1/23/2005,0.74,1.23
1/24/2005,0.75,1.23
1/25/2005,0.74,1.23
1/26/2005,0.69,1.23
1/27/2005,0.76,1.23
1/28/2005,0.71,1.22
1/29/2005,0.77,1.22
1/30/2005,0.73,1.22
1/31/2005,0.74,1.22
2/1/2005,0.73,1.22
2/2/2005,0.71,1.22
2/3/2005,0.71,1.22
2/4/2005,0.74,1.22
2/5/2005,0.73,1.22
2/6/2005,0.73,1.22
2/7/2005,0.73,1.21
2/8/2005,0.72,1.21
2/9/2005,0.7,1.21
2/10/2005,0.64,1.21
2/11/2005,0.64,1.2
2/12/2005,0.64,1.22
2/13/2005,0.66,1.2
2/14/2005,0.63,1.2
2/15/2005,0.61,1.2
2/16/2005,0.64,1.2
2/17/2005,0.63,1.2
2/18/2005,0.66,1.2
2/19/2005,0.68,1.21
2/20/2005,0.66,1.2
2/21/2005,0.66,1.2
2/22/2005,0.62,1.2
2/23/2005,0.71,1.21
2/24/2005,0.67,1.21
2/25/2005,0.71,1.21
2/26/2005,0.75,1.21
2/27/2005,0.76,1.21
2/28/2005,0.76,1.21
3/1/2005,0.8,1.22
3/2/2005,0.83,1.22
3/3/2005,0.87,1.22
3/4/2005,0.92,1.23
3/5/2005,0.97,1.24
3/6/2005,1.1,1.24
3/7/2005,1.1,1.25
3/8/2005,1.1,1.25
3/9/2005,1.2,1.26
3/10/2005,1.2,1.26
3/11/2005,1.3,1.27
3/12/2005,1.4,1.28
3/13/2005,1.3,1.27
3/14/2005,1.4,1.27
3/15/2005,1.5,1.28
3/16/2005,1.6,1.29
3/17/2005,1.6,1.29
3/18/2005,9.7,1.49
3/19/2005,42,2.26
3/20/2005,2.4,1.35
3/21/2005,8.3,1.54
3/22/2005,11,1.67
3/23/2005,11,1.68
3/24/2005,10,1.66
3/25/2005,15,1.8
3/26/2005,25,2.03
3/27/2005,31,2.17
3/28/2005,19,1.91
3/29/2005,11,1.68
3/30/2005,37,2.24
3/31/2005,41,2.33
4/1/2005,13,1.7
4/2/2005,7.3,1.53
4/3/2005,17,1.89
4/4/2005,23,2
4/5/2005,42,2.34
4/6/2005,44,2.39
4/7/2005,18,1.84
4/8/2005,27,2.09
4/9/2005,15,1.81
4/10/2005,22,1.89
4/11/2005,64,2.73
4/12/2005,15,1.96
4/13/2005,21,2.17
4/14/2005,24,2.21
4/15/2005,22,2.17
4/16/2005,18,2.1
4/17/2005,19,2.13
4/18/2005,21,2.15
4/19/2005,10,1.91
4/20/2005,5.9,1.75
4/21/2005,9.5,1.88
4/22/2005,6.7,1.78
4/23/2005,6.7,1.78
4/24/2005,6.2,1.76
4/25/2005,13,2
4/26/2005,17,2.1
4/27/2005,16,2.07
4/28/2005,21,2.17
4/29/2005,32,2.33
4/30/2005,37,2.39
5/1/2005,22,2.19
5/2/2005,37,2.39
5/3/2005,31,2.31
5/4/2005,16,2.06
5/5/2005,8.3,1.84
5/6/2005,12,1.97
5/7/2005,21,2.17
5/8/2005,19,2.13
5/9/2005,14,1.99
5/10/2005,5.3,1.73
5/11/2005,7.3,1.8
5/12/2005,6.6,1.77
5/13/2005,4.2,1.66
5/14/2005,2.6,1.58
5/15/2005,4,1.65
5/16/2005,4.5,1.68
5/17/2005,2.1,1.55
5/18/2005,3.9,1.65
5/19/2005,3.8,1.65
5/20/2005,3.6,1.64
5/21/2005,4.5,1.68
5/22/2005,5.2,1.72
5/23/2005,6.7,1.78
5/24/2005,8.9,1.84
5/25/2005,3.5,1.63
5/26/2005,11,1.92
5/27/2005,13,1.99
5/28/2005,13,1.97
5/29/2005,30,2.31
5/30/2005,36,2.39
5/31/2005,30,2.31
6/1/2005,37,2.4
6/2/2005,30,2.29
6/3/2005,12,1.96
6/4/2005,27,2.24
6/5/2005,35,2.37
6/6/2005,37,2.4
6/7/2005,33,2.34
6/8/2005,26,2.17
6/9/2005,11,1.76
6/10/2005,6.4,1.61
6/11/2005,6.4,1.61
6/12/2005,6.9,1.63
6/13/2005,8.4,1.67
6/14/2005,7.1,1.63
6/15/2005,8.7,1.69
6/16/2005,12,1.8
6/17/2005,10,1.74
6/18/2005,9.8,1.71
6/19/2005,5,1.52
6/20/2005,5.1,1.53
6/21/2005,5.3,1.53
6/22/2005,7.8,1.63
6/23/2005,3.5,1.44
6/24/2005,7.3,1.6
6/25/2005,5,1.5
6/26/2005,6,1.54
6/27/2005,5.9,1.54
6/28/2005,3.2,1.4
6/29/2005,5,1.48
6/30/2005,6.6,1.54
7/1/2005,7.1,1.55
7/2/2005,12,1.72
7/3/2005,15,1.8
7/4/2005,9.3,1.62
7/5/2005,6.4,1.51
7/6/2005,8.1,1.57
7/7/2005,8.7,1.59
7/8/2005,9.5,1.62
7/9/2005,6.8,1.53
7/10/2005,11,1.67
7/11/2005,5.6,1.47
7/12/2005,5,1.44
7/13/2005,4.1,1.4
7/14/2005,4.8,1.43
7/15/2005,4.6,1.42
7/16/2005,10,1.62
7/17/2005,5.9,1.47
7/18/2005,8,1.55
7/19/2005,7.8,1.54
7/20/2005,5.6,1.46
7/21/2005,5.4,1.45
7/22/2005,4.8,1.42
7/23/2005,4.8,1.42
7/24/2005,4.5,1.41
7/25/2005,2.5,1.3
7/26/2005,2.3,1.29
7/27/2005,2.2,1.28
7/28/2005,3.8,1.36
7/29/2005,7.2,1.52
7/30/2005,8.5,1.57
7/31/2005,8.3,1.55
8/1/2005,7.8,1.54
8/2/2005,6.8,1.51
8/3/2005,5.5,1.45
8/4/2005,7.5,1.55
8/5/2005,7.6,1.55
8/6/2005,9.8,1.63
8/7/2005,6.9,1.51
8/8/2005,5.5,1.46
8/9/2005,18,1.86
8/10/2005,7.8,1.55
8/11/2005,9.3,1.61
8/12/2005,12,1.69
8/13/2005,6.4,1.49
8/14/2005,6.6,1.51
8/15/2005,7.2,1.53
8/16/2005,6.2,1.49
8/17/2005,8.9,1.59
8/18/2005,5.9,1.47
8/19/2005,8.8,1.59
8/20/2005,4,1.39
8/21/2005,2.6,1.32
8/22/2005,10,1.64
8/23/2005,14,1.76
8/24/2005,17,1.83
8/25/2005,14,1.76
8/26/2005,10,1.65
8/27/2005,13,1.73
8/28/2005,6.6,1.51
8/29/2005,5.4,1.47
8/30/2005,3.6,1.38
8/31/2005,2.9,1.34
9/1/2005,2.6,1.33
9/2/2005,2.4,1.31
9/3/2005,2.3,1.3
9/4/2005,2.1,1.3
9/5/2005,2,1.29
9/6/2005,1.9,1.28
9/7/2005,1.7,1.27
9/8/2005,1.7,1.27
9/9/2005,1.7,1.27
9/10/2005,1.6,1.26
9/11/2005,1.9,1.28
9/12/2005,1.8,1.28
9/13/2005,1.7,1.26
9/14/2005,1.4,1.25
9/15/2005,7,1.53
9/16/2005,12,1.71
9/17/2005,12,1.72
9/18/2005,8.2,1.57
9/19/2005,10,1.61
9/20/2005,15,1.79
9/21/2005,12,1.72
9/22/2005,15,1.8
9/23/2005,9.1,1.59
9/24/2005,2.7,1.34
9/25/2005,2.4,1.32
9/26/2005,2.1,1.31
9/27/2005,2,1.3
9/28/2005,1.9,1.29
9/29/2005,1.9,1.29
9/30/2005,1.7,1.28
10/1/2005,1.6,1.27
10/2/2005,1.5,1.27
10/3/2005,1.5,1.26
10/4/2005,1.4,1.26
10/5/2005,1.4,1.26
10/6/2005,1.4,1.26
10/7/2005,1.5,1.26
10/8/2005,1.5,1.26
10/9/2005,1.5,1.26
10/10/2005,1.6,1.27
10/11/2005,1.6,1.27
10/12/2005,14,1.71
10/13/2005,16,1.89
10/14/2005,14,1.83
10/15/2005,14,1.84
10/16/2005,20,2
10/17/2005,12,1.7
10/18/2005,4.7,1.47
10/19/2005,19,1.96
10/20/2005,20,2
10/21/2005,14,1.83
10/22/2005,25,2.16
10/23/2005,20,2.01
10/24/2005,22,2.07
10/25/2005,26,2.17
10/26/2005,25,2.14
10/27/2005,22,2.05
10/28/2005,14,1.82
10/29/2005,11,1.74
10/30/2005,11,1.72
10/31/2005,11,1.74
11/1/2005,18,1.93
11/2/2005,15,1.84
11/3/2005,11,1.72
11/4/2005,16,1.89
11/5/2005,5.9,1.53
11/6/2005,7.9,1.61
11/7/2005,15,1.85
11/8/2005,15,1.86
11/9/2005,11,1.72
11/10/2005,18,1.94
11/11/2005,16,1.88
11/12/2005,26,2.14
11/13/2005,19,1.98
11/14/2005,30,2.25
11/15/2005,30,2.19
11/16/2005,3.2,1.4
11/17/2005,2.6,1.37
11/18/2005,2.4,1.35
11/19/2005,2.3,1.35
11/20/2005,2.2,1.34
11/21/2005,2.1,1.33
11/22/2005,2.1,1.33
11/23/2005,2.1,1.33
11/24/2005,2.1,1.33
11/25/2005,2.1,1.33
11/26/2005,2.2,1.34
11/27/2005,2.2,1.34
11/28/2005,2.1,1.33
11/29/2005,2.1,1.33
11/30/2005,2.1,1.33
12/1/2005,2.1,1.34
12/2/2005,2.1,1.34
12/3/2005,2,1.34
12/4/2005,2.1,1.34
12/5/2005,2.1,1.34
12/6/2005,2,1.34
12/7/2005,1.9,1.33
12/8/2005,1.9,1.33
12/9/2005,1.8,1.32
12/10/2005,1.8,1.32
12/11/2005,1.8,1.32
12/12/2005,1.7,1.32
12/13/2005,1.7,1.33
12/14/2005,1.6,1.32
12/15/2005,1.6,1.32
12/16/2005,1.5,1.31
12/17/2005,1.4,1.31
12/18/2005,1.3,1.3
12/19/2005,1.4,1.31
12/20/2005,1.4,1.31
12/21/2005,1.4,1.31
12/22/2005,1.4,1.31
12/23/2005,1.5,1.31
12/24/2005,1.4,1.31
12/25/2005,1.4,1.31
12/26/2005,1.4,1.31
12/27/2005,1.4,1.31
12/28/2005,1.3,1.3
12/29/2005,1.3,1.31
12/30/2005,1.2,1.3
12/31/2005,1.2,1.3
1/1/2006,1.2,1.3
1/2/2006,1.1,1.29
1/3/2006,1.1,1.29
1/4/2006,1,1.29
1/5/2006,0.96,1.29
1/6/2006,1,1.29
1/7/2006,1.1,1.3
1/8/2006,1.1,1.3
1/9/2006,1.1,1.3
1/10/2006,1,1.29
1/11/2006,0.91,1.28
1/12/2006,0.82,1.27
1/13/2006,0.8,1.27
1/14/2006,0.82,1.27
1/15/2006,0.89,1.28
1/16/2006,0.87,1.27
1/17/2006,0.9,1.28
1/18/2006,1.4,1.32
1/19/2006,1.8,1.34
1/20/2006,1.6,1.33
1/21/2006,1.2,1.3
1/22/2006,0.95,1.27
1/23/2006,0.95,1.27
1/24/2006,0.94,1.27
1/25/2006,0.95,1.27
1/26/2006,1,1.28
1/27/2006,1,1.27
1/28/2006,1,1.27
1/29/2006,1,1.27
1/30/2006,0.99,1.27
1/31/2006,1,1.27
2/1/2006,1,1.27
2/2/2006,1,1.27
2/3/2006,0.99,1.27
2/4/2006,1.2,1.29
2/5/2006,1.7,1.33
2/6/2006,1.6,1.32
2/7/2006,1.8,1.33
2/8/2006,1.9,1.34
2/9/2006,2.5,1.38
2/10/2006,3.2,1.41
2/11/2006,1.2,1.28
2/12/2006,1.1,1.27
2/13/2006,1.1,1.27
2/14/2006,1.1,1.27
2/15/2006,1.2,1.28
2/16/2006,1.5,1.29
2/17/2006,1.9,1.32
2/18/2006,1.2,1.27
2/19/2006,1.1,1.26
2/20/2006,1.1,1.26
2/21/2006,1.2,1.27
2/22/2006,2,1.31
2/23/2006,1.9,1.31
2/24/2006,1.7,1.3
2/25/2006,1.6,1.29
2/26/2006,1.3,1.27
2/27/2006,1.3,1.27
2/28/2006,1.3,1.27
3/1/2006,1.4,1.27
3/2/2006,1.9,1.31
3/3/2006,2.2,1.33
3/4/2006,2.1,1.32
3/5/2006,1.9,1.31
3/6/2006,1.9,1.31
3/7/2006,1.3,1.27
3/8/2006,1.3,1.27
3/9/2006,1.3,1.27
3/10/2006,1.3,1.27
3/11/2006,1.3,1.27
3/12/2006,1.4,1.27
3/13/2006,1.3,1.27
3/14/2006,2.1,1.32
3/15/2006,2.2,1.33
3/16/2006,1.8,1.3
3/17/2006,1.5,1.29
3/18/2006,1.6,1.29
3/19/2006,8.3,1.55
3/20/2006,19,1.95
3/21/2006,30,2.25
3/22/2006,49,2.59
3/23/2006,23,2.04
3/24/2006,5.1,1.48
3/25/2006,19,1.95
3/26/2006,3.2,1.39
3/27/2006,2.2,1.32
3/28/2006,19,1.95
3/29/2006,8.9,1.65
3/30/2006,11,1.73
3/31/2006,6.6,1.56
4/1/2006,7.2,1.58
4/2/2006,4.4,1.46
4/3/2006,2.4,1.33
4/4/2006,2,1.3
4/5/2006,2,1.3
4/6/2006,1.9,1.29
4/7/2006,1.9,1.29
4/8/2006,1.9,1.29
4/9/2006,1.9,1.29
4/10/2006,2,1.29
4/11/2006,2,1.3
4/12/2006,2.1,1.31
4/13/2006,2.3,1.32
4/14/2006,2.5,1.34
4/15/2006,2.8,1.36
4/16/2006,3,1.37
4/17/2006,3.2,1.39
4/18/2006,3.5,1.41
4/19/2006,3.6,1.41
4/20/2006,3.7,1.42
4/21/2006,3.8,1.43
4/22/2006,3.7,1.42
4/23/2006,3.6,1.41
4/24/2006,5.3,1.49
4/25/2006,3.3,1.39
4/26/2006,5.4,1.51
4/27/2006,3.6,1.42
4/28/2006,3.9,1.42
4/29/2006,7.2,1.58
4/30/2006,6.3,1.55
5/1/2006,5.4,1.51
5/2/2006,7.5,1.59
5/3/2006,5.8,1.53
5/4/2006,3,1.37
5/5/2006,2.2,1.32
5/6/2006,1.9,1.29
5/7/2006,1.9,1.29
5/8/2006,2.6,1.34
5/9/2006,4.5,1.46
5/10/2006,3.6,1.41
5/11/2006,2,1.3
5/12/2006,1.8,1.28
5/13/2006,1.7,1.28
5/14/2006,2.6,1.35
5/15/2006,1.8,1.28
5/16/2006,2.8,1.35
5/17/2006,3.1,1.38
5/18/2006,4.1,1.44
5/19/2006,4.3,1.46
5/20/2006,5.2,1.49
5/21/2006,4.9,1.48
5/22/2006,5.9,1.53
5/23/2006,6.2,1.54
5/24/2006,4.8,1.48
5/25/2006,4.7,1.46
5/26/2006,3.9,1.41
5/27/2006,4.9,1.46
5/28/2006,5.3,1.47
5/29/2006,5.4,1.47
5/30/2006,4.9,1.45
5/31/2006,8,1.54
6/1/2006,14,1.73
6/2/2006,21,1.93
6/3/2006,10,1.62
6/4/2006,11,1.63
6/5/2006,10,1.61
6/6/2006,7.3,1.5
6/7/2006,6.9,1.48
6/8/2006,5.8,1.45
6/9/2006,8.1,1.56
6/10/2006,7.4,1.53
6/11/2006,6.3,1.46
6/12/2006,9.4,1.62
6/13/2006,7.2,1.52
6/14/2006,6.1,1.46
6/15/2006,7.6,1.53
6/16/2006,11,1.67
6/17/2006,8,1.56
6/18/2006,6.7,1.49
6/19/2006,7.1,1.51
6/20/2006,6.3,1.46
6/21/2006,6.7,1.5
6/22/2006,6.9,1.5
6/23/2006,6.3,1.46
6/24/2006,6.5,1.47
6/25/2006,6.7,1.49
6/26/2006,6.6,1.48
6/27/2006,6.6,1.48
6/28/2006,6.3,1.47
6/29/2006,6.4,1.47
6/30/2006,6.6,1.49
7/1/2006,6.2,1.45
7/2/2006,6.1,1.45
7/3/2006,7.8,1.53
7/4/2006,25,2.05
7/5/2006,17,1.87
7/6/2006,17,1.85
7/7/2006,25,2.04
7/8/2006,53,2.57
7/9/2006,52,2.55
7/10/2006,26,2.02
7/11/2006,19,1.92
7/12/2006,24,2.01
7/13/2006,22,2
7/14/2006,13,1.76
7/15/2006,24,2.03
7/16/2006,23,2.01
7/17/2006,24,2.03
7/18/2006,11,1.68
7/19/2006,7.6,1.55
7/20/2006,8.6,1.6
7/21/2006,7.6,1.55
7/22/2006,6.1,1.46
7/23/2006,12,1.69
7/24/2006,7,1.51
7/25/2006,7,1.51
7/26/2006,4.2,1.37
7/27/2006,4,1.35
7/28/2006,3.8,1.34
7/29/2006,5.1,1.41
7/30/2006,4.8,1.4
7/31/2006,9.8,1.61
8/1/2006,8.9,1.61
8/2/2006,11,1.57
8/3/2006,7.6,NA
8/4/2006,7.4,NA
8/5/2006,4.8,NA
8/6/2006,6.1,NA
8/7/2006,6.8,NA
8/8/2006,4.1,NA
8/9/2006,5.2,NA
8/10/2006,13,1.6
8/11/2006,7.3,1.53
8/12/2006,7.3,1.53
8/13/2006,7.8,1.56
8/14/2006,12,1.72
8/15/2006,12,1.7
8/16/2006,8.2,1.59
8/17/2006,9.7,1.63
8/18/2006,12,1.71
8/19/2006,29,2.09
8/20/2006,29,2.15
8/21/2006,29,2.13
8/22/2006,41,2.38
8/23/2006,28,2.12
8/24/2006,20,1.94
8/25/2006,22,1.99
8/26/2006,28,2.1
8/27/2006,36,2.27
8/28/2006,28,2.14
8/29/2006,34,2.24
8/30/2006,33,2.21
8/31/2006,21,1.95
9/1/2006,32,2.19
9/2/2006,63,2.71
9/3/2006,21,2.02
9/4/2006,32,2.37
9/5/2006,22,2.08
9/6/2006,17,1.91
9/7/2006,18,1.95
9/8/2006,20,2.01
9/9/2006,10,1.66
9/10/2006,17,1.88
9/11/2006,18,1.95
9/12/2006,23,2.11
9/13/2006,25,2.19
9/14/2006,25,2.19
9/15/2006,24,2.12
9/16/2006,14,1.79
9/17/2006,24,2.13
9/18/2006,15,1.84
9/19/2006,12,1.72
9/20/2006,15,1.83
9/21/2006,23,2.1
9/22/2006,20,2.02
9/23/2006,18,1.94
9/24/2006,23,2.11
9/25/2006,25,2.19
9/26/2006,11,1.71
9/27/2006,18,1.93
9/28/2006,19,1.96
9/29/2006,18,1.94
9/30/2006,13,1.78
10/1/2006,13,1.76
10/2/2006,10,1.66
10/3/2006,15,1.82
10/4/2006,15,1.82
10/5/2006,12,1.74
10/6/2006,20,1.99
10/7/2006,22,2.09
10/8/2006,23,2.12
10/9/2006,26,2.22
10/10/2006,21,2.03
10/11/2006,23,2.09
10/12/2006,16,1.86
10/13/2006,15,1.84
10/14/2006,19,1.98
10/15/2006,19,1.97
10/16/2006,17,1.9
10/17/2006,27,2.24
10/18/2006,21,2.02
10/19/2006,17,1.88
10/20/2006,18,1.91
10/21/2006,27,2.24
10/22/2006,24,2.15
10/23/2006,21,2.03
10/24/2006,21,2.03
10/25/2006,14,1.8
10/26/2006,27,2.11
10/27/2006,54,2.75
10/28/2006,33,2.34
10/29/2006,20,1.99
10/30/2006,13,1.76
10/31/2006,16,1.87
11/1/2006,23,2.09
11/2/2006,17,1.91
11/3/2006,17,1.89
11/4/2006,15,1.84
11/5/2006,20,1.99
11/6/2006,19,1.95
11/7/2006,24,2.16
11/8/2006,23,2.11
11/9/2006,16,1.86
11/10/2006,15,1.84
11/11/2006,27,2.24
11/12/2006,21,2.03
11/13/2006,20,1.99
11/14/2006,23,2.1
11/15/2006,39,2.42
11/16/2006,5.7,1.49
11/17/2006,4.7,1.45
11/18/2006,4.5,1.44
11/19/2006,4.3,1.43
11/20/2006,4.2,1.42
11/21/2006,4.1,1.42
11/22/2006,4,1.42
11/23/2006,4,1.41
11/24/2006,3.9,1.41
11/25/2006,3.9,1.41
11/26/2006,3.8,1.4
11/27/2006,3.8,1.4
11/28/2006,3.7,1.4
11/29/2006,3.6,1.39
11/30/2006,3.6,1.39
12/1/2006,3.4,1.38
12/2/2006,3.4,1.38
12/3/2006,3.3,1.38
12/4/2006,3.1,1.37
12/5/2006,3.1,1.36
12/6/2006,3,1.36
12/7/2006,2.9,1.36
12/8/2006,3,1.36
12/9/2006,2.9,1.36
12/10/2006,2.9,1.35
12/11/2006,2.8,1.35
12/12/2006,2.8,1.35
12/13/2006,2.8,1.35
12/14/2006,2.8,1.35
12/15/2006,2.8,1.35
12/16/2006,2.7,1.35
12/17/2006,2.6,1.34
12/18/2006,2.7,1.34
12/19/2006,2.7,1.34
12/20/2006,2.9,1.35
12/21/2006,2.7,1.34
12/22/2006,2.6,1.34
12/23/2006,2.6,1.34
12/24/2006,2.5,1.33
12/25/2006,2.5,1.33
12/26/2006,2.5,1.33
12/27/2006,2.5,1.33
12/28/2006,2.5,1.33
12/29/2006,2.6,1.34
12/30/2006,2.5,1.33
12/31/2006,2.4,1.32
1/1/2007,2.3,1.32
1/2/2007,2.2,1.32
1/3/2007,2.2,1.32
1/4/2007,2.3,1.32
1/5/2007,2.2,1.32
1/6/2007,2.1,1.32
1/7/2007,2.1,1.31
1/8/2007,2,1.31
1/9/2007,2,1.31
1/10/2007,1.9,1.31
1/11/2007,1.9,1.31
1/12/2007,1.9,1.3
1/13/2007,1.9,1.3
1/14/2007,1.8,1.3
1/15/2007,1.7,1.3
1/16/2007,1.8,1.3
1/17/2007,1.7,1.3
1/18/2007,1.7,1.3
1/19/2007,1.7,1.3
1/20/2007,1.8,1.3
1/21/2007,1.7,1.3
1/22/2007,1.5,1.29
1/23/2007,1.5,1.29
1/24/2007,1.5,1.29
1/25/2007,1.5,1.31
1/26/2007,1.6,1.33
1/27/2007,1.6,1.33
1/28/2007,1.5,1.33
1/29/2007,1.5,1.33
1/30/2007,1.5,1.32
1/31/2007,1.5,1.32
2/1/2007,1.4,1.32
2/2/2007,1.4,1.32
2/3/2007,1.4,1.32
2/4/2007,1.5,1.32
2/5/2007,1.6,1.32
2/6/2007,1.6,1.32
2/7/2007,1.6,1.32
2/8/2007,1.6,1.32
2/9/2007,1.5,1.32
2/10/2007,1.5,1.32
2/11/2007,1.6,1.32
2/12/2007,1.6,1.32
2/13/2007,1.5,1.31
2/14/2007,1.6,1.31
2/15/2007,1.6,1.31
2/16/2007,1.7,1.32
2/17/2007,1.7,1.32
2/18/2007,1.8,1.32
2/19/2007,1.9,1.33
2/20/2007,2,1.34
2/21/2007,2.1,1.34
2/22/2007,2.2,1.35
2/23/2007,2.4,1.36
2/24/2007,2.7,1.38
2/25/2007,2.7,1.38
2/26/2007,2.8,1.39
2/27/2007,3.2,1.41
2/28/2007,3.7,1.43
3/1/2007,3.7,1.43
3/2/2007,3.7,1.43
3/3/2007,3.8,1.44
3/4/2007,3.8,1.43
3/5/2007,3.9,1.44
3/6/2007,3.8,1.43
3/7/2007,3.8,1.43
3/8/2007,3.8,1.43
3/9/2007,3.6,1.43
3/10/2007,3.5,1.42
3/11/2007,3.5,1.42
3/12/2007,3.3,1.42
3/13/2007,3.2,1.41
3/14/2007,3.1,1.4
3/15/2007,2.9,1.4
3/16/2007,2.9,1.39
3/17/2007,2.8,1.39
3/18/2007,2.8,1.39
3/19/2007,25,2.16
3/20/2007,21,2.24
3/21/2007,22,2.28
3/22/2007,15,1.93
3/23/2007,12,1.79
3/24/2007,17,2.06
3/25/2007,18,2.05
3/26/2007,19,2.13
3/27/2007,7.7,1.61
3/28/2007,16,1.99
3/29/2007,26,2.48
3/30/2007,21,2.25
3/31/2007,20,2.22
4/1/2007,20,2.17
4/2/2007,14,1.9
4/3/2007,13,1.87
4/4/2007,15,1.94
4/5/2007,17,2.05
4/6/2007,21,2.26
4/7/2007,29,2.62
4/8/2007,34,2.82
4/9/2007,42,2.87
4/10/2007,17,2.03
4/11/2007,25,2.45
4/12/2007,25,2.45
4/13/2007,47,3.03
4/14/2007,25,2.36
4/15/2007,13,1.85
4/16/2007,15,1.93
4/17/2007,26,2.48
4/18/2007,41,2.94
4/19/2007,33,2.79
4/20/2007,36,2.85
4/21/2007,26,2.48
4/22/2007,32,2.73
4/23/2007,36,2.82
4/24/2007,42,2.96
4/25/2007,51,3.12
4/26/2007,32,2.75
4/27/2007,30,2.68
4/28/2007,32,2.77
4/29/2007,29,2.61
4/30/2007,26,2.52
5/1/2007,19,2.14
5/2/2007,19,2.12
5/3/2007,16,1.97
5/4/2007,22,2.33
5/5/2007,26,2.52
5/6/2007,30,2.7
5/7/2007,30,2.67
5/8/2007,22,2.28
5/9/2007,15,1.95
5/10/2007,18,2.1
5/11/2007,19,2.11
5/12/2007,24,2.41
5/13/2007,38,2.76
5/14/2007,35,2.77
5/15/2007,33,2.75
5/16/2007,30,3.42
5/17/2007,30,3.13
5/18/2007,30,3.47
5/19/2007,30,3.39
5/20/2007,30,3.64
5/21/2007,25,7.67
5/22/2007,25,9.46
5/23/2007,25,11.06
5/24/2007,23,2.31
5/25/2007,23,14.99
5/26/2007,23,15.61
5/27/2007,22,9.92
5/28/2007,22,-99.61
5/29/2007,22,-43.9
5/30/2007,22,9.31
5/31/2007,22,2.9
6/1/2007,20,2.78
6/2/2007,21,2.83
6/3/2007,30,3.27
6/4/2007,35,3.46
6/5/2007,31,3.31
6/6/2007,31,3.34
6/7/2007,32,3.34
6/8/2007,35,3.4
6/9/2007,24,3.04
6/10/2007,24,3.01
6/11/2007,28,3.18
6/12/2007,26,3.13
6/13/2007,67,3.69
6/14/2007,54,3.77
6/15/2007,34,3.42
6/16/2007,54,3.78
6/17/2007,71,4.04
6/18/2007,54,3.77
6/19/2007,29,3.26
6/20/2007,24,3.03
6/21/2007,31,3.32
6/22/2007,25,3.06
6/23/2007,24,3
6/24/2007,26,3.1
6/25/2007,21,2.87
6/26/2007,24,2.98
6/27/2007,32,3.02
6/28/2007,60,3.86
6/29/2007,24,2.98
6/30/2007,23,2.95
7/1/2007,24,3.03
7/2/2007,26,3.11
7/3/2007,16,2.58
7/4/2007,21,2.83
7/5/2007,18,2.66
7/6/2007,19,2.71
7/7/2007,22,2.91
7/8/2007,22,NA
7/9/2007,20,NA
7/10/2007,18,NA
7/11/2007,16,-366.47
7/12/2007,17,2.6
7/13/2007,16,2.59
7/14/2007,16,2.59
7/15/2007,12,2.4
7/16/2007,13,2.46
7/17/2007,11,2.37
7/18/2007,15,2.51
7/19/2007,15,2.54
7/20/2007,11,2.36
7/21/2007,11,2.37
7/22/2007,13,2.44
7/23/2007,20,2.57
7/24/2007,16,2
7/25/2007,13,1.87
7/26/2007,13,1.86
7/27/2007,16,1.95
7/28/2007,17,2
7/29/2007,16,1.98
7/30/2007,17,2.04
7/31/2007,15,1.96
8/1/2007,11,1.77
8/2/2007,14,1.87
8/3/2007,11,1.74
8/4/2007,13,1.85
8/5/2007,22,2.29
8/6/2007,24,2.38
8/7/2007,25,2.45
8/8/2007,17,2.04
8/9/2007,19,2.13
8/10/2007,19,2.13
8/11/2007,18,2.1
8/12/2007,20,2.19
8/13/2007,20,2.19
8/14/2007,18,2.08
8/15/2007,19,2.12
8/16/2007,22,2.31
8/17/2007,27,2.53
8/18/2007,29,2.65
8/19/2007,31,2.67
8/20/2007,20,2.18
8/21/2007,22,2.29
8/22/2007,22,2.33
8/23/2007,20,2.21
8/24/2007,17,2.02
8/25/2007,13,1.86
8/26/2007,17,2
8/27/2007,17,2.05
8/28/2007,21,2.23
8/29/2007,19,2.12
8/30/2007,23,2.36
8/31/2007,26,2.52
9/1/2007,27,2.53
9/2/2007,23,2.36
9/3/2007,24,2.38
9/4/2007,22,2.31
9/5/2007,22,2.31
9/6/2007,24,2.4
9/7/2007,24,2.39
9/8/2007,24,2.41
9/9/2007,23,2.39
9/10/2007,23,2.36
9/11/2007,20,2.2
9/12/2007,20,2.2
9/13/2007,21,2.26
9/14/2007,24,2.43
9/15/2007,29,2.64
9/16/2007,32,2.76
9/17/2007,25,2.46
9/18/2007,27,2.54
9/19/2007,32,2.76
9/20/2007,25,2.47
9/21/2007,23,2.41
9/22/2007,23,2.37
9/23/2007,26,2.52
9/24/2007,25,2.47
9/25/2007,14,1.93
9/26/2007,10,1.76
9/27/2007,7.2,1.59
9/28/2007,7.8,1.6
9/29/2007,15,1.93
9/30/2007,22,2.28
10/1/2007,24,2.32
10/2/2007,20,2.14
10/3/2007,18,2.03
10/4/2007,19,2.09
10/5/2007,20,2.14
10/6/2007,17,1.98
10/7/2007,20,2.14
10/8/2007,19,2.09
10/9/2007,12,1.78
10/10/2007,11,1.71
10/11/2007,13,1.83
10/12/2007,17,2.01
10/13/2007,21,2.15
10/14/2007,21,2.18
10/15/2007,23,2.26
10/16/2007,24,2.29
10/17/2007,15,1.92
10/18/2007,17,2.01
10/19/2007,18,2.05
10/20/2007,19,2.1
10/21/2007,25,2.34
10/22/2007,24,2.3
10/23/2007,17,1.99
10/24/2007,13,1.83
10/25/2007,15,1.89
10/26/2007,22,2.22
10/27/2007,27,2.42
10/28/2007,29,2.54
10/29/2007,30,2.56
10/30/2007,27,2.45
10/31/2007,22,2.21
11/1/2007,22,2.19
11/2/2007,22,2.2
11/3/2007,21,2.19
11/4/2007,29,2.52
11/5/2007,33,2.67
11/6/2007,23,2.27
11/7/2007,17,2.01
11/8/2007,20,2.1
11/9/2007,23,2.27
11/10/2007,16,1.93
11/11/2007,22,2.2
11/12/2007,21,2.17
11/13/2007,24,2.29
11/14/2007,29,2.51
11/15/2007,30,2.57
11/16/2007,9.2,1.64
11/17/2007,7.8,1.58
11/18/2007,16,1.95
11/19/2007,18,2.04
11/20/2007,21,2.15
11/21/2007,23,2.23
11/22/2007,15,1.9
11/23/2007,6.9,1.54
11/24/2007,6.2,1.51
11/25/2007,5.9,1.49
11/26/2007,5.6,1.48
11/27/2007,5.5,1.47
11/28/2007,5.5,1.47
11/29/2007,5.4,1.47
11/30/2007,5.2,1.46
12/1/2007,6.9,1.54
12/2/2007,15,1.91
12/3/2007,13,1.8
12/4/2007,17,1.97
12/5/2007,26,2.4
12/6/2007,6.9,1.54
12/7/2007,5.9,1.49
12/8/2007,5.6,1.48
12/9/2007,5.5,1.47
12/10/2007,5,1.45
12/11/2007,5.2,1.46
12/12/2007,5.1,1.46
12/13/2007,5,1.45
12/14/2007,5.4,1.47
12/15/2007,5.2,1.46
12/16/2007,5.2,1.46
12/17/2007,5.1,1.45
12/18/2007,5.1,1.45
12/19/2007,5.3,1.46
12/20/2007,5.3,1.46
12/21/2007,5.3,1.46
12/22/2007,5.1,1.45
12/23/2007,5.2,1.46
12/24/2007,5.2,1.46
12/25/2007,5.2,1.46
12/26/2007,5.2,1.46
12/27/2007,5.3,1.46
12/28/2007,5,1.45
12/29/2007,4.9,1.44
12/30/2007,5,1.44
12/31/2007,5.1,1.45
1/1/2008,4.9,1.44
1/2/2008,5,1.45
1/3/2008,5.1,1.45
1/4/2008,5.3,1.46
1/5/2008,5.5,1.48
1/6/2008,5.4,1.47
1/7/2008,5.2,1.46
1/8/2008,5.1,1.45
1/9/2008,5.4,1.47
1/10/2008,5.7,1.48
1/11/2008,5.6,1.48
1/12/2008,5.7,1.48
1/13/2008,6.4,1.52
1/14/2008,6.6,1.52
1/15/2008,5.6,1.48
1/16/2008,5,1.45
1/17/2008,5.1,1.45
1/18/2008,4.8,1.44
1/19/2008,4.9,1.44
1/20/2008,5.2,1.46
1/21/2008,5.6,1.48
1/22/2008,5.6,1.48
1/23/2008,5.3,1.47
1/24/2008,5.4,1.47
1/25/2008,5.6,1.48
1/26/2008,5.5,1.47
1/27/2008,5.6,1.48
1/28/2008,6.4,1.52
1/29/2008,6.5,1.52
1/30/2008,6.3,1.51
1/31/2008,6.2,1.51
2/1/2008,6.3,1.51
2/2/2008,5.9,1.49
2/3/2008,6.1,1.5
2/4/2008,6.2,1.51
2/5/2008,6.2,1.53
2/6/2008,6.2,1.56
2/7/2008,6.2,1.56
2/8/2008,6.5,1.54
2/9/2008,7.5,1.59
2/10/2008,9.2,1.64
2/11/2008,8.4,1.61
2/12/2008,9.1,1.64
2/13/2008,20,2.14
2/14/2008,24,2.31
2/15/2008,21,2.17
2/16/2008,13,1.8
2/17/2008,13,1.79
2/18/2008,12,1.77
2/19/2008,12,1.77
2/20/2008,7.8,1.58
2/21/2008,7.3,1.56
2/22/2008,6.9,1.54
2/23/2008,7,1.54
2/24/2008,6.8,1.54
2/25/2008,6.5,1.52
2/26/2008,6.4,1.52
2/27/2008,6.4,1.52
2/28/2008,6.5,1.52
2/29/2008,5.9,1.49
3/1/2008,5.5,1.47
3/2/2008,5.6,1.48
3/3/2008,6,1.5
3/4/2008,6.8,1.54
3/5/2008,6.2,1.51
3/6/2008,6.2,1.51
3/7/2008,6.7,1.53
3/8/2008,5.8,1.49
3/9/2008,5.9,1.49
3/10/2008,5.8,1.49
3/11/2008,6.1,1.5
3/12/2008,7.5,1.57
3/13/2008,7.6,1.57
3/14/2008,7.3,1.56
3/15/2008,7.6,1.57
3/16/2008,28,2.35
3/17/2008,31,2.59
3/18/2008,12,1.78
3/19/2008,17,2.01
3/20/2008,14,1.86
3/21/2008,12,1.78
3/22/2008,14,1.88
3/23/2008,12,1.79
3/24/2008,15,1.9
3/25/2008,16,1.93
3/26/2008,17,1.98
3/27/2008,14,1.85
3/28/2008,11,1.73
3/29/2008,14,1.87
3/30/2008,17,1.98
3/31/2008,19,2.11
4/1/2008,19,2.07
4/2/2008,20,2.12
4/3/2008,21,2.18
4/4/2008,22,2.19
4/5/2008,23,2.24
4/6/2008,21,2.17
4/7/2008,21,2.18
4/8/2008,22,2.2
4/9/2008,24,2.3
4/10/2008,34,2.7
4/11/2008,26,2.4
4/12/2008,27,2.41
4/13/2008,24,2.3
4/14/2008,20,2.12
4/15/2008,24,2.32
4/16/2008,24,2.32
4/17/2008,27,2.44
4/18/2008,25,2.33
4/19/2008,31,2.59
4/20/2008,31,2.59
4/21/2008,29,2.51
4/22/2008,25,2.33
4/23/2008,28,2.47
4/24/2008,32,2.64
4/25/2008,26,2.39
4/26/2008,23,2.27
4/27/2008,25,2.36
4/28/2008,27,2.43
4/29/2008,24,2.31
4/30/2008,16,1.93
5/1/2008,17,1.97
5/2/2008,19,2.07
5/3/2008,22,2.21
5/4/2008,27,2.42
5/5/2008,19,2.09
5/6/2008,17,1.97
5/7/2008,18,2.05
5/8/2008,22,2.23
5/9/2008,25,2.34
5/10/2008,29,2.51
5/11/2008,33,2.69
5/12/2008,27,2.41
5/13/2008,17,1.98
5/14/2008,21,2.18
5/15/2008,24,2.28
5/16/2008,24,2.3
5/17/2008,27,2.43
5/18/2008,25,2.35
5/19/2008,23,2.27
5/20/2008,19,2.07
5/21/2008,16,1.93
5/22/2008,25,2.35
5/23/2008,18,2.04
5/24/2008,24,2.32
5/25/2008,31,2.62
5/26/2008,36,2.82
5/27/2008,28,2.48
5/28/2008,20,2.14
5/29/2008,25,2.37
5/30/2008,23,2.28
5/31/2008,21,2.19
6/1/2008,14,1.83
6/2/2008,20,2.12
6/3/2008,29,2.5
6/4/2008,46,3.06
6/5/2008,32,2.64
6/6/2008,39,2.92
6/7/2008,37,2.84
6/8/2008,39,2.91
6/9/2008,37,2.85
6/10/2008,34,2.73
6/11/2008,26,2.39
6/12/2008,21,2.18
6/13/2008,16,1.97
6/14/2008,17,1.99
6/15/2008,26,2.4
6/16/2008,28,2.49
6/17/2008,24,2.32
6/18/2008,24,2.31
6/19/2008,21,2.16
6/20/2008,22,2.22
6/21/2008,24,2.31
6/22/2008,24,2.31
6/23/2008,24,2.32
6/24/2008,23,2.28
6/25/2008,21,2.16
6/26/2008,18,2.06
6/27/2008,19,2.09
6/28/2008,17,2
6/29/2008,24,2.3
6/30/2008,29,2.53
7/1/2008,22,2.2
7/2/2008,17,2
7/3/2008,16,1.95
7/4/2008,17,1.99
7/5/2008,27,2.42
7/6/2008,31,2.62
7/7/2008,25,2.34
7/8/2008,23,2.24
7/9/2008,23,2.27
7/10/2008,26,2.38
7/11/2008,28,2.48
7/12/2008,24,2.28
7/13/2008,20,2.13
7/14/2008,23,2.25
7/15/2008,16,1.96
7/16/2008,15,1.93
7/17/2008,14,1.86
7/18/2008,18,2.05
7/19/2008,16,1.94
7/20/2008,16,1.94
7/21/2008,14,1.87
7/22/2008,18,2.02
7/23/2008,18,2.03
7/24/2008,15,1.92
7/25/2008,14,1.86
7/26/2008,17,1.99
7/27/2008,19,2.07
7/28/2008,16,1.92
7/29/2008,15,1.92
7/30/2008,14,1.85
7/31/2008,14,1.87
8/1/2008,16,1.94
8/2/2008,15,1.93
8/3/2008,15,1.91
8/4/2008,15,1.92
8/5/2008,14,1.83
8/6/2008,13,1.79
8/7/2008,15,1.92
8/8/2008,16,2
8/9/2008,15,1.94
8/10/2008,17,2.02
8/11/2008,22,2.33
8/12/2008,19,2.14
8/13/2008,27,2.53
8/14/2008,32,2.75
8/15/2008,40,3.04
8/16/2008,60,3.1
8/17/2008,17,2.01
8/18/2008,30,2.63
8/19/2008,26,2.5
8/20/2008,31,2.69
8/21/2008,29,2.6
8/22/2008,41,2.99
8/23/2008,25,2.46
8/24/2008,31,2.68
8/25/2008,29,2.63
8/26/2008,29,2.62
8/27/2008,26,2.51
8/28/2008,32,2.74
8/29/2008,28,2.59
8/30/2008,34,2.76
8/31/2008,28,2.57
9/1/2008,40,2.98
9/2/2008,28,2.56
9/3/2008,25,2.44
9/4/2008,30,2.65
9/5/2008,23,2.36
9/6/2008,26,2.51
9/7/2008,31,2.69
9/8/2008,29,2.62
9/9/2008,22,2.33
9/10/2008,21,2.27
9/11/2008,22,2.33
9/12/2008,26,2.49
9/13/2008,24,2.41
9/14/2008,25,2.45
9/15/2008,41,3
9/16/2008,38,2.9
9/17/2008,28,2.56
9/18/2008,20,2.19
9/19/2008,20,2.21
9/20/2008,23,2.34
9/21/2008,19,2.13
9/22/2008,14,1.85
9/23/2008,13,1.81
9/24/2008,25,2.44
9/25/2008,26,2.51
9/26/2008,27,2.56
9/27/2008,22,2.31
9/28/2008,22,2.32
9/29/2008,26,2.5
9/30/2008,31,2.71
10/1/2008,25,2.39
10/2/2008,18,2.14
10/3/2008,11,1.88
10/4/2008,11,1.86
10/5/2008,8.7,1.78
10/6/2008,17,2.08
10/7/2008,12,1.91
10/8/2008,18,2.14
10/9/2008,15,2.03
10/10/2008,15,2.04
10/11/2008,23,2.19
10/12/2008,88,3.71
10/13/2008,50,3.04
10/14/2008,27,2.44
10/15/2008,32,2.58
10/16/2008,42,2.84
10/17/2008,38,2.75
10/18/2008,29,2.51
10/19/2008,25,2.37
10/20/2008,28,2.46
10/21/2008,45,2.93
10/22/2008,43,2.88
10/23/2008,44,2.89
10/24/2008,24,2.36
10/25/2008,20,2.21
10/26/2008,16,2.1
10/27/2008,23,2.32
10/28/2008,23,2.32
10/29/2008,17,2.12
10/30/2008,9.3,1.83
10/31/2008,10,1.87
11/1/2008,15,2.05
11/2/2008,12,1.94
11/3/2008,16,2.08
11/4/2008,29,2.51
11/5/2008,38,2.76
11/6/2008,23,2.34
11/7/2008,15,2.08
11/8/2008,14,2.03
11/9/2008,25,2.42
11/10/2008,20,2.29
11/11/2008,21,2.33
11/12/2008,18,2.23
11/13/2008,21,2.37
11/14/2008,34,2.75
11/15/2008,39,2.87
11/16/2008,4.8,1.78
11/17/2008,4.1,1.76
11/18/2008,4.3,1.79
11/19/2008,3.8,1.78
11/20/2008,4.4,1.83
11/21/2008,5.7,1.91
11/22/2008,5.7,1.93
11/23/2008,7.2,2.02
11/24/2008,7.9,2.06
11/25/2008,7.2,2.05
11/26/2008,6.5,2.04
11/27/2008,6.5,2.09
11/28/2008,6.5,2.09
11/29/2008,6.4,2.12
11/30/2008,6.1,2.21
12/1/2008,6,2.22
12/2/2008,6.2,2.19
12/3/2008,5.7,2.34
12/4/2008,5.5,2.42
12/5/2008,5.2,2.49
12/6/2008,5.2,2.5
12/7/2008,5.1,2.52
12/8/2008,5.2,2.51
12/9/2008,5.1,2.52
12/10/2008,5.1,2.53
12/11/2008,6.1,2.74
12/12/2008,9.8,3.23
12/13/2008,7.5,3.12
12/14/2008,5.1,2.98
12/15/2008,4,2.72
12/16/2008,3.5,2.8
12/17/2008,3.7,2.73
12/18/2008,3.6,2.8
12/19/2008,3.9,2.78
12/20/2008,4.6,2.69
12/21/2008,3.2,2.75
12/22/2008,3.1,2.73
12/23/2008,3.1,2.74
12/24/2008,3.1,2.74
12/25/2008,3.2,2.75
12/26/2008,3.3,2.77
12/27/2008,3.7,2.73
12/28/2008,3.7,2.73
12/29/2008,3.7,2.73
12/30/2008,4.1,2.72
12/31/2008,4.2,2.71
1/1/2009,4.3,2.72
1/2/2009,4,2.72
1/3/2009,3.6,2.74
1/4/2009,4.1,2.71
1/5/2009,4,2.72
1/6/2009,4.2,2.72
1/7/2009,4.5,2.69
1/8/2009,3.9,2.72
1/9/2009,4.3,2.71
1/10/2009,4.2,2.72
1/11/2009,4.2,2.7
1/12/2009,4.5,2.69
1/13/2009,4.6,2.7
1/14/2009,4.5,2.71
1/15/2009,4.1,2.72
1/16/2009,4.1,2.72
1/17/2009,3.7,2.73
1/18/2009,3.5,2.73
1/19/2009,3.2,2.74
1/20/2009,3.2,2.75
1/21/2009,3.2,2.75
1/22/2009,3.1,2.74
1/23/2009,4,2.73
1/24/2009,4.5,2.72
1/25/2009,4,2.72
1/26/2009,4.5,2.71
1/27/2009,4.5,2.7
1/28/2009,4.6,2.7
1/29/2009,4.7,2.69
1/30/2009,4.7,2.68
1/31/2009,4.6,2.69
2/1/2009,4.7,2.69
2/2/2009,4.7,2.68
2/3/2009,4.7,2.68
2/4/2009,4.5,2.75
2/5/2009,3.6,2.82
2/6/2009,3.6,2.78
2/7/2009,6.1,3.04
2/8/2009,13,3.37
2/9/2009,5.9,3.02
2/10/2009,3.7,2.83
2/11/2009,3.3,2.78
2/12/2009,3.4,2.78
2/13/2009,3.6,2.81
2/14/2009,3.7,2.83
2/15/2009,3.7,2.83
2/16/2009,3.9,2.86
2/17/2009,3.9,2.86
2/18/2009,3.7,2.84
2/19/2009,3.6,2.82
2/20/2009,3.7,2.83
2/21/2009,4.4,2.92
2/22/2009,5.1,2.97
2/23/2009,5.6,3
2/24/2009,3.7,2.83
2/25/2009,4.3,2.91
2/26/2009,4.3,2.91
2/27/2009,4.2,2.9
2/28/2009,3.7,2.83
3/1/2009,3.8,2.84
3/2/2009,3.9,2.86
3/3/2009,4.3,2.87
3/4/2009,3.8,2.79
3/5/2009,3.4,2.78
3/6/2009,3.2,2.75
3/7/2009,3.4,2.76
3/8/2009,4.1,2.87
3/9/2009,6.2,3.04
3/10/2009,4.6,2.93
3/11/2009,4.2,2.88
3/12/2009,4.3,2.73
3/13/2009,3.7,2.79
3/14/2009,3.8,2.84
3/15/2009,4.5,2.92
3/16/2009,12,3.14
3/17/2009,6.9,3.04
3/18/2009,4.6,2.83
3/19/2009,5.1,2.84
3/20/2009,4.3,2.71
3/21/2009,4.6,2.62
3/22/2009,3.9,2.75
3/23/2009,8.6,3.16
3/24/2009,5.7,2.91
3/25/2009,4.9,2.78
3/26/2009,6.2,2.89
3/27/2009,21,3.65
3/28/2009,21,3.64
3/29/2009,13,3.38
3/30/2009,10,3.26
3/31/2009,14,3.41
4/1/2009,24,3.66
4/2/2009,4,2.7
4/3/2009,4.3,2.74
4/4/2009,4.3,2.88
4/5/2009,6.9,3.08
4/6/2009,6.8,3.01
4/7/2009,4.8,2.62
4/8/2009,3.9,2.72
4/9/2009,4.9,2.93
4/10/2009,3.9,2.76
4/11/2009,3.9,2.78
4/12/2009,7.9,3.13
4/13/2009,11,3.28
4/14/2009,5.6,3.01
4/15/2009,4.2,2.89
4/16/2009,9.7,3.23
4/17/2009,12,3.31
4/18/2009,8.4,3.17
4/19/2009,11,3.27
4/20/2009,7.8,3.13
4/21/2009,7.7,3.12
4/22/2009,3.9,2.86
4/23/2009,10,2.35
4/24/2009,28,2.48
4/25/2009,15,2.07
4/26/2009,20,2.21
4/27/2009,22,2.28
4/28/2009,26,2.43
4/29/2009,28,2.47
4/30/2009,13,2
5/1/2009,15,2.04
5/2/2009,25,2.39
5/3/2009,32,2.59
5/4/2009,28,2.48
5/5/2009,15,2.06
5/6/2009,15,2.06
5/7/2009,24,2.35
5/8/2009,17,2.12
5/9/2009,18,2.15
5/10/2009,21,2.26
5/11/2009,16,2.09
5/12/2009,13,1.97
5/13/2009,12,1.94
5/14/2009,10,1.87
5/15/2009,10,1.88
5/16/2009,17,2.13
5/17/2009,15,2.07
5/18/2009,21,2.27
5/19/2009,18,2.16
5/20/2009,13,1.98
5/21/2009,18,2.12
5/22/2009,41,2.83
5/23/2009,38,2.74
5/24/2009,36,2.7
5/25/2009,43,2.88
5/26/2009,37,2.74
5/27/2009,40,2.82
5/28/2009,51,3.08
5/29/2009,44,2.91
5/30/2009,28,2.47
5/31/2009,21,2.27
6/1/2009,21,2.25
6/2/2009,33,2.59
6/3/2009,44,2.9
6/4/2009,35,2.68
6/5/2009,28,2.48
6/6/2009,24,2.36
6/7/2009,23,2.31
6/8/2009,30,2.51
6/9/2009,17,2.13
6/10/2009,32,2.57
6/11/2009,43,2.87
6/12/2009,31,2.56
6/13/2009,28,2.45
6/14/2009,30,2.52
6/15/2009,34,2.62
6/16/2009,37,2.71
6/17/2009,42,2.83
6/18/2009,33,2.59
6/19/2009,16,2.06
6/20/2009,9.9,1.83
6/21/2009,19,2.16
6/22/2009,17,2.08
6/23/2009,13,1.93
6/24/2009,16,2.04
6/25/2009,12,1.92
6/26/2009,20,2.18
6/27/2009,20,2.16
6/28/2009,20,2.19
6/29/2009,22,2.24
6/30/2009,21,2.2
7/1/2009,24,2.29
7/2/2009,22,2.19
7/3/2009,23,2.22
7/4/2009,18,2.06
7/5/2009,30,2.43
7/6/2009,37,2.64
7/7/2009,31,2.46
7/8/2009,35,2.58
7/9/2009,34,2.56
7/10/2009,20,2.12
7/11/2009,22,2.21
7/12/2009,18,2.07
7/13/2009,17,2.05
7/14/2009,16,2
7/15/2009,13,1.89
7/16/2009,11,1.8
7/17/2009,12,1.86
7/18/2009,12,1.85
7/19/2009,16,2
7/20/2009,14,1.93
7/21/2009,14,1.92
7/22/2009,12,1.87
7/23/2009,11,1.81
7/24/2009,15,1.98
7/25/2009,16,1.95
7/26/2009,40,2.66
7/27/2009,48,2.92
7/28/2009,55,3.08
7/29/2009,52,3
7/30/2009,21,2.16
7/31/2009,37,2.64
8/1/2009,39,2.68
8/2/2009,46,2.86
8/3/2009,33,2.5
8/4/2009,19,2.11
8/5/2009,20,2.14
8/6/2009,14,1.94
8/7/2009,14,1.93
8/8/2009,14,1.95
8/9/2009,17,2.04
8/10/2009,19,2.13
8/11/2009,22,2.22
8/12/2009,16,2.02
8/13/2009,13,1.92
8/14/2009,14,1.94
8/15/2009,11,1.84
8/16/2009,11,1.84
8/17/2009,13,1.93
8/18/2009,10,1.82
8/19/2009,25,2.28
8/20/2009,24,2.28
8/21/2009,25,2.31
8/22/2009,16,2.03
8/23/2009,14,1.96
8/24/2009,13,1.9
8/25/2009,9.4,1.78
8/26/2009,18,2.1
8/27/2009,12,1.89
8/28/2009,17,2.04
8/29/2009,28,2.43
8/30/2009,21,2.19
8/31/2009,8.1,1.73
9/1/2009,19,2.15
9/2/2009,22,2.24
9/3/2009,10,1.82
9/4/2009,11,1.84
9/5/2009,19,2.14
9/6/2009,7.5,1.71
9/7/2009,8.4,1.74
9/8/2009,6.8,1.68
9/9/2009,5.1,1.59
9/10/2009,4.8,1.58
9/11/2009,4.6,1.57
9/12/2009,4.5,1.56
9/13/2009,4.4,1.55
9/14/2009,4.3,1.55
9/15/2009,5.6,1.61
9/16/2009,6,1.64
9/17/2009,5.8,1.62
9/18/2009,8.5,1.75
9/19/2009,14,1.95
9/20/2009,15,1.99
9/21/2009,14,1.96
9/22/2009,19,2.14
9/23/2009,24,2.31
9/24/2009,17,2.06
9/25/2009,13,1.94
9/26/2009,16,2.03
9/27/2009,21,2.22
9/28/2009,20,2.18
9/29/2009,26,2.36
9/30/2009,23,2.26
10/1/2009,19,2.16
10/2/2009,13,1.92
10/3/2009,11,1.85
10/4/2009,12,1.89
10/5/2009,14,1.97
10/6/2009,10,1.83
10/7/2009,8.3,1.74
10/8/2009,11,1.87
10/9/2009,15,1.99
10/10/2009,14,1.98
10/11/2009,26,2.38
10/12/2009,21,2.2
10/13/2009,19,2.16
10/14/2009,20,2.18
10/15/2009,21,2.21
10/16/2009,16,2.05
10/17/2009,14,1.98
10/18/2009,24,2.32
10/19/2009,25,2.35
10/20/2009,19,2.16
10/21/2009,43,2.82
10/22/2009,52,3.07
10/23/2009,42,2.81
10/24/2009,35,2.63
10/25/2009,44,2.84
10/26/2009,40,2.76
10/27/2009,46,2.9
10/28/2009,56,3.15
10/29/2009,51,3.02
10/30/2009,31,2.51
10/31/2009,24,2.29
11/1/2009,12,1.89
11/2/2009,12,1.87
11/3/2009,12,1.9
11/4/2009,13,1.91
11/5/2009,11,1.87
11/6/2009,11,1.84
11/7/2009,9.7,1.79
11/8/2009,13,1.93
11/9/2009,10,1.81
11/10/2009,11,1.84
11/11/2009,15,2
11/12/2009,13,1.92
11/13/2009,13,1.93
11/14/2009,18,2.11
11/15/2009,8.3,1.72
11/16/2009,5.5,1.6
11/17/2009,5.6,1.6
11/18/2009,5.5,1.59
11/19/2009,5.4,1.59
11/20/2009,5.9,1.61
11/21/2009,21,2.2
11/22/2009,11,1.85
11/23/2009,11,1.83
11/24/2009,12,1.85
11/25/2009,12,1.85
11/26/2009,12,1.87
11/27/2009,16,2.03
11/28/2009,15,1.99
11/29/2009,12,1.86
11/30/2009,10,1.8
12/1/2009,10,1.78
12/2/2009,10,1.78
12/3/2009,9.6,1.76
12/4/2009,8.5,1.71
12/5/2009,8.6,1.72
12/6/2009,8.8,1.71
12/7/2009,8.7,1.71
12/8/2009,8.4,1.7
12/9/2009,7.9,1.68
12/10/2009,6.9,1.63
12/11/2009,6.9,1.63
12/12/2009,6.5,1.6
12/13/2009,6.4,1.6
12/14/2009,6.4,1.6
12/15/2009,7.8,1.66
12/16/2009,12,1.82
12/17/2009,17,2
12/18/2009,9.9,1.75
12/19/2009,7.1,1.63
12/20/2009,6.6,1.61
12/21/2009,6.5,1.6
12/22/2009,6.5,1.6
12/23/2009,6.4,1.59
12/24/2009,5.8,1.57
12/25/2009,5.6,1.56
12/26/2009,5.1,1.53
12/27/2009,5.5,1.55
12/28/2009,5.7,1.56
12/29/2009,5.5,1.54
12/30/2009,5.5,1.54
12/31/2009,5.5,1.54
1/1/2010,5.7,1.55
1/2/2010,5.7,1.55
1/3/2010,5.5,1.54
1/4/2010,5.6,1.55
1/5/2010,5.7,1.55
1/6/2010,5.6,1.55
1/7/2010,5.3,1.53
1/8/2010,4.7,1.5
1/9/2010,4.8,1.51
1/10/2010,4.7,1.5
1/11/2010,4.8,1.51
1/12/2010,4.9,1.51
1/13/2010,4.8,1.51
1/14/2010,4.7,1.5
1/15/2010,4.7,1.5
1/16/2010,4.9,1.51
1/17/2010,5,1.52
1/18/2010,5.1,1.52
1/19/2010,5.2,1.52
1/20/2010,5.2,1.52
1/21/2010,5.3,1.52
1/22/2010,5.8,1.55
1/23/2010,7,1.6
1/24/2010,6.3,1.57
1/25/2010,5.7,1.54
1/26/2010,5.2,1.52
1/27/2010,4.8,1.5
1/28/2010,4.8,1.5
1/29/2010,5.1,1.51
1/30/2010,4.8,1.49
1/31/2010,5.2,1.51
2/1/2010,12,1.79
2/2/2010,10,1.73
2/3/2010,9.9,1.72
2/4/2010,10,1.73
2/5/2010,11,1.75
2/6/2010,8.7,1.67
2/7/2010,9.3,1.7
2/8/2010,9.3,1.7
2/9/2010,7.1,1.6
2/10/2010,7.6,1.62
2/11/2010,7.3,1.61
2/12/2010,6.6,1.58
2/13/2010,8.3,1.66
2/14/2010,11,1.78
2/15/2010,8.6,1.68
2/16/2010,7.4,1.63
2/17/2010,7.8,1.65
2/18/2010,11,1.79
2/19/2010,11,1.8
2/20/2010,7.3,1.65
2/21/2010,6.5,1.61
2/22/2010,6.6,1.62
2/23/2010,4.8,1.53
2/24/2010,5.1,1.55
2/25/2010,5,1.55
2/26/2010,4.5,1.53
2/27/2010,4.5,1.53
2/28/2010,4.4,1.54
3/1/2010,4.7,1.55
3/2/2010,5,1.57
3/3/2010,6.3,1.64
3/4/2010,8.5,1.74
3/5/2010,8.1,1.72
3/6/2010,8.5,1.74
3/7/2010,10,1.81
3/8/2010,13,1.9
3/9/2010,12,1.86
3/10/2010,10,1.8
3/11/2010,11,1.84
3/12/2010,12,1.86
3/13/2010,12,1.87
3/14/2010,14,1.93
3/15/2010,17,2.05
3/16/2010,20,2.58
3/17/2010,24,3.33
3/18/2010,22,2.89
3/19/2010,21,2.78
3/20/2010,22,2.96
3/21/2010,21,2.82
3/22/2010,19,2.41
3/23/2010,19,2.41
3/24/2010,21,2.74
3/25/2010,22,2.93
3/26/2010,21,2.74
3/27/2010,21,2.71
3/28/2010,20,2.65
3/29/2010,20,2.51
3/30/2010,18,2.18
3/31/2010,19,2.41
4/1/2010,19,2.33
4/2/2010,21,2.8
4/3/2010,20,2.63
4/4/2010,20,2.65
4/5/2010,20,2.52
4/6/2010,19,2.32
4/7/2010,20,2.51
4/8/2010,22,2.85
4/9/2010,20,2.58
4/10/2010,21,2.66
4/11/2010,20,2.46
4/12/2010,21,2.65
4/13/2010,21,2.83
4/14/2010,24,3.27
4/15/2010,22,2.88
4/16/2010,22,2.97
4/17/2010,22,3.01
4/18/2010,23,3.12
4/19/2010,23,3.15
4/20/2010,23,3.17
4/21/2010,24,3.27
4/22/2010,25,3.54
4/23/2010,27,3.55
4/24/2010,26,3.56
4/25/2010,28,3.64
4/26/2010,26,3.58
4/27/2010,25,3.56
4/28/2010,21,2.79
4/29/2010,19,2.34
4/30/2010,21,2.29
5/1/2010,20,2.28
5/2/2010,20,2.26
5/3/2010,25,2.43
5/4/2010,21,2.29
5/5/2010,12,1.99
5/6/2010,11,1.93
5/7/2010,11,1.94
5/8/2010,20,2.25
5/9/2010,19,2.23
5/10/2010,18,2.2
5/11/2010,9.1,1.87
5/12/2010,15,2.08
5/13/2010,13,2.02
5/14/2010,11,1.94
5/15/2010,17,2.16
5/16/2010,22,2.32
5/17/2010,21,2.28
5/18/2010,17,2.16
5/19/2010,33,2.65
5/20/2010,27,2.48
5/21/2010,26,2.44
5/22/2010,30,2.55
5/23/2010,35,2.7
5/24/2010,42,2.88
5/25/2010,16,2.1
5/26/2010,13,2
5/27/2010,17,2.12
5/28/2010,15,2.06
5/29/2010,14,2.03
5/30/2010,11,1.87
5/31/2010,15,2.04
6/1/2010,11,1.87
6/2/2010,13,1.96
6/3/2010,16,2.07
6/4/2010,12,1.93
6/5/2010,11,1.88
6/6/2010,16,2.06
6/7/2010,26,2.38
6/8/2010,15,2.03
6/9/2010,17,2.07
6/10/2010,17,2.09
6/11/2010,22,2.26
6/12/2010,35,2.63
6/13/2010,47,2.92
6/14/2010,47,2.94
6/15/2010,47,2.92
6/16/2010,39,2.74
6/17/2010,42,2.79
6/18/2010,34,2.58
6/19/2010,27,2.37
6/20/2010,26,2.34
6/21/2010,35,2.59
6/22/2010,20,2.15
6/23/2010,21,2.17
6/24/2010,19,2.1
6/25/2010,20,2.12
6/26/2010,15,1.97
6/27/2010,19,2.09
6/28/2010,21,2.15
6/29/2010,13,1.86
6/30/2010,17,2.03
7/1/2010,16,1.97
7/2/2010,19,2.08
7/3/2010,18,2.06
7/4/2010,17,2.03
7/5/2010,20,2.13
7/6/2010,15,1.96
7/7/2010,21,2.16
7/8/2010,16,2
7/9/2010,19,2.1
7/10/2010,21,2.17
7/11/2010,27,2.36
7/12/2010,46,2.87
7/13/2010,25,2.29
7/14/2010,18,2.08
7/15/2010,22,2.23
7/16/2010,17,2.06
7/17/2010,16,2.03
7/18/2010,18,2.1
7/19/2010,23,2.24
7/20/2010,17,2.05
7/21/2010,32,2.51
7/22/2010,37,2.66
7/23/2010,48,2.91
7/24/2010,35,2.6
7/25/2010,31,2.49
7/26/2010,32,2.51
7/27/2010,29,2.4
7/28/2010,19,2.1
7/29/2010,20,2.13
7/30/2010,16,2
7/31/2010,21,2.14
8/1/2010,37,2.63
8/2/2010,23,2.22
8/3/2010,25,2.26
8/4/2010,26,2.3
8/5/2010,32,2.48
8/6/2010,24,2.19
8/7/2010,33,NA
8/8/2010,27,NA
8/9/2010,24,2.3
8/10/2010,21,2.18
8/11/2010,19,2.12
8/12/2010,27,2.35
8/13/2010,29,2.42
8/14/2010,24,2.29
8/15/2010,25,2.29
8/16/2010,27,2.38
8/17/2010,24,2.29
8/18/2010,15,1.96
8/19/2010,15,1.99
8/20/2010,14,1.94
8/21/2010,12,1.88
8/22/2010,15,2
8/23/2010,14,1.96
8/24/2010,12,1.89
8/25/2010,17,1.96
8/26/2010,10,1.81
8/27/2010,10,1.81
8/28/2010,9,1.76
8/29/2010,8.2,1.72
8/30/2010,7.5,1.69
8/31/2010,8.1,1.71
9/1/2010,9.7,1.78
9/2/2010,9.9,1.79
9/3/2010,13,1.91
9/4/2010,17,2.06
9/5/2010,9,1.75
9/6/2010,14,1.95
9/7/2010,11,1.81
9/8/2010,12,1.87
9/9/2010,12,1.87
9/10/2010,9.1,1.75
9/11/2010,3.6,1.49
9/12/2010,3.4,1.48
9/13/2010,3.2,1.47
9/14/2010,3.4,1.47
9/15/2010,3.2,1.46
9/16/2010,3.2,1.46
9/17/2010,3.3,1.46
9/18/2010,3.6,1.47
9/19/2010,4.2,1.51
9/20/2010,3.7,1.47
9/21/2010,3.3,1.45
9/22/2010,3.4,1.45
9/23/2010,3.4,1.45
9/24/2010,3.3,1.44
9/25/2010,3.4,1.44
9/26/2010,3.4,1.44
9/27/2010,3.4,1.44
9/28/2010,3.4,1.44
9/29/2010,3.3,1.43
9/30/2010,3.3,1.43
10/1/2010,3.32,1.43
10/2/2010,3.39,1.44
10/3/2010,3.42,1.44
10/4/2010,3.41,1.44
10/5/2010,3.27,1.43
10/6/2010,3.25,1.43
10/7/2010,4.53,1.5
10/8/2010,5.7,1.56
10/9/2010,6.69,1.61
10/10/2010,5.56,1.56
10/11/2010,6.37,1.59
10/12/2010,7.86,1.66
10/13/2010,6.37,1.59
10/14/2010,5.44,1.55
10/15/2010,5.81,1.57
10/16/2010,6.28,1.59
10/17/2010,3.71,1.46
10/18/2010,3.59,1.45
10/19/2010,4.03,1.47
10/20/2010,7.88,1.65
10/21/2010,9.31,1.72
10/22/2010,9.51,1.72
10/23/2010,5.3,1.53
10/24/2010,6.04,1.57
10/25/2010,6,1.57
10/26/2010,6.53,1.59
10/27/2010,14.6,1.91
10/28/2010,4.67,1.5
10/29/2010,9.44,1.71
10/30/2010,13.5,1.87
10/31/2010,10.3,1.75
11/1/2010,9.29,1.71
11/2/2010,8.34,1.67
11/3/2010,7.84,1.66
11/4/2010,8.46,1.7
11/5/2010,7.64,1.66
11/6/2010,7.85,1.67
11/7/2010,15.8,1.98
11/8/2010,20.8,2.15
11/9/2010,13.6,1.91
11/10/2010,22.1,2.19
11/11/2010,24.3,2.26
11/12/2010,16.8,2.02
11/13/2010,16.1,2
11/14/2010,26.2,2.32
11/15/2010,6.58,1.61
11/16/2010,5.48,1.56
11/17/2010,5.25,1.55
11/18/2010,4.85,1.54
11/19/2010,19.2,2.09
11/20/2010,5.69,1.58
11/21/2010,5.26,1.56
11/22/2010,5.56,1.57
11/23/2010,5.16,1.55
11/24/2010,5.17,1.55
11/25/2010,11.2,1.82
11/26/2010,8.49,1.71
11/27/2010,8.74,1.72
11/28/2010,9.76,1.76
11/29/2010,13.4,1.86
11/30/2010,12,1.85
12/1/2010,8.48,1.71
12/2/2010,7,1.64
12/3/2010,5.58,1.58
12/4/2010,5.39,1.57
12/5/2010,5.52,1.57
12/6/2010,5.67,1.58
12/7/2010,5.25,1.56
12/8/2010,4.95,1.54
12/9/2010,4.95,1.54
12/10/2010,4.8,1.54
12/11/2010,4.89,1.54
12/12/2010,5.01,1.55
12/13/2010,5.38,1.57
12/14/2010,5.97,1.59
12/15/2010,6.53,1.6
12/16/2010,6.55,1.6
12/17/2010,6.82,1.62
12/18/2010,6.94,1.62
12/19/2010,7.29,1.64
12/20/2010,6.82,1.62
12/21/2010,7.22,1.63
12/22/2010,7.44,1.64
12/23/2010,7.47,1.65
12/24/2010,7.42,1.64
12/25/2010,7.89,1.67
12/26/2010,8.15,1.68
12/27/2010,7.82,1.66
12/28/2010,7.38,1.64
12/29/2010,6.79,1.62
12/30/2010,6.98,1.62
12/31/2010,6.48,1.6
1/1/2011,5.85,1.57
1/2/2011,5.09,1.53
1/3/2011,4.76,1.51
1/4/2011,4.47,1.5
1/5/2011,4.19,1.48
1/6/2011,3.94,1.47
1/7/2011,3.9,1.47
1/8/2011,3.81,1.46
1/9/2011,3.76,1.46
1/10/2011,3.67,1.45
1/11/2011,3.68,1.46
1/12/2011,3.66,1.45
1/13/2011,3.61,1.45
1/14/2011,3.58,1.45
1/15/2011,3.58,1.45
1/16/2011,3.59,1.45
1/17/2011,3.57,1.45
1/18/2011,3.57,1.45
1/19/2011,3.52,1.46
1/20/2011,3.16,1.47
1/21/2011,3.19,1.48
1/22/2011,3.09,1.47
1/23/2011,3.08,1.47
1/24/2011,3.08,1.47
1/25/2011,3.08,1.47
1/26/2011,3.08,1.47
1/27/2011,3.01,1.47
1/28/2011,3.56,1.5
1/29/2011,3.78,1.51
1/30/2011,3.22,1.48
1/31/2011,3.05,1.47
2/1/2011,2.78,1.45
2/2/2011,2.61,1.44
2/3/2011,2.74,1.45
2/4/2011,2.76,1.45
2/5/2011,2.74,1.45
2/6/2011,2.6,1.44
2/7/2011,2.49,1.43
2/8/2011,2.48,1.43
2/9/2011,2.43,1.43
2/10/2011,2.4,1.43
2/11/2011,2.3,1.42
2/12/2011,2.3,1.42
2/13/2011,2.3,1.42
2/14/2011,2.3,1.42
2/15/2011,2.3,1.42
2/16/2011,2.29,1.42
2/17/2011,2.4,1.43
2/18/2011,3.11,1.47
2/19/2011,3.61,1.5
2/20/2011,3.95,1.52
2/21/2011,9.26,1.77
2/22/2011,6.78,1.66
2/23/2011,5.84,1.62
2/24/2011,7.38,1.69
2/25/2011,8.65,1.75
2/26/2011,4.88,1.57
2/27/2011,4.64,1.56
2/28/2011,4.4,1.54
3/1/2011,4.57,1.52
3/2/2011,4.89,1.54
3/3/2011,4.95,1.54
3/4/2011,4.38,1.51
3/5/2011,3.87,1.49
3/6/2011,3.9,1.49
3/7/2011,4.28,1.51
3/8/2011,4.37,1.51
3/9/2011,4.41,1.52
3/10/2011,4.24,1.51
3/11/2011,3.83,1.48
3/12/2011,3.61,1.47
3/13/2011,3.54,1.47
3/14/2011,3.75,1.48
3/15/2011,4.37,1.51
3/16/2011,4.23,1.51
3/17/2011,7.44,1.63
3/18/2011,15.8,1.96
3/19/2011,6.66,1.62
3/20/2011,3.67,1.47
3/21/2011,4.08,1.5
3/22/2011,4.69,1.53
3/23/2011,10.9,1.8
3/24/2011,7,1.63
3/25/2011,19,2.06
3/26/2011,5.75,1.58
3/27/2011,3.81,1.48
3/28/2011,3.08,1.44
3/29/2011,7.15,1.64
3/30/2011,7.42,1.66
3/31/2011,14,1.91
4/1/2011,6.75,1.62
4/2/2011,4.83,1.53
4/3/2011,3.96,1.48
4/4/2011,23.4,2.18
4/5/2011,10.9,1.8
4/6/2011,19.1,2.06
4/7/2011,4.9,1.53
4/8/2011,3.97,1.48
4/9/2011,3.78,1.47
4/10/2011,3.72,1.47
4/11/2011,3.71,1.47
4/12/2011,3.86,1.48
4/13/2011,3.92,1.48
4/14/2011,4.13,1.49
4/15/2011,3.71,1.51
4/16/2011,2.45,1.54
4/17/2011,5.16,1.69
4/18/2011,13.3,2.02
4/19/2011,9.18,1.88
4/20/2011,11.8,1.98
4/21/2011,12.5,2.01
4/22/2011,14.4,2.08
4/23/2011,12.8,2.03
4/24/2011,13.9,2.07
4/25/2011,17.6,2.2
4/26/2011,15.6,2.13
4/27/2011,8.96,1.87
4/28/2011,7.9,1.83
4/29/2011,7.41,1.8
4/30/2011,7.11,1.79
5/1/2011,6.88,1.78
5/2/2011,6.58,1.77
5/3/2011,6.37,1.76
5/4/2011,6.13,1.74
5/5/2011,5.89,1.73
5/6/2011,5.92,1.73
5/7/2011,5.62,1.72
5/8/2011,5.49,1.71
5/9/2011,5.43,1.71
5/10/2011,5.34,1.7
5/11/2011,14.7,2.03
5/12/2011,8.11,1.83
5/13/2011,5.58,1.71
5/14/2011,7.63,1.81
5/15/2011,10.2,1.92
5/16/2011,11.4,1.99
5/17/2011,9.66,1.96
5/18/2011,9.22,1.94
5/19/2011,11.3,2.03
5/20/2011,12.2,2.06
5/21/2011,13.2,2.1
5/22/2011,14.1,2.13
5/23/2011,14.1,2.13
5/24/2011,11.3,2.03
5/25/2011,9.43,1.94
5/26/2011,3.33,1.65
5/27/2011,9.32,1.95
5/28/2011,5.91,1.78
5/29/2011,3.32,1.65
5/30/2011,3.8,1.68
5/31/2011,8.64,1.91
6/1/2011,8.77,1.92
6/2/2011,12.2,2.06
6/3/2011,8.95,1.93
6/4/2011,9.5,1.95
6/5/2011,10,1.98
6/6/2011,7.97,1.89
6/7/2011,11.5,2.03
6/8/2011,10.6,2
6/9/2011,9.71,1.96
6/10/2011,10.5,2
6/11/2011,10.7,2
6/12/2011,20.4,2.31
6/13/2011,36.2,2.86
6/14/2011,30.2,2.77
6/15/2011,10.5,2.12
6/16/2011,6.28,1.94
6/17/2011,6.62,1.96
6/18/2011,7.75,2
6/19/2011,9.7,2.09
6/20/2011,38.3,2.94
6/21/2011,10.6,2.13
6/22/2011,7.04,1.97
6/23/2011,11.6,2.17
6/24/2011,15.7,2.32
6/25/2011,19.6,2.46
6/26/2011,21.1,2.51
6/27/2011,18.9,2.42
6/28/2011,16.7,2.35
6/29/2011,22.1,2.53
6/30/2011,12,2.18
7/1/2011,10.9,2.14
7/2/2011,11.2,2.15
7/3/2011,16.9,2.36
7/4/2011,18.1,2.4
7/5/2011,15,2.3
7/6/2011,9,2.06
7/7/2011,10.7,2.13
7/8/2011,14.1,2.26
7/9/2011,13.6,2.24
7/10/2011,15.5,2.32
7/11/2011,21.8,2.52
7/12/2011,25.2,2.63
7/13/2011,22.5,2.55
7/14/2011,30.4,2.7
7/15/2011,26.6,2.54
7/16/2011,18.4,2.28
7/17/2011,14.7,2.16
7/18/2011,11.9,2.05
7/19/2011,10,1.98
7/20/2011,12.2,2.06
7/21/2011,17.8,2.26
7/22/2011,17.2,2.24
7/23/2011,12.2,2.06
7/24/2011,13.8,2.12
7/25/2011,11.6,2.04
7/26/2011,13.7,2.12
7/27/2011,13.8,2.12
7/28/2011,18,-8.86
7/29/2011,15.9,-8.24
7/30/2011,15.5,-8.25
7/31/2011,16.2,-8.33
8/1/2011,13.8,-8.42
8/2/2011,15,-8.38
8/3/2011,30.9,-7.76
8/4/2011,29.8,-7.8
8/5/2011,27.7,2.58
8/6/2011,23.6,2.45
8/7/2011,27.8,-7.85
8/8/2011,24.4,-28.83
8/9/2011,14,-8.3
8/10/2011,15.2,-8.37
8/11/2011,18.9,-8.35
8/12/2011,25.9,-18.37
8/13/2011,18.7,2.26
8/14/2011,19.4,-8.26
8/15/2011,13.5,-8.46
8/16/2011,12.3,2.03
8/17/2011,8.19,1.87
8/18/2011,11.8,-8.42
8/19/2011,26.6,-7.92
8/20/2011,24,-18.65
8/21/2011,27.5,-8.01
8/22/2011,20.6,-8.22
8/23/2011,14,2.1
8/24/2011,15.7,-18.7
8/25/2011,13.3,-8.37
8/26/2011,6.07,-8.66
8/27/2011,13.9,-8.45
8/28/2011,18.5,-8.29
8/29/2011,13.9,-8.45
8/30/2011,13.2,-18.8
8/31/2011,12.9,-8.6
9/1/2011,17.6,-8.31
9/2/2011,15.4,2.15
9/3/2011,11,-19.1
9/4/2011,4.72,1.7
9/5/2011,3.32,-19.24
9/6/2011,2.88,-8.94
9/7/2011,2.56,-8.96
9/8/2011,2.54,-8.85
9/9/2011,2.45,-19.29
9/10/2011,2.35,1.56
9/11/2011,2.35,-8.98
9/12/2011,2.42,1.57
9/13/2011,2.24,-8.98
9/14/2011,3.25,1.56
9/15/2011,4.58,-8.87
9/16/2011,4.4,-8.99
9/17/2011,13,-8.62
9/18/2011,14.2,-8.57
9/19/2011,13.5,-8.49
9/20/2011,20.2,-8.37
9/21/2011,18,-8.33
9/22/2011,23.4,-18.59
9/23/2011,22.8,-8.28
9/24/2011,14,1.95
9/25/2011,14.6,-19.12
9/26/2011,19.1,2.13
9/27/2011,22,-18.85
9/28/2011,15,-8.44
9/29/2011,8.44,-19.12
9/30/2011,7.83,-8.83
10/1/2011,5.62,-8.88
10/2/2011,4.09,-19.21
10/3/2011,4.1,1.65
10/4/2011,4.11,-8.79
10/5/2011,4.1,-8.79
10/6/2011,4.17,1.64
10/7/2011,5.07,-8.74
10/8/2011,5.35,-8.84
10/9/2011,6.02,-8.8
10/10/2011,10.9,-8.62
10/11/2011,19.9,-8.27
10/12/2011,39.1,-7.6
10/13/2011,37.9,-7.74
10/14/2011,32.1,-7.8
10/15/2011,17.5,-8.24
10/16/2011,21.1,-8.23
10/17/2011,25.6,2.45
10/18/2011,45.5,3
10/19/2011,46.8,-7.51
10/20/2011,49.7,-7.45
10/21/2011,31.2,-7.81
10/22/2011,31,-18.25
10/23/2011,30.2,-7.84
10/24/2011,41.2,-28.42
10/25/2011,28.5,2.75
10/26/2011,15.6,-17.99
10/27/2011,22.7,-7.43
10/28/2011,9.34,2.52
10/29/2011,0,1.9
10/30/2011,0,1.91
10/31/2011,2.64,2.3
11/1/2011,1.32,2.18
11/2/2011,0.156,2.06
11/3/2011,2.04,2.26
11/4/2011,5.52,2.47
11/5/2011,11.9,2.73
11/6/2011,26.1,3.23
11/7/2011,4.09,2.33
11/8/2011,8.71,2.18
11/9/2011,22.6,2.21
11/10/2011,12.4,1.88
11/11/2011,23.6,2.26
11/12/2011,27.2,2.37
11/13/2011,31.2,2.49
11/14/2011,31.6,2.5
11/15/2011,22.3,2.2
11/16/2011,6.82,1.65
11/17/2011,6.41,1.63
11/18/2011,7.17,1.65
11/19/2011,23.6,2.26
11/20/2011,27.8,2.39
11/21/2011,20.1,2.14
11/22/2011,7.56,1.68
11/23/2011,6.68,1.64
11/24/2011,6.42,1.63
11/25/2011,6.22,1.62
11/26/2011,5.83,1.6
11/27/2011,5.56,1.59
11/28/2011,5.55,1.58
11/29/2011,5.6,1.59
11/30/2011,5.69,1.59
12/1/2011,5.41,1.58
12/2/2011,5.62,1.59
12/3/2011,6.08,1.61
12/4/2011,5.69,1.59
12/5/2011,5.74,1.59
12/6/2011,5.75,1.6
12/7/2011,5.58,1.59
12/8/2011,5.48,1.58
12/9/2011,5.17,1.57
12/10/2011,5.23,1.57
12/11/2011,5.28,1.57
12/12/2011,5.23,1.57
12/13/2011,5.29,1.57
12/14/2011,5.53,1.58
12/15/2011,5.49,1.58
12/16/2011,5.32,1.58
12/17/2011,5.17,1.59
12/18/2011,5.32,1.59
12/19/2011,5.65,1.61
12/20/2011,5.81,1.62
12/21/2011,5.6,1.61
12/22/2011,5.25,1.59
12/23/2011,5.38,1.6
12/24/2011,5.38,1.6
12/25/2011,5.46,1.6
12/26/2011,5.53,1.6
12/27/2011,5.55,1.6
12/28/2011,5.47,1.6
12/29/2011,5.46,1.6
12/30/2011,5.46,1.6
12/31/2011,5.51,1.6
1/1/2012,5.27,1.59
1/2/2012,5.28,1.59
1/3/2012,5.38,1.6
1/4/2012,5.53,1.6
1/5/2012,5.74,1.61
1/6/2012,5.85,1.62
1/7/2012,5.95,1.62
1/8/2012,5.92,1.62
1/9/2012,5.88,1.62
1/10/2012,6.14,1.63
1/11/2012,6.15,1.63
1/12/2012,5.85,1.62
1/13/2012,5.85,1.62
1/14/2012,5.75,1.62
1/15/2012,5.85,1.62
1/16/2012,6.05,1.63
1/17/2012,6.12,1.63
1/18/2012,6.43,1.65
1/19/2012,6.54,1.65
1/20/2012,6.59,1.66
1/21/2012,6.86,1.67
1/22/2012,6.9,1.67
1/23/2012,6.66,1.66
1/24/2012,6.67,1.66
1/25/2012,6.67,1.66
1/26/2012,6.86,1.66
1/27/2012,6.98,1.66
1/28/2012,6.78,1.65
1/29/2012,6.78,1.65
1/30/2012,6.98,1.66
1/31/2012,6.61,1.65
2/1/2012,6.36,1.63
2/2/2012,6.49,1.64
2/3/2012,6.49,1.64
2/4/2012,6.32,1.63
2/5/2012,6.33,1.63
2/6/2012,6.4,1.64
2/7/2012,6.36,1.63
2/8/2012,6.35,1.63
2/9/2012,6.3,1.63
2/10/2012,6.27,1.63
2/11/2012,6.17,1.63
2/12/2012,6.4,1.64
2/13/2012,6.41,1.64
2/14/2012,6.36,1.63
2/15/2012,6.25,1.63
2/16/2012,6.21,1.63
2/17/2012,6.32,1.63
2/18/2012,6.37,1.64
2/19/2012,6.4,1.64
2/20/2012,6.65,1.65
2/21/2012,6.92,1.66
2/22/2012,6.87,1.66
2/23/2012,6.86,1.66
2/24/2012,6.69,1.65
