date,q.conditco,h.conditco
3/1/1999,0,0
3/2/1999,0,0
3/3/1999,0,0
3/4/1999,0,0
3/5/1999,0,0
3/6/1999,0,0
3/7/1999,0,0
3/8/1999,0,0
3/9/1999,0,0
3/10/1999,0,0
3/11/1999,0,0
3/12/1999,0,0
3/13/1999,7.31,0.22
3/14/1999,17.6,0.54
3/15/1999,120,1.72
3/16/1999,96.5,1.55
3/17/1999,64.7,1.22
3/18/1999,57.7,1.14
3/19/1999,64.6,1.22
3/20/1999,75.3,1.35
3/21/1999,77.3,1.37
3/22/1999,70.8,1.3
3/23/1999,66.1,1.24
3/24/1999,66.3,1.24
3/25/1999,70.3,1.29
3/26/1999,63.4,1.21
3/27/1999,57,1.13
3/28/1999,51.7,1.07
3/29/1999,49.6,1.04
3/30/1999,48.8,1.03
3/31/1999,52.2,1.07
4/1/1999,51.9,1.07
4/2/1999,54.8,1.1
4/3/1999,61.9,1.19
4/4/1999,59.5,1.16
4/5/1999,70.9,1.3
4/6/1999,74.8,1.34
4/7/1999,73.2,1.32
4/8/1999,61.9,1.19
4/9/1999,56.8,1.13
4/10/1999,56.5,1.13
4/11/1999,63.9,1.22
4/12/1999,60.2,1.17
4/13/1999,59.2,1.16
4/14/1999,69.4,1.28
4/15/1999,65.9,1.24
4/16/1999,63.2,1.21
4/17/1999,61.8,1.19
4/18/1999,65.4,1.23
4/19/1999,65.4,1.23
4/20/1999,61.2,1.18
4/21/1999,55.4,1.11
4/22/1999,57.8,1.14
4/23/1999,68.3,1.27
4/24/1999,72.7,1.32
4/25/1999,75.4,1.35
4/26/1999,76.2,1.36
4/27/1999,74,1.33
4/28/1999,70.6,1.29
4/29/1999,54.6,1.09
4/30/1999,29.5,0.67
5/1/1999,0.828,0.08
5/2/1999,1.19,0.1
5/3/1999,0.846,0.08
5/4/1999,0.662,0.07
5/5/1999,0.66,0.07
5/6/1999,0.621,0.07
5/7/1999,0.52,0.06
5/8/1999,0.52,0.06
5/9/1999,19.3,0.45
5/10/1999,51.9,1.07
5/11/1999,52.9,1.08
5/12/1999,53.4,1.09
5/13/1999,52.4,1.07
5/14/1999,51.3,1.06
5/15/1999,67.8,1.26
5/16/1999,65.2,1.23
5/17/1999,61.8,1.19
5/18/1999,61.4,1.19
5/19/1999,71.1,1.3
5/20/1999,78.3,1.38
5/21/1999,78.9,1.39
5/22/1999,77.3,1.37
5/23/1999,78.7,1.38
5/24/1999,80.1,1.4
5/25/1999,81.5,1.41
5/26/1999,85.8,1.46
5/27/1999,82.9,1.43
5/28/1999,79.6,1.39
5/29/1999,79.8,1.4
5/30/1999,80.5,1.4
5/31/1999,79.8,1.4
6/1/1999,79,1.39
6/2/1999,82.9,1.43
6/3/1999,83.9,1.44
6/4/1999,82.5,1.43
6/5/1999,80.6,1.41
6/6/1999,79.9,1.4
6/7/1999,81.1,1.41
6/8/1999,94.6,1.55
6/9/1999,99,1.6
6/10/1999,96.1,1.57
6/11/1999,97.8,1.59
6/12/1999,108,1.69
6/13/1999,100,1.61
6/14/1999,92,1.53
6/15/1999,91.4,1.52
6/16/1999,91.6,1.52
6/17/1999,91.3,1.52
6/18/1999,95.3,1.56
6/19/1999,105,1.66
6/20/1999,112,1.73
6/21/1999,119,1.79
6/22/1999,118,1.78
6/23/1999,120,1.8
6/24/1999,119,1.79
6/25/1999,117,1.77
6/26/1999,119,1.79
6/27/1999,119,1.79
6/28/1999,119,1.79
6/29/1999,116,1.76
6/30/1999,116,1.77
7/1/1999,115,1.76
7/2/1999,111,1.72
7/3/1999,117,1.77
7/4/1999,121,1.81
7/5/1999,120,1.8
7/6/1999,115,1.76
7/7/1999,-72.1,-165.05
7/8/1999,116,1.77
7/9/1999,121,1.81
7/10/1999,118,1.78
7/11/1999,112,1.72
7/12/1999,105,1.66
7/13/1999,103,1.64
7/14/1999,104,1.65
7/15/1999,98.1,1.59
7/16/1999,72.7,-19.28
7/17/1999,27,-81.6
7/18/1999,63.4,-45.15
7/19/1999,91.9,-10.84
7/20/1999,110,1.71
7/21/1999,106,1.67
7/22/1999,105,1.66
7/23/1999,107,1.68
7/24/1999,110,1.71
7/25/1999,108,1.69
7/26/1999,115,1.76
7/27/1999,32.3,0.51
7/28/1999,72.6,1.11
7/29/1999,115,1.76
7/30/1999,107,1.68
7/31/1999,122,1.82
8/1/1999,123,1.83
8/2/1999,129,1.88
8/3/1999,103,1.64
8/4/1999,121,1.81
8/5/1999,100,1.61
8/6/1999,89.8,1.5
8/7/1999,91.5,1.52
8/8/1999,94.2,1.55
8/9/1999,94.5,1.55
8/10/1999,105,1.66
8/11/1999,122,1.82
8/12/1999,107,-8.64
8/13/1999,114,1.75
8/14/1999,105,1.66
8/15/1999,93.3,1.54
8/16/1999,92.5,1.53
8/17/1999,91.7,1.52
8/18/1999,96.6,1.57
8/19/1999,99,1.6
8/20/1999,105,1.66
8/21/1999,109,1.7
8/22/1999,111,1.72
8/23/1999,112,1.73
8/24/1999,112,1.73
8/25/1999,112,1.73
8/26/1999,112,1.73
8/27/1999,111,1.72
8/28/1999,111,1.72
8/29/1999,111,1.72
8/30/1999,112,1.73
8/31/1999,112,1.73
9/1/1999,112,1.73
9/2/1999,112,1.73
9/3/1999,110,1.71
9/4/1999,111,1.72
9/5/1999,110,1.71
9/6/1999,110,1.71
9/7/1999,109,1.7
9/8/1999,108,1.69
9/9/1999,102,1.63
9/10/1999,98.7,1.59
9/11/1999,97.5,1.58
9/12/1999,95,1.56
9/13/1999,95.4,1.56
9/14/1999,99.7,1.61
9/15/1999,96.3,1.57
9/16/1999,99.2,1.6
9/17/1999,92.1,1.53
9/18/1999,91.5,1.52
9/19/1999,87.9,1.48
9/20/1999,88.1,1.49
9/21/1999,71.3,1.3
9/22/1999,62.1,1.19
9/23/1999,62.3,1.2
9/24/1999,62,1.19
9/25/1999,65,1.23
9/26/1999,63.8,1.21
9/27/1999,62.6,1.2
9/28/1999,62.6,1.2
9/29/1999,62.6,1.2
9/30/1999,65,1.23
10/1/1999,66.7,1.25
10/2/1999,66.1,1.24
10/3/1999,66.6,1.25
10/4/1999,66.2,1.24
10/5/1999,67,1.25
10/6/1999,66.4,1.24
10/7/1999,65.2,1.23
10/8/1999,63.7,1.21
10/9/1999,63,1.21
10/10/1999,62.7,1.2
10/11/1999,62.6,1.2
10/12/1999,62.6,1.2
10/13/1999,62,1.19
10/14/1999,62.3,1.2
10/15/1999,62.6,1.2
10/16/1999,62.6,1.2
10/17/1999,62.6,1.2
10/18/1999,62.6,1.2
10/19/1999,63,1.21
10/20/1999,63.2,1.21
10/21/1999,62.5,1.2
10/22/1999,62.2,1.2
10/23/1999,62,1.19
10/24/1999,61.8,1.19
10/25/1999,62.2,1.2
10/26/1999,62.6,1.2
10/27/1999,62.6,1.2
10/28/1999,61.6,1.19
10/29/1999,60.9,1.18
10/30/1999,61.4,1.19
10/31/1999,62.3,1.2
11/1/1999,63.4,1.21
11/2/1999,62.9,1.2
11/3/1999,62.6,1.2
11/4/1999,63.4,1.21
11/5/1999,64.7,1.22
11/6/1999,63.9,1.22
11/7/1999,63.4,1.21
11/8/1999,62.9,1.2
11/9/1999,62,1.19
11/10/1999,61.8,1.19
11/11/1999,61.9,1.19
11/12/1999,62.3,1.2
11/13/1999,62.4,1.2
11/14/1999,62,1.19
11/15/1999,62.4,1.2
11/16/1999,62,1.19
11/17/1999,60.8,1.18
11/18/1999,60.6,1.18
11/19/1999,60.7,1.18
11/20/1999,59.8,1.17
11/21/1999,59.4,1.16
11/22/1999,59.3,1.16
11/23/1999,21.2,0.52
11/24/1999,4.28,0.22
11/25/1999,4.15,0.22
11/26/1999,4.15,0.22
11/27/1999,4.15,0.22
11/28/1999,4.15,0.22
11/29/1999,4.15,0.22
11/30/1999,4.09,0.22
12/1/1999,3.85,0.21
12/2/1999,1.48,0.08
12/3/1999,0,0
12/4/1999,0,0
12/5/1999,0,0
12/6/1999,0,0
12/7/1999,0,0
12/8/1999,0,0
12/9/1999,0,0
12/10/1999,0,0
12/11/1999,0,0
12/12/1999,0,0
12/13/1999,0,0
12/14/1999,0,0
12/15/1999,0,0
12/16/1999,0,0
12/17/1999,0,0
12/18/1999,0,0
12/19/1999,0,0
12/20/1999,0,0
12/21/1999,0,0
12/22/1999,0,0
12/23/1999,0,0
12/24/1999,0,0
12/25/1999,0,0
12/26/1999,0,0
12/27/1999,0,0
12/28/1999,0,0
12/29/1999,0,0
12/30/1999,0,0
12/31/1999,NA,NA
1/1/2000,NA,NA
1/2/2000,NA,94.94
1/3/2000,-977.7,97.87
1/4/2000,NA,99.94
1/5/2000,NA,NA
1/6/2000,NA,NA
1/7/2000,NA,99.93
1/8/2000,NA,99.93
1/9/2000,NA,98.94
1/10/2000,NA,99.93
1/11/2000,NA,NA
1/12/2000,NA,NA
1/13/2000,NA,NA
1/14/2000,NA,99.92
1/15/2000,-749.2,74.91
1/16/2000,NA,99.92
1/17/2000,-707.6,70.75
1/18/2000,-790.9,79.08
1/19/2000,NA,99.92
1/20/2000,NA,98.98
1/21/2000,NA,99.91
1/22/2000,NA,99.91
1/23/2000,NA,99.91
1/24/2000,NA,NA
1/25/2000,NA,NA
1/26/2000,-981.1,98.13
1/27/2000,-982.1,98.22
1/28/2000,NA,99.91
1/29/2000,NA,99.91
1/30/2000,NA,99.91
1/31/2000,NA,99.91
2/1/2000,NA,99.91
2/2/2000,NA,99.91
2/3/2000,NA,99.91
2/4/2000,NA,99.91
2/5/2000,NA,99.91
2/6/2000,NA,99.91
2/7/2000,NA,99.91
2/8/2000,NA,99.91
2/9/2000,NA,99.91
2/10/2000,NA,99.91
2/11/2000,-956,94.78
2/12/2000,-987.4,97.7
2/13/2000,NA,NA
2/14/2000,NA,99.91
2/15/2000,NA,99.9
2/16/2000,NA,99.9
2/17/2000,NA,99.9
2/18/2000,NA,99.9
2/19/2000,NA,99.9
2/20/2000,NA,99.9
2/21/2000,NA,99.9
2/22/2000,NA,99.9
2/23/2000,NA,99.9
2/24/2000,NA,99.9
2/25/2000,NA,99.9
2/26/2000,NA,99.91
2/27/2000,NA,99.91
2/28/2000,NA,99.64
2/29/2000,NA,99.39
3/1/2000,NA,99.39
3/2/2000,NA,99.43
3/3/2000,NA,99.49
3/4/2000,NA,99.5
3/5/2000,NA,99.5
3/6/2000,NA,99.49
3/7/2000,NA,99.49
3/8/2000,NA,99.5
3/9/2000,NA,99.5
3/10/2000,NA,99.5
3/11/2000,NA,99.5
3/12/2000,NA,98.57
3/13/2000,NA,99.89
3/14/2000,-410.2,45.27
3/15/2000,64.9,1.23
3/16/2000,67.2,1.25
3/17/2000,71.6,1.3
3/18/2000,68.2,1.26
3/19/2000,73.3,1.32
3/20/2000,71.5,1.3
3/21/2000,69,1.27
3/22/2000,73.9,1.33
3/23/2000,68.6,1.27
3/24/2000,62.9,1.2
3/25/2000,61,1.18
3/26/2000,57.9,1.14
3/27/2000,60.5,1.17
3/28/2000,61.9,1.19
3/29/2000,60.4,1.17
3/30/2000,61.2,1.18
3/31/2000,72.1,1.31
4/1/2000,NA,NA
4/2/2000,NA,NA
4/3/2000,NA,NA
4/4/2000,67.3,1.25
4/5/2000,68.1,1.26
4/6/2000,69.4,1.28
4/7/2000,67.5,1.26
4/8/2000,64.2,1.22
4/9/2000,71.3,1.3
4/10/2000,71.5,1.3
4/11/2000,72,1.31
4/12/2000,70.7,1.29
4/13/2000,72.8,1.32
4/14/2000,69.3,1.28
4/15/2000,67.6,1.26
4/16/2000,75,1.34
4/17/2000,84.7,1.45
4/18/2000,94.6,1.55
4/19/2000,91.1,1.52
4/20/2000,87.2,1.48
4/21/2000,80.8,1.41
4/22/2000,75.4,1.35
4/23/2000,72.4,1.31
4/24/2000,78.6,1.38
4/25/2000,81.5,1.41
4/26/2000,70.1,1.29
4/27/2000,68.5,1.27
4/28/2000,75.3,1.35
4/29/2000,79.3,1.39
4/30/2000,82.5,1.43
5/1/2000,88.2,1.49
5/2/2000,NA,NA
5/3/2000,NA,NA
5/4/2000,NA,NA
5/5/2000,NA,NA
5/6/2000,65.2,1.23
5/7/2000,71.6,1.3
5/8/2000,69.8,1.28
5/9/2000,93.2,1.54
5/10/2000,95.8,1.57
5/11/2000,107,1.68
5/12/2000,107,1.68
5/13/2000,96.8,1.58
5/14/2000,95.3,1.56
5/15/2000,96.3,1.57
5/16/2000,95.2,1.56
5/17/2000,85.2,1.45
5/18/2000,74,1.33
5/19/2000,89.2,1.5
5/20/2000,82.7,1.43
5/21/2000,88,1.48
5/22/2000,105,1.66
5/23/2000,82.5,1.43
5/24/2000,75.8,1.35
5/25/2000,72.6,1.32
5/26/2000,67.7,1.26
5/27/2000,93.5,1.54
5/28/2000,84.2,1.44
5/29/2000,120,1.8
5/30/2000,104,1.65
5/31/2000,77.1,1.37
6/1/2000,108,1.68
6/2/2000,116,1.77
6/3/2000,125,1.85
6/4/2000,127,1.86
6/5/2000,128,1.88
6/6/2000,133,1.92
6/7/2000,129,1.88
6/8/2000,127,1.86
6/9/2000,129,1.88
6/10/2000,115,1.76
6/11/2000,114,1.74
6/12/2000,106,1.67
6/13/2000,94.7,1.55
6/14/2000,87,1.47
6/15/2000,79.8,1.4
6/16/2000,68.8,1.27
6/17/2000,118,1.78
6/18/2000,85.4,1.46
6/19/2000,73.1,1.32
6/20/2000,66.6,1.25
6/21/2000,61.1,1.18
6/22/2000,69.3,1.28
6/23/2000,69.4,1.28
6/24/2000,68.6,1.27
6/25/2000,58.4,1.15
6/26/2000,54.2,1.07
6/27/2000,72.2,1.31
6/28/2000,76.6,1.36
6/29/2000,88,1.48
6/30/2000,99,1.6
7/1/2000,77.6,1.37
7/2/2000,74.2,1.33
7/3/2000,73.5,1.33
7/4/2000,71,1.3
7/5/2000,59.6,1.16
7/6/2000,55.4,1.11
7/7/2000,58.9,1.16
7/8/2000,57.3,1.14
7/9/2000,60.4,1.17
7/10/2000,62.2,1.19
7/11/2000,60,1.17
7/12/2000,54.1,1.1
7/13/2000,73.6,1.32
7/14/2000,99.1,1.6
7/15/2000,63.9,1.2
7/16/2000,56.2,1.12
7/17/2000,73.4,1.32
7/18/2000,120,1.79
7/19/2000,125,1.85
7/20/2000,159,2.15
7/21/2000,148,2.05
7/22/2000,123,1.83
7/23/2000,90.7,1.51
7/24/2000,81.5,1.41
7/25/2000,63.5,1.21
7/26/2000,52,1.07
7/27/2000,50.5,1.05
7/28/2000,51.3,1.06
7/29/2000,51.2,1.06
7/30/2000,51.2,1.06
7/31/2000,51.8,1.07
8/1/2000,55.4,1.11
8/2/2000,51.1,1.06
8/3/2000,51.1,1.06
8/4/2000,51.8,1.07
8/5/2000,54.4,1.1
8/6/2000,51.8,1.07
8/7/2000,50.6,1.05
8/8/2000,51.8,1.07
8/9/2000,51.9,1.07
8/10/2000,52.8,1.08
8/11/2000,52.2,1.07
8/12/2000,51.5,1.06
8/13/2000,51.2,1.06
8/14/2000,51.2,1.06
8/15/2000,50.3,1.05
8/16/2000,50.9,1.05
8/17/2000,50.9,1.05
8/18/2000,52.8,1.08
8/19/2000,56.6,1.13
8/20/2000,56.6,1.13
8/21/2000,52.3,1.07
8/22/2000,49.5,1.04
8/23/2000,49.5,1.04
8/24/2000,50.2,1.05
8/25/2000,50.7,1.05
8/26/2000,51.4,1.06
8/27/2000,52.3,1.07
8/28/2000,51.5,1.06
8/29/2000,50.9,1.05
8/30/2000,51.1,1.06
8/31/2000,51.8,1.07
9/1/2000,52.8,1.08
9/2/2000,51.4,1.06
9/3/2000,51.3,1.06
9/4/2000,51,1.05
9/5/2000,50,1.04
9/6/2000,51.3,1.06
9/7/2000,48.1,1.02
9/8/2000,41.1,0.92
9/9/2000,49.6,1.04
9/10/2000,51.5,1.06
9/11/2000,50.8,1.05
9/12/2000,51.1,1.06
9/13/2000,51.8,1.07
9/14/2000,49.8,1.04
9/15/2000,49.4,1.03
9/16/2000,48.8,1.03
9/17/2000,48.8,1.03
9/18/2000,51.2,1.06
9/19/2000,50.4,1.05
9/20/2000,49.4,1.03
9/21/2000,49.2,1.03
9/22/2000,47.2,1.01
9/23/2000,44.6,0.97
9/24/2000,51.6,1.06
9/25/2000,50.9,1.05
9/26/2000,50.7,1.05
9/27/2000,48.8,1.03
9/28/2000,49.7,1.04
9/29/2000,48.9,1.03
9/30/2000,50.9,1.05
10/1/2000,50.2,1.04
10/2/2000,49.8,1.04
10/3/2000,49.9,1.04
10/4/2000,49.9,1.04
10/5/2000,48.3,1.02
10/6/2000,47.6,1.01
10/7/2000,49.4,1.03
10/8/2000,50.6,1.05
10/9/2000,51,1.06
10/10/2000,52.3,1.07
10/11/2000,53.2,1.08
10/12/2000,52.7,1.08
10/13/2000,46.5,0.97
10/14/2000,45,0.94
10/15/2000,48.4,1.02
10/16/2000,47.2,1.01
10/17/2000,46.2,0.99
10/18/2000,44.4,0.97
10/19/2000,48.5,1.02
10/20/2000,37.1,1.84
10/21/2000,48.9,1.03
10/22/2000,49.1,1.03
10/23/2000,49,1.03
10/24/2000,51,1.05
10/25/2000,51.8,1.07
10/26/2000,52.1,1.07
10/27/2000,52.1,1.07
10/28/2000,51,1.06
10/29/2000,50.6,1.05
10/30/2000,51,1.05
10/31/2000,50.8,1.05
11/1/2000,50,1.04
11/2/2000,66.4,1.24
11/3/2000,74.4,1.34
11/4/2000,73.8,1.33
11/5/2000,73.8,1.33
11/6/2000,74,1.33
11/7/2000,73.8,1.33
11/8/2000,72.5,1.31
11/9/2000,71.7,1.31
11/10/2000,71.5,1.3
11/11/2000,72.2,1.31
11/12/2000,73.5,1.33
11/13/2000,72.6,1.31
11/14/2000,74.3,1.33
11/15/2000,44,0.9
11/16/2000,-514.6,52.27
11/17/2000,NA,99.99
11/18/2000,NA,99.99
11/19/2000,NA,99.98
11/20/2000,NA,99.98
11/21/2000,NA,99.97
11/22/2000,NA,99.97
11/23/2000,NA,99.97
11/24/2000,NA,99.97
11/25/2000,NA,99.96
11/26/2000,NA,99.96
11/27/2000,NA,99.95
11/28/2000,NA,99.95
11/29/2000,NA,99.95
11/30/2000,NA,99.95
12/1/2000,NA,99.94
12/2/2000,NA,99.94
12/3/2000,NA,99.94
12/4/2000,NA,99.93
12/5/2000,NA,99.93
12/6/2000,NA,99.93
12/7/2000,NA,NA
12/8/2000,NA,NA
12/9/2000,NA,NA
12/10/2000,NA,NA
12/11/2000,NA,NA
12/12/2000,NA,NA
12/13/2000,NA,NA
12/14/2000,NA,NA
12/15/2000,NA,NA
12/16/2000,NA,NA
12/17/2000,NA,NA
12/18/2000,NA,NA
12/19/2000,NA,NA
12/20/2000,NA,NA
12/21/2000,NA,NA
12/22/2000,NA,NA
12/23/2000,NA,NA
12/24/2000,NA,NA
12/25/2000,NA,NA
12/26/2000,NA,NA
12/27/2000,NA,NA
12/28/2000,NA,NA
12/29/2000,NA,NA
12/30/2000,NA,NA
12/31/2000,NA,NA
1/1/2001,NA,NA
1/2/2001,NA,NA
1/3/2001,NA,NA
1/4/2001,NA,NA
1/5/2001,NA,NA
1/6/2001,NA,NA
1/7/2001,NA,NA
1/8/2001,NA,NA
1/9/2001,NA,NA
1/10/2001,NA,NA
1/11/2001,NA,NA
1/12/2001,NA,NA
1/13/2001,NA,NA
1/14/2001,NA,NA
1/15/2001,NA,NA
1/16/2001,NA,NA
1/17/2001,NA,NA
1/18/2001,NA,NA
1/19/2001,NA,NA
1/20/2001,NA,NA
1/21/2001,NA,NA
1/22/2001,NA,NA
1/23/2001,NA,NA
1/24/2001,NA,NA
1/25/2001,NA,NA
1/26/2001,NA,NA
1/27/2001,NA,NA
1/28/2001,NA,NA
1/29/2001,NA,NA
1/30/2001,NA,NA
1/31/2001,NA,NA
2/1/2001,NA,NA
2/2/2001,NA,NA
2/3/2001,NA,NA
2/4/2001,NA,NA
2/5/2001,NA,NA
2/6/2001,NA,NA
2/7/2001,0,0
2/8/2001,0,0
2/9/2001,0,0
2/10/2001,0.045,0.01
2/11/2001,0,0
2/12/2001,0,0
2/13/2001,0,0
2/14/2001,0,0
2/15/2001,0,0
2/16/2001,0,0
2/17/2001,0,0
2/18/2001,0,0
2/19/2001,0,0
2/20/2001,0,0
2/21/2001,0,0
2/22/2001,NA,NA
2/23/2001,NA,NA
2/24/2001,NA,NA
2/25/2001,NA,NA
2/26/2001,NA,NA
2/27/2001,NA,NA
2/28/2001,NA,NA
3/1/2001,NA,NA
3/2/2001,NA,NA
3/3/2001,NA,NA
3/4/2001,NA,NA
3/5/2001,NA,NA
3/6/2001,NA,NA
3/7/2001,NA,NA
3/8/2001,NA,NA
3/9/2001,NA,NA
3/10/2001,NA,NA
3/11/2001,NA,NA
3/12/2001,0,0
3/13/2001,0,0
3/14/2001,8.46,0.24
3/15/2001,45.5,0.95
3/16/2001,48.2,1.02
3/17/2001,48.2,1.02
3/18/2001,50,1.04
3/19/2001,49.4,1.03
3/20/2001,48.7,1.02
3/21/2001,47.4,1.01
3/22/2001,48.1,1.02
3/23/2001,47.2,1.01
3/24/2001,46.9,1
3/25/2001,46.7,1
3/26/2001,48.6,1.02
3/27/2001,51.5,1.06
3/28/2001,49.7,1.04
3/29/2001,54.4,1.09
3/30/2001,54.2,1.1
3/31/2001,59.9,1.17
4/1/2001,57.4,1.13
4/2/2001,52.9,1.08
4/3/2001,50.2,1.03
4/4/2001,49.3,1.03
4/5/2001,46.3,0.98
4/6/2001,49,1.03
4/7/2001,45.6,0.97
4/8/2001,55.7,1.12
4/9/2001,46.5,1
4/10/2001,42.9,0.95
4/11/2001,60.8,1.17
4/12/2001,71.7,1.31
4/13/2001,63.6,1.21
4/14/2001,60.4,1.17
4/15/2001,64.9,1.23
4/16/2001,62.4,1.2
4/17/2001,59.1,1.15
4/18/2001,54.4,1.09
4/19/2001,49.2,1.03
4/20/2001,46.8,1
4/21/2001,45.8,0.98
4/22/2001,46.7,0.99
4/23/2001,45.4,0.98
4/24/2001,48.8,1.03
4/25/2001,72.2,1.31
4/26/2001,70.4,1.28
4/27/2001,70.6,1.28
4/28/2001,71,1.29
4/29/2001,67.4,1.24
4/30/2001,60.5,1.12
5/1/2001,64.1,1.21
5/2/2001,58.7,1.15
5/3/2001,53.1,1.08
5/4/2001,61.7,1.19
5/5/2001,64.2,1.22
5/6/2001,61.6,1.19
5/7/2001,62.5,1.2
5/8/2001,61.7,1.19
5/9/2001,56.5,1.11
5/10/2001,58.7,1.15
5/11/2001,59.2,1.15
5/12/2001,54.5,1.09
5/13/2001,37.5,1.11
5/14/2001,49.1,1.03
5/15/2001,49.8,1.04
5/16/2001,49.3,1.03
5/17/2001,50,1.04
5/18/2001,60.8,1.15
5/19/2001,80.3,1.4
5/20/2001,67.5,1.18
5/21/2001,79.3,1.39
5/22/2001,77.1,1.36
5/23/2001,74.2,1.32
5/24/2001,59.4,1.14
5/25/2001,49.6,1.03
5/26/2001,54.9,1.1
5/27/2001,56.8,1.12
5/28/2001,56.4,1.11
5/29/2001,56.6,1.11
5/30/2001,51.9,1.04
5/31/2001,54,1.08
6/1/2001,48.6,1.02
6/2/2001,46.2,0.98
6/3/2001,55.1,1.1
6/4/2001,59.6,1.15
6/5/2001,62.6,1.19
6/6/2001,62.8,1.19
6/7/2001,49.1,0.94
6/8/2001,0.502,0.06
6/9/2001,0.304,0.04
6/10/2001,3.4,0.16
6/11/2001,42,0.89
6/12/2001,58.8,1.15
6/13/2001,54.2,1.06
6/14/2001,58.3,1.13
6/15/2001,50.5,1.91
6/16/2001,59.2,1.13
6/17/2001,55.6,1.07
6/18/2001,64.4,1.22
6/19/2001,61.1,1.16
6/20/2001,55.8,1.07
6/21/2001,59,1.14
6/22/2001,51.6,0.99
6/23/2001,64.5,1.22
6/24/2001,60.9,1.16
6/25/2001,61.2,1.17
6/26/2001,54.6,1.05
6/27/2001,60,1.14
6/28/2001,58.1,1.11
6/29/2001,62.1,1.18
6/30/2001,55.7,1.07
7/1/2001,61.9,1.18
7/2/2001,57.9,1.11
7/3/2001,61.4,1.17
7/4/2001,61.7,1.17
7/5/2001,64.5,1.22
7/6/2001,67.2,1.25
7/7/2001,67.2,1.24
7/8/2001,68.2,1.26
7/9/2001,63.9,1.19
7/10/2001,65.5,1.22
7/11/2001,62.5,1.18
7/12/2001,61.5,1.19
7/13/2001,67.3,1.21
7/14/2001,70.4,1.28
7/15/2001,72.6,1.32
7/16/2001,127,1.86
7/17/2001,118,1.77
7/18/2001,89,1.48
7/19/2001,72,1.29
7/20/2001,66.6,1.23
7/21/2001,67.3,1.23
7/22/2001,67.6,1.25
7/23/2001,66.3,1.23
7/24/2001,52.1,1.04
7/25/2001,47.9,1
7/26/2001,48.3,1.01
7/27/2001,53.4,1.09
7/28/2001,50.9,1.04
7/29/2001,33.3,2.05
7/30/2001,51.1,1.05
7/31/2001,48.6,1.01
8/1/2001,47.5,0.99
8/2/2001,63.3,1.18
8/3/2001,78.1,1.34
8/4/2001,72.7,1.3
8/5/2001,73.1,1.3
8/6/2001,68.8,1.24
8/7/2001,36.1,8.46
8/8/2001,50.4,12.86
8/9/2001,36.2,19.57
8/10/2001,37.3,18.61
8/11/2001,38.5,15.41
8/12/2001,-150.3,88.61
8/13/2001,37,19.79
8/14/2001,61.1,7.08
8/15/2001,49.8,13.48
8/16/2001,60.3,7.07
8/17/2001,60.8,7.08
8/18/2001,61,7.08
8/19/2001,72.5,1.31
8/20/2001,-62.7,65
8/21/2001,14.9,29.7
8/22/2001,36.4,11.71
8/23/2001,-5.87,30.53
8/24/2001,-21.6,36.41
8/25/2001,-45.6,50.03
8/26/2001,42.8,6.86
8/27/2001,19.4,18.39
8/28/2001,51.3,1.06
8/29/2001,-8.4,28.26
8/30/2001,28.7,12.6
8/31/2001,39.1,6.82
9/1/2001,50.4,1.05
9/2/2001,51.6,1.06
9/3/2001,-2.51,25.45
9/4/2001,39.1,6.82
9/5/2001,-122.7,84.13
9/6/2001,-15.5,35.69
9/7/2001,27.1,12.58
9/8/2001,48.8,1.03
9/9/2001,48.8,1.03
9/10/2001,50.6,1.05
9/11/2001,17.8,14.73
9/12/2001,-26.2,39.03
9/13/2001,-103.6,56.17
9/14/2001,-20.2,37.99
9/15/2001,8.1,24.16
9/16/2001,19.2,18.39
9/17/2001,52.4,1.07
9/18/2001,7.02,24.15
9/19/2001,49.6,1.04
9/20/2001,40,6.83
9/21/2001,29.1,12.6
9/22/2001,49.3,1.03
9/23/2001,38,6.8
9/24/2001,27.6,12.58
9/25/2001,24,14.9
9/26/2001,39.7,6.82
9/27/2001,23.6,14.9
9/28/2001,-27,36.96
9/29/2001,19.7,18.4
9/30/2001,-115.3,81.64
10/1/2001,-59.4,55.7
10/2/2001,-142.2,75.83
10/3/2001,-16.7,32.89
10/4/2001,-70.4,61.6
10/5/2001,31.5,6.71
10/6/2001,41.1,0.92
10/7/2001,-4.87,25.29
10/8/2001,17.6,18.37
10/9/2001,50.2,1.05
10/10/2001,-14.4,35.7
10/11/2001,51.3,1.06
10/12/2001,50.6,1.05
10/13/2001,26.8,13.65
10/14/2001,50,1.04
10/15/2001,50.1,1.04
10/16/2001,53.1,1.08
10/17/2001,18.2,18.38
10/18/2001,38.5,6.81
10/19/2001,39.3,6.82
10/20/2001,17.7,18.57
10/21/2001,28.8,12.6
10/22/2001,28.1,12.59
10/23/2001,21.4,15.82
10/24/2001,50,1.04
10/25/2001,51.1,1.06
10/26/2001,52.3,1.07
10/27/2001,51.1,1.06
10/28/2001,27.4,13.23
10/29/2001,50.8,1.05
10/30/2001,50.7,1.05
10/31/2001,6.92,24.15
11/1/2001,18,18.38
11/2/2001,39.2,6.82
11/3/2001,49.1,1.03
11/4/2001,17.1,18.36
11/5/2001,39,6.82
11/6/2001,37.8,12.71
11/7/2001,62.9,1.2
11/8/2001,18.8,24.5
11/9/2001,54.1,2.94
11/10/2001,31.9,19.73
11/11/2001,35.9,18.59
11/12/2001,34.9,18.58
11/13/2001,61.1,18.63
11/14/2001,54,0.99
11/15/2001,-603.1,60.45
11/16/2001,NA,163.58
11/17/2001,NA,99.99
11/18/2001,NA,99.98
11/19/2001,NA,109.47
11/20/2001,NA,99.98
11/21/2001,NA,99.98
11/22/2001,NA,99.98
11/23/2001,NA,99.98
11/24/2001,NA,99.98
11/25/2001,NA,99.98
11/26/2001,NA,99.98
11/27/2001,NA,99.98
11/28/2001,NA,99.98
11/29/2001,NA,99.97
11/30/2001,NA,99.97
12/1/2001,NA,99.96
12/2/2001,NA,99.96
12/3/2001,NA,99.96
12/4/2001,NA,99.95
12/5/2001,NA,99.95
12/6/2001,NA,99.94
12/7/2001,NA,104.68
12/8/2001,NA,99.94
12/9/2001,NA,99.93
12/10/2001,NA,99.93
12/11/2001,NA,99.93
12/12/2001,NA,99.93
12/13/2001,NA,99.93
12/14/2001,NA,99.93
12/15/2001,NA,99.93
12/16/2001,NA,99.93
12/17/2001,NA,99.93
12/18/2001,NA,109.42
12/19/2001,NA,99.93
12/20/2001,NA,99.93
12/21/2001,NA,109.42
12/22/2001,NA,99.93
12/23/2001,NA,99.93
12/24/2001,NA,99.93
12/25/2001,NA,99.93
12/26/2001,NA,99.93
12/27/2001,NA,99.93
12/28/2001,NA,99.93
12/29/2001,NA,99.93
12/30/2001,NA,99.93
12/31/2001,NA,99.93
1/1/2002,NA,99.93
1/2/2002,NA,99.93
1/3/2002,NA,99.93
1/4/2002,NA,99.93
1/5/2002,NA,99.93
1/6/2002,NA,99.93
1/7/2002,NA,99.93
1/8/2002,NA,99.93
1/9/2002,NA,99.93
1/10/2002,NA,99.93
1/11/2002,NA,102.08
1/12/2002,NA,99.93
1/13/2002,NA,109.42
1/14/2002,NA,99.93
1/15/2002,NA,99.93
1/16/2002,NA,99.93
1/17/2002,NA,99.93
1/18/2002,NA,99.92
1/19/2002,NA,99.92
1/20/2002,NA,99.92
1/21/2002,NA,99.92
1/22/2002,NA,99.92
1/23/2002,NA,99.92
1/24/2002,-561.9,56.22
1/25/2002,NA,99.99
1/26/2002,NA,99.99
1/27/2002,NA,99.99
1/28/2002,NA,124.47
1/29/2002,NA,118.96
1/30/2002,NA,99.98
1/31/2002,NA,118.69
2/1/2002,-593.2,59.37
2/2/2002,NA,99.99
2/3/2002,NA,99.99
2/4/2002,NA,99.99
2/5/2002,NA,99.99
2/6/2002,NA,104.73
2/7/2002,NA,99.99
2/8/2002,NA,99.99
2/9/2002,NA,99.99
2/10/2002,NA,109.48
2/11/2002,NA,104.73
2/12/2002,NA,99.99
2/13/2002,NA,99.99
2/14/2002,NA,99.99
2/15/2002,NA,99.99
2/16/2002,NA,99.99
2/17/2002,NA,104.31
2/18/2002,NA,120.46
2/19/2002,NA,104.73
2/20/2002,NA,91.66
2/21/2002,NA,97.91
2/22/2002,NA,97.91
2/23/2002,NA,102.12
2/24/2002,NA,99.99
2/25/2002,NA,99.98
2/26/2002,NA,99.99
2/27/2002,NA,99.99
2/28/2002,NA,-3.98
3/1/2002,NA,99.98
3/2/2002,NA,99.98
3/3/2002,NA,99.98
3/4/2002,NA,99.98
3/5/2002,NA,99.98
3/6/2002,NA,99.98
3/7/2002,NA,99.98
3/8/2002,NA,99.98
3/9/2002,NA,99.97
3/10/2002,NA,99.97
3/11/2002,NA,88.52
3/12/2002,NA,99.97
3/13/2002,NA,99.83
3/14/2002,-613.6,61.34
3/15/2002,49.8,0.94
3/16/2002,50,1.04
3/17/2002,59.2,1.15
3/18/2002,59,1.16
3/19/2002,22.8,-24.6
3/20/2002,-29,-71.29
3/21/2002,43.2,0.95
3/22/2002,44.3,0.97
3/23/2002,45.7,0.99
3/24/2002,21.4,-9.89
3/25/2002,46,0.99
3/26/2002,46.1,0.99
3/27/2002,48.4,1.02
3/28/2002,15.5,-22.9
3/29/2002,12,-20.02
3/30/2002,-30.7,-54.36
3/31/2002,36.9,0.86
4/1/2002,9.91,-23.26
4/2/2002,30.8,0.77
4/3/2002,29.6,0.75
4/4/2002,4,-22.79
4/5/2002,28.7,0.74
4/6/2002,6.79,-20.53
4/7/2002,29.1,0.74
4/8/2002,29.2,0.74
4/9/2002,28.3,0.73
4/10/2002,15.4,-9.72
4/11/2002,27.3,0.71
4/12/2002,27,0.71
4/13/2002,27.8,0.72
4/14/2002,25.1,0.68
4/15/2002,23.7,0.65
4/16/2002,22.4,0.63
4/17/2002,0.61,-20.2
4/18/2002,22.5,0.63
4/19/2002,20.8,0.6
4/20/2002,20.7,0.6
4/21/2002,-19.8,-30.22
4/22/2002,30.8,0.77
4/23/2002,32.9,0.8
4/24/2002,33.4,0.81
4/25/2002,4.31,-22.26
4/26/2002,-3.82,-22.4
4/27/2002,-2.77,-20.48
4/28/2002,17.3,0.54
4/29/2002,17.1,0.53
4/30/2002,-4.1,-20.29
5/1/2002,5.38,-9.9
5/2/2002,15.6,0.5
5/3/2002,5.48,0.69
5/4/2002,15.1,0.49
5/5/2002,-6.75,-1.23
5/6/2002,13.6,0.46
5/7/2002,2.47,0.02
5/8/2002,13.7,0.47
5/9/2002,12.9,0.45
5/10/2002,1.91,0.86
5/11/2002,-9.11,-20.83
5/12/2002,11.2,0.41
5/13/2002,11.6,0.42
5/14/2002,-12.9,-25.18
5/15/2002,13.5,0.46
5/16/2002,-156.4,-78.4
5/17/2002,11.5,0.42
5/18/2002,13.8,0.47
5/19/2002,11.9,0.42
5/20/2002,10.8,0.4
5/21/2002,17.7,0.54
5/22/2002,29.8,0.75
5/23/2002,18.4,0.56
5/24/2002,15.9,0.51
5/25/2002,2.27,-23.68
5/26/2002,54,1.09
5/27/2002,-14.2,-51.72
5/28/2002,66.6,1.25
5/29/2002,40.8,0.91
5/30/2002,20.7,3.77
5/31/2002,1.46,-20.19
6/1/2002,15.9,0.51
6/2/2002,-54.3,-66.18
6/3/2002,-14.9,-25.88
6/4/2002,-13.5,-23.68
6/5/2002,18.4,0.55
6/6/2002,38.3,0.88
6/7/2002,26.5,-9.55
6/8/2002,42.9,0.95
6/9/2002,35.1,0.83
6/10/2002,-7.69,-22.22
6/11/2002,-19,-32.3
6/12/2002,10.5,-21.41
6/13/2002,0.946,-20.21
6/14/2002,19,0.55
6/15/2002,76.5,1.33
6/16/2002,73.2,1.32
6/17/2002,15.7,-26.07
6/18/2002,-36,-63.06
6/19/2002,-23.5,-31.09
6/20/2002,-28.6,-41.61
6/21/2002,12.5,0.44
6/22/2002,-42.7,-52.89
6/23/2002,-0.02,-10.02
6/24/2002,-13.1,-7.53
6/25/2002,-17.4,-8.08
6/26/2002,3.83,0.21
6/27/2002,3.32,0.19
6/28/2002,-28.7,-18.09
6/29/2002,-42.2,-44.25
6/30/2002,-65.3,-52.19
7/1/2002,9.63,0.36
7/2/2002,-12.3,-24.54
7/3/2002,11.3,0.41
7/4/2002,8.06,0.33
7/5/2002,-13.4,-20.5
7/6/2002,7.55,0.32
7/7/2002,7.84,0.33
7/8/2002,-14.2,-9.26
7/9/2002,-36.1,-41.37
7/10/2002,-39.7,-44.17
7/11/2002,-69.7,-73.79
7/12/2002,21.7,0.62
7/13/2002,-1.38,-10.05
7/14/2002,-4.83,-10.14
7/15/2002,3.69,0.2
7/16/2002,2.79,0.17
7/17/2002,-8.01,2.91
7/18/2002,-29.1,-34.19
7/19/2002,-84.6,-89.41
7/20/2002,-35.6,-44.05
7/21/2002,-19.3,-31.78
7/22/2002,-28.9,-41.19
7/23/2002,-18.5,-17.38
7/24/2002,-19.2,-32.12
7/25/2002,14,0.47
7/26/2002,11.3,0.41
7/27/2002,-2.08,1.2
7/28/2002,8.36,0.34
7/29/2002,8.74,0.35
7/30/2002,6.46,0.29
7/31/2002,5.65,0.27
8/1/2002,-18.5,-28.27
8/2/2002,3.09,-9.95
8/3/2002,18.3,0.56
8/4/2002,-41.6,-63.15
8/5/2002,-54.2,-78.89
8/6/2002,25.4,0.68
8/7/2002,2.91,-12.98
8/8/2002,-23.5,-24.43
8/9/2002,8.16,0.33
8/10/2002,5.45,0.26
8/11/2002,-87.2,-94.97
8/12/2002,-8.6,-10.82
8/13/2002,1.96,0.14
8/14/2002,1.88,0.13
8/15/2002,-82.4,-83.17
8/16/2002,0.749,0.07
8/17/2002,0.056,0.01
8/18/2002,-23.2,2.33
8/19/2002,NA,99.99
8/20/2002,NA,39.76
8/21/2002,NA,99.98
8/22/2002,-959.8,-14.99
8/23/2002,NA,39.5
8/24/2002,NA,84.96
8/25/2002,NA,28.07
8/26/2002,NA,31.28
8/27/2002,NA,99.95
8/28/2002,-711.3,14.35
8/29/2002,2.92,0.15
8/30/2002,0.215,-2.53
8/31/2002,1.58,0.05
9/1/2002,0.134,0.03
9/2/2002,-24,-24.05
9/3/2002,-20.8,-22.94
9/4/2002,-10.4,-10.4
9/5/2002,-549.4,54.99
9/6/2002,NA,99.99
9/7/2002,NA,99.97
9/8/2002,-987.9,85.02
9/9/2002,-859.6,73.21
9/10/2002,0.222,0.04
9/11/2002,0.17,0.03
9/12/2002,0.089,0.02
9/13/2002,-20.2,-20.77
9/14/2002,3.39,0.19
9/15/2002,-17,-21.04
9/16/2002,7.8,0.33
9/17/2002,3.99,0.72
9/18/2002,15.3,0.5
9/19/2002,-2.18,-10.07
9/20/2002,-1.94,2.9
9/21/2002,7.13,0.31
9/22/2002,6.3,0.29
9/23/2002,5.66,0.27
9/24/2002,-41.3,-46.22
9/25/2002,-55.3,-59.94
9/26/2002,5.61,0.27
9/27/2002,7.56,0.32
9/28/2002,-0.52,-10.59
9/29/2002,-27.9,-23.07
9/30/2002,8.26,0.34
10/1/2002,-4.71,-11.72
10/2/2002,7.02,0.31
10/3/2002,8.77,0.35
10/4/2002,14.3,0.48
10/5/2002,-13.9,-30.69
10/6/2002,20.8,0.6
10/7/2002,26,0.69
10/8/2002,-8.46,-25.41
10/9/2002,-92.2,-91.35
10/10/2002,-0.72,2.51
10/11/2002,-0.57,-10.03
10/12/2002,10.4,0.39
10/13/2002,-1.21,-10.05
10/14/2002,8.75,0.35
10/15/2002,8.12,0.34
10/16/2002,9.02,0.36
10/17/2002,-21.9,-31.84
10/18/2002,-21.2,-31.49
10/19/2002,5.12,-10.07
10/20/2002,-21,-9.59
10/21/2002,0.215,-10.45
10/22/2002,12.3,0.43
10/23/2002,13.8,0.47
10/24/2002,13.6,0.46
10/25/2002,3.39,-9.94
10/26/2002,13.9,0.47
10/27/2002,15.8,0.51
10/28/2002,16.6,0.53
10/29/2002,16.5,0.52
10/30/2002,16.3,0.52
10/31/2002,14,0.47
11/1/2002,13,0.45
11/2/2002,13,0.45
11/3/2002,12.6,0.44
11/4/2002,12.3,0.43
11/5/2002,12.2,0.43
11/6/2002,13.5,0.46
11/7/2002,NA,NA
11/8/2002,NA,NA
11/9/2002,NA,NA
11/10/2002,NA,NA
11/11/2002,NA,NA
11/12/2002,NA,NA
11/13/2002,NA,NA
11/14/2002,NA,NA
11/15/2002,NA,NA
11/16/2002,NA,NA
11/17/2002,NA,NA
11/18/2002,NA,NA
11/19/2002,NA,NA
11/20/2002,NA,NA
11/21/2002,NA,NA
11/22/2002,NA,NA
11/23/2002,NA,NA
11/24/2002,NA,NA
11/25/2002,NA,NA
11/26/2002,NA,NA
11/27/2002,NA,NA
11/28/2002,NA,NA
11/29/2002,NA,NA
11/30/2002,NA,NA
12/1/2002,NA,NA
12/2/2002,NA,NA
12/3/2002,NA,NA
12/4/2002,NA,NA
12/5/2002,NA,NA
12/6/2002,-728.4,-178.97
12/7/2002,NA,99.94
12/8/2002,NA,99.94
12/9/2002,NA,99.93
12/10/2002,NA,99.93
12/11/2002,NA,99.92
12/12/2002,NA,99.92
12/13/2002,NA,99.91
12/14/2002,NA,99.91
12/15/2002,NA,99.9
12/16/2002,NA,99.89
12/17/2002,NA,99.89
12/18/2002,NA,99.89
12/19/2002,NA,99.89
12/20/2002,NA,99.88
12/21/2002,NA,99.87
12/22/2002,NA,99.87
12/23/2002,NA,99.87
12/24/2002,NA,99.86
12/25/2002,NA,99.87
12/26/2002,NA,99.88
12/27/2002,NA,99.88
12/28/2002,NA,99.88
12/29/2002,NA,99.88
12/30/2002,NA,99.87
12/31/2002,NA,99.87
1/1/2003,NA,99.88
1/2/2003,NA,99.89
1/3/2003,NA,99.89
1/4/2003,NA,99.89
1/5/2003,NA,99.88
1/6/2003,NA,99.88
1/7/2003,NA,99.88
1/8/2003,NA,99.87
1/9/2003,NA,99.87
1/10/2003,NA,99.86
1/11/2003,NA,99.86
1/12/2003,NA,99.85
1/13/2003,NA,99.85
1/14/2003,NA,99.84
1/15/2003,NA,99.84
1/16/2003,NA,99.84
1/17/2003,NA,99.83
1/18/2003,NA,99.83
1/19/2003,NA,99.83
1/20/2003,NA,99.82
1/21/2003,NA,99.82
1/22/2003,NA,99.82
1/23/2003,NA,99.82
1/24/2003,NA,99.81
1/25/2003,NA,99.81
1/26/2003,NA,99.81
1/27/2003,NA,99.81
1/28/2003,NA,99.81
1/29/2003,NA,99.81
1/30/2003,NA,99.81
1/31/2003,NA,99.8
2/1/2003,NA,99.8
2/2/2003,NA,99.8
2/3/2003,NA,99.83
2/4/2003,NA,99.85
2/5/2003,NA,99.85
2/6/2003,NA,99.85
2/7/2003,NA,99.86
2/8/2003,NA,99.86
2/9/2003,NA,99.86
2/10/2003,NA,99.85
2/11/2003,NA,99.85
2/12/2003,NA,99.84
2/13/2003,NA,99.84
2/14/2003,NA,99.84
2/15/2003,NA,99.85
2/16/2003,NA,76.47
2/17/2003,NA,99.85
2/18/2003,NA,99.84
2/19/2003,NA,99.84
2/20/2003,NA,99.84
2/21/2003,NA,99.83
2/22/2003,NA,99.83
2/23/2003,NA,99.83
2/24/2003,NA,99.83
2/25/2003,NA,99.83
2/26/2003,NA,99.82
2/27/2003,NA,99.82
2/28/2003,NA,99.82
3/1/2003,NA,99.82
3/2/2003,NA,99.82
3/3/2003,NA,99.82
3/4/2003,NA,99.82
3/5/2003,NA,99.81
3/6/2003,NA,99.8
3/7/2003,NA,99.8
3/8/2003,NA,99.8
3/9/2003,NA,99.79
3/10/2003,NA,99.79
3/11/2003,-676.4,67.58
3/12/2003,0.17,0.03
3/13/2003,0.085,0.02
3/14/2003,3.57,0.16
3/15/2003,5.24,-24.9
3/16/2003,23.6,0.6
3/17/2003,-85.7,-14.49
3/18/2003,41.3,0.92
3/19/2003,40.6,0.91
3/20/2003,35.9,-7.57
3/21/2003,47.1,1
3/22/2003,55.3,1.11
3/23/2003,57.4,1.14
3/24/2003,55,1.11
3/25/2003,55.3,1.11
3/26/2003,31.6,-20.18
3/27/2003,40.7,0.92
3/28/2003,33.3,0.81
3/29/2003,35.5,0.84
3/30/2003,-62.2,-72.95
3/31/2003,29,-10.2
4/1/2003,40.6,0.91
4/2/2003,6.22,-22.49
4/3/2003,26.9,0.71
4/4/2003,25.3,0.68
4/5/2003,24.8,0.67
4/6/2003,26.9,0.71
4/7/2003,28.2,0.73
4/8/2003,49.2,1.03
4/9/2003,68.5,1.27
4/10/2003,56.7,1.13
4/11/2003,41.6,0.93
4/12/2003,32.5,0.8
4/13/2003,22.2,-9.72
4/14/2003,27.8,0.72
4/15/2003,-82,-91.13
4/16/2003,25.6,0.69
4/17/2003,11.8,-11.83
4/18/2003,23.7,0.65
4/19/2003,24.4,0.67
4/20/2003,15,-20.87
4/21/2003,54.3,1.1
4/22/2003,65,1.23
4/23/2003,-70.4,-103.02
4/24/2003,33.6,0.81
4/25/2003,-0.75,-29.99
4/26/2003,28.2,0.73
4/27/2003,7.56,-24.5
4/28/2003,-34.8,-68.56
4/29/2003,32.4,0.8
4/30/2003,25.5,0.69
5/1/2003,11.2,-11.84
5/2/2003,36.5,0.86
5/3/2003,38.8,0.89
5/4/2003,38,0.88
5/5/2003,38.1,0.88
5/6/2003,39.9,0.91
5/7/2003,47.6,0.16
5/8/2003,54.4,1.1
5/9/2003,54.3,1.1
5/10/2003,48.8,1.03
5/11/2003,35.6,-9.64
5/12/2003,48.7,1.03
5/13/2003,40.7,0.91
5/14/2003,0.879,-8.51
5/15/2003,18.3,0.56
5/16/2003,16.1,0.51
5/17/2003,-11,-25.46
5/18/2003,15.5,0.5
5/19/2003,17.5,0.54
5/20/2003,16.9,0.53
5/21/2003,17,0.53
5/22/2003,21.5,0.61
5/23/2003,40.3,0.9
5/24/2003,32.9,-9.46
5/25/2003,29.5,-19.77
5/26/2003,26.6,-21.94
5/27/2003,58.4,1.14
5/28/2003,-3.4,-96.46
5/29/2003,52.4,-69.57
5/30/2003,119,-12.16
5/31/2003,131,1.9
6/1/2003,118,-9.6
6/2/2003,72,-48.8
6/3/2003,110,-18.93
6/4/2003,121,2.02
6/5/2003,131,1.9
6/6/2003,130,1.89
6/7/2003,132,1.91
6/8/2003,126,1.85
6/9/2003,85.7,1.44
6/10/2003,51.3,1.06
6/11/2003,19.6,-28.36
6/12/2003,51.6,1.06
6/13/2003,51.2,1.06
6/14/2003,51,1.06
6/15/2003,85.5,1.42
6/16/2003,105,-21.38
6/17/2003,102,-22.24
6/18/2003,130,1.89
6/19/2003,131,1.9
6/20/2003,131,1.9
6/21/2003,127,1.86
6/22/2003,20.3,-81.1
6/23/2003,45.9,-68.64
6/24/2003,67.7,-25.13
6/25/2003,41.1,-19.63
6/26/2003,45,-19.58
6/27/2003,61.2,1.18
6/28/2003,25.3,-23.05
6/29/2003,28.3,-20.23
6/30/2003,50.8,1.05
7/1/2003,29.5,-19.77
7/2/2003,50.6,1.05
7/3/2003,50.5,1.05
7/4/2003,61.1,1.18
7/5/2003,69.2,1.28
7/6/2003,71.7,1.31
7/7/2003,45.8,-9.29
7/8/2003,50.7,1.05
7/9/2003,26.6,-21.94
7/10/2003,39.7,-9.37
7/11/2003,17.5,-12.66
7/12/2003,28.7,-19.78
7/13/2003,-7.46,-54.51
7/14/2003,25.9,-22.48
7/15/2003,50.9,1.05
7/16/2003,39.1,-9.37
7/17/2003,25.4,-22.49
7/18/2003,-154.8,-193.78
7/19/2003,10.7,-35.12
7/20/2003,22.9,-19.86
7/21/2003,16.8,-19.95
7/22/2003,-16.1,-40.36
7/23/2003,18.9,-9.42
7/24/2003,43.8,0.96
7/25/2003,-4.46,-40.77
7/26/2003,23.2,-9.6
7/27/2003,13.6,0.42
7/28/2003,5.07,0.25
7/29/2003,-15.4,-20.55
7/30/2003,-5.69,-24.17
7/31/2003,50.2,1.05
8/1/2003,27.8,-19.8
8/2/2003,49.4,1.03
8/3/2003,-4.17,-50.25
8/4/2003,28.9,0.72
8/5/2003,-14.4,-21.89
8/6/2003,5.15,0.25
8/7/2003,6,0.28
8/8/2003,5.68,0.27
8/9/2003,6.03,0.28
8/10/2003,6.17,0.28
8/11/2003,-14.8,-20.54
8/12/2003,-15.6,-9.84
8/13/2003,5.55,0.26
8/14/2003,5.48,0.26
8/15/2003,-5.1,-10.15
8/16/2003,-18.7,-23.82
8/17/2003,-49.9,-54.65
8/18/2003,5.45,0.26
8/19/2003,5.38,0.26
8/20/2003,5.51,0.26
8/21/2003,-36.3,-22.1
8/22/2003,-36.8,-31.13
8/23/2003,-19.7,-9.94
8/24/2003,5.42,0.26
8/25/2003,4.3,0.22
8/26/2003,-60.4,-43.52
8/27/2003,-20.7,-20.79
8/28/2003,-62.4,6.26
8/29/2003,-429.6,43.8
8/30/2003,3.74,0.18
8/31/2003,-17.9,-23.24
9/1/2003,5.75,0.27
9/2/2003,-39,-47.33
9/3/2003,34.3,0.77
9/4/2003,-42.2,-85.93
9/5/2003,16.5,-7.44
9/6/2003,-29,-34.19
9/7/2003,-15.9,-24.23
9/8/2003,-15.6,-8.02
9/9/2003,5.3,0.26
9/10/2003,-20.9,-42.87
9/11/2003,16.9,-9.7
9/12/2003,-12.5,-23.68
9/13/2003,-15.5,-20.56
9/14/2003,5.76,0.27
9/15/2003,18.9,0.55
9/16/2003,-1.59,-24.33
9/17/2003,22.6,0.63
9/18/2003,-11.3,-21.58
9/19/2003,-36.4,-41.38
9/20/2003,-30.5,-35.43
9/21/2003,-15.6,-20.56
9/22/2003,5.5,0.26
9/23/2003,-16.1,-21.23
9/24/2003,-18,-22.72
9/25/2003,-5.47,-10.84
9/26/2003,-193.7,-113.89
9/27/2003,-24.6,-38.45
9/28/2003,-13.1,-20.5
9/29/2003,5.14,0.25
9/30/2003,5.02,0.25
10/1/2003,-5.39,-10.16
10/2/2003,-15,-20.97
10/3/2003,-41.2,-33.64
10/4/2003,4.79,0.24
10/5/2003,-40,-44.66
10/6/2003,8.36,0.32
10/7/2003,24.7,0.67
10/8/2003,23.8,0.66
10/9/2003,0.132,-10.03
10/10/2003,5.47,0.26
10/11/2003,-25.6,-30.96
10/12/2003,5.75,0.27
10/13/2003,-4.72,-10.14
10/14/2003,-15.7,-24.04
10/15/2003,5.75,0.27
10/16/2003,5.74,0.27
10/17/2003,5.75,0.27
10/18/2003,5.75,0.27
10/19/2003,5.67,0.27
10/20/2003,-5.15,2.39
10/21/2003,-4.72,-10.14
10/22/2003,5.73,0.27
10/23/2003,-11.9,-20.47
10/24/2003,14.5,0.48
10/25/2003,8,0.32
10/26/2003,5.81,0.27
10/27/2003,5.58,0.26
10/28/2003,5.18,0.25
10/29/2003,5.23,0.25
10/30/2003,5.75,0.27
10/31/2003,5.75,0.27
11/1/2003,5.23,-9.93
11/2/2003,17,0.53
11/3/2003,16.8,0.53
11/4/2003,17.1,0.53
11/5/2003,16.3,0.52
11/6/2003,15.8,0.51
11/7/2003,15.6,0.51
11/8/2003,15.6,0.5
11/9/2003,21.7,0.61
11/10/2003,31.6,-9.48
11/11/2003,42.8,0.94
11/12/2003,25.6,0.69
11/13/2003,0.269,-21.33
11/14/2003,24.2,0.63
11/15/2003,1.61,0.11
11/16/2003,-842.9,84.37
11/17/2003,NA,99.99
11/18/2003,NA,99.98
11/19/2003,NA,99.98
11/20/2003,NA,99.97
11/21/2003,NA,99.97
11/22/2003,NA,99.96
11/23/2003,NA,99.96
11/24/2003,NA,99.96
11/25/2003,NA,99.96
11/26/2003,NA,99.96
11/27/2003,NA,99.95
11/28/2003,NA,99.95
11/29/2003,NA,99.94
11/30/2003,NA,99.94
12/1/2003,NA,99.94
12/2/2003,NA,99.94
12/3/2003,NA,99.93
12/4/2003,NA,99.93
12/5/2003,NA,99.93
12/6/2003,NA,99.92
12/7/2003,NA,99.92
12/8/2003,NA,99.92
12/9/2003,NA,99.92
12/10/2003,NA,99.92
12/11/2003,NA,99.92
12/12/2003,NA,99.92
12/13/2003,NA,99.91
12/14/2003,NA,99.91
12/15/2003,NA,99.91
12/16/2003,NA,99.91
12/17/2003,NA,99.91
12/18/2003,NA,99.91
12/19/2003,NA,99.91
12/20/2003,NA,99.91
12/21/2003,NA,99.91
12/22/2003,NA,99.91
12/23/2003,NA,99.91
12/24/2003,NA,99.91
12/25/2003,NA,99.91
12/26/2003,NA,99.91
12/27/2003,NA,99.91
12/28/2003,NA,99.9
12/29/2003,NA,99.9
12/30/2003,NA,99.9
12/31/2003,NA,99.9
1/1/2004,NA,99.9
1/2/2004,NA,99.9
1/3/2004,NA,99.9
1/4/2004,NA,99.9
1/5/2004,NA,99.89
1/6/2004,NA,99.89
1/7/2004,NA,99.89
1/8/2004,NA,99.89
1/9/2004,NA,99.89
1/10/2004,NA,99.89
1/11/2004,NA,99.89
1/12/2004,NA,99.89
1/13/2004,NA,99.88
1/14/2004,NA,99.88
1/15/2004,NA,99.88
1/16/2004,NA,99.88
1/17/2004,NA,99.88
1/18/2004,NA,99.88
1/19/2004,NA,99.88
1/20/2004,NA,99.88
1/21/2004,NA,99.88
1/22/2004,NA,99.88
1/23/2004,NA,99.88
1/24/2004,NA,99.88
1/25/2004,NA,99.88
1/26/2004,NA,99.88
1/27/2004,NA,99.88
1/28/2004,NA,99.88
1/29/2004,NA,99.88
1/30/2004,NA,99.88
1/31/2004,NA,99.88
2/1/2004,NA,99.88
2/2/2004,NA,99.88
2/3/2004,NA,99.88
2/4/2004,NA,74.02
2/5/2004,NA,99.88
2/6/2004,NA,99.88
2/7/2004,NA,99.88
2/8/2004,NA,99.88
2/9/2004,NA,99.88
2/10/2004,NA,99.88
2/11/2004,NA,99.88
2/12/2004,NA,99.88
2/13/2004,NA,99.88
2/14/2004,NA,99.88
2/15/2004,NA,99.88
2/16/2004,NA,99.88
2/17/2004,NA,99.88
2/18/2004,NA,99.88
2/19/2004,NA,99.88
2/20/2004,NA,99.88
2/21/2004,NA,99.88
2/22/2004,NA,74.32
2/23/2004,NA,59.68
2/24/2004,NA,85.69
2/25/2004,NA,99.04
2/26/2004,NA,99.04
2/27/2004,-903.3,89.65
2/28/2004,NA,97.21
2/29/2004,NA,97.21
3/1/2004,NA,72.02
3/2/2004,NA,97.22
3/3/2004,NA,97.22
3/4/2004,NA,72.31
3/5/2004,NA,97.2
3/6/2004,NA,97.03
3/7/2004,NA,97.03
3/8/2004,NA,96.98
3/9/2004,NA,96.55
3/10/2004,NA,96.55
3/11/2004,NA,96.55
3/12/2004,-455.5,32.22
3/13/2004,-9.25,-10.31
3/14/2004,1.02,0.09
3/15/2004,39.5,0.82
3/16/2004,13.5,-20
3/17/2004,41.6,0.92
3/18/2004,46.1,-11.19
3/19/2004,51,1.06
3/20/2004,50.3,1.05
3/21/2004,49.7,1.04
3/22/2004,6.33,-34.34
3/23/2004,39.9,-13.18
3/24/2004,36.5,-17.42
3/25/2004,71.1,1.3
3/26/2004,-51.9,-98.92
3/27/2004,51,1.06
3/28/2004,54.5,1.1
3/29/2004,24.8,-17.56
3/30/2004,60,1.17
3/31/2004,59.3,1.16
4/1/2004,54.2,1.1
4/2/2004,52,1.07
4/3/2004,41.8,0.93
4/4/2004,68.7,1.26
4/5/2004,72.4,1.31
4/6/2004,59.7,1.16
4/7/2004,58,1.14
4/8/2004,39.9,-9.36
4/9/2004,54,1.09
4/10/2004,69.1,1.28
4/11/2004,71.3,1.3
4/12/2004,69.9,1.28
4/13/2004,67.9,1.26
4/14/2004,-14.3,-74.05
4/15/2004,62.1,-0.47
4/16/2004,59.7,1.16
4/17/2004,58.3,1.15
4/18/2004,34.8,-22.93
4/19/2004,56.9,1.13
4/20/2004,58.2,1.15
4/21/2004,38.6,0.89
4/22/2004,16.1,-32.65
4/23/2004,65.6,1.23
4/24/2004,76.9,1.36
4/25/2004,75,1.34
4/26/2004,75.8,1.35
4/27/2004,64.2,-9.07
4/28/2004,74.4,0.93
4/29/2004,75.6,1.35
4/30/2004,75.8,1.35
5/1/2004,75.5,1.35
5/2/2004,75.3,1.35
5/3/2004,-44,-109.8
5/4/2004,39.3,-32
5/5/2004,74.7,1.34
5/6/2004,49.3,-21.93
5/7/2004,49.8,-21.66
5/8/2004,52.5,-19.5
5/9/2004,74.9,1.34
5/10/2004,63.1,-10.42
5/11/2004,61.3,-11.17
5/12/2004,74.8,1.34
5/13/2004,74.8,1.34
5/14/2004,53.4,-19.49
5/15/2004,53.5,-19.93
5/16/2004,76.2,1.36
5/17/2004,51.4,-21.64
5/18/2004,64.2,-9.07
5/19/2004,50.3,-22.19
5/20/2004,-34.8,-102.13
5/21/2004,76,1.35
5/22/2004,41.8,-19.05
5/23/2004,75.4,1.35
5/24/2004,46.4,-14.19
5/25/2004,50.3,1.05
5/26/2004,38.6,-10.23
5/27/2004,50.1,1.04
5/28/2004,39.1,-9.38
5/29/2004,51.5,-1.5
5/30/2004,49.6,1.04
5/31/2004,3.12,-43.41
6/1/2004,49.8,1.04
6/2/2004,50.3,1.05
6/3/2004,-15.9,-61.46
6/4/2004,-32.9,-66.2
6/5/2004,-99.4,-125.31
6/6/2004,-163,-184.01
6/7/2004,17.7,-30.2
6/8/2004,-149.6,-158.8
6/9/2004,39.8,-9.37
6/10/2004,39.8,-9.37
6/11/2004,50.5,1.05
6/12/2004,-12.8,-59.2
6/13/2004,27.5,-21.42
6/14/2004,0.64,-47.14
6/15/2004,-6.5,-53.74
6/16/2004,50.7,1.05
6/17/2004,37.2,-14.53
6/18/2004,25.3,-22.49
6/19/2004,23.2,-24.6
6/20/2004,43.7,0.94
6/21/2004,10.5,0.39
6/22/2004,-115.3,-78.08
6/23/2004,38.6,-9.38
6/24/2004,49.8,1.04
6/25/2004,38.9,1.21
6/26/2004,39.1,-9.37
6/27/2004,50.3,1.05
6/28/2004,52.2,1.07
6/29/2004,40.6,-9.35
6/30/2004,101,1.59
7/1/2004,71.5,1.28
7/2/2004,-9.41,-55.78
7/3/2004,27.6,-20.93
7/4/2004,50.4,1.05
7/5/2004,39,-11.08
7/6/2004,39.7,-9.37
7/7/2004,28.7,-19.78
7/8/2004,27.6,-20.46
7/9/2004,27.2,-20.93
7/10/2004,50,1.04
7/11/2004,-14.1,-16.27
7/12/2004,-15.8,-34.69
7/13/2004,-12.8,-31.32
7/14/2004,-6.56,-25.05
7/15/2004,4.78,-9.93
7/16/2004,5.38,0.26
7/17/2004,-5.75,-20.34
7/18/2004,80.1,1.34
7/19/2004,99.6,-20.9
7/20/2004,71.7,1.28
7/21/2004,22.4,-25.98
7/22/2004,50.3,0.22
7/23/2004,39.8,-9.37
7/24/2004,70.4,-22.28
7/25/2004,105,-10.72
7/26/2004,91.2,2.9
7/27/2004,49.7,1.04
7/28/2004,50.7,1.05
7/29/2004,-42.1,-87.78
7/30/2004,18.9,-31.53
7/31/2004,39.6,-11.27
8/1/2004,28.3,-8.95
8/2/2004,50.1,1.04
8/3/2004,50.2,1.05
8/4/2004,22.7,-25.27
8/5/2004,51.4,1.06
8/6/2004,50.4,1.05
8/7/2004,22.6,-25.97
8/8/2004,3.94,-44.39
8/9/2004,-1.49,-49.57
8/10/2004,-19.8,-65.63
8/11/2004,50.1,1.04
8/12/2004,20.4,-27.53
8/13/2004,50.3,1.05
8/14/2004,-4.97,-36.33
8/15/2004,-6.39,-55.59
8/16/2004,-58.3,-31.67
8/17/2004,27.4,0.64
8/18/2004,5.03,0.25
8/19/2004,37.5,0.82
8/20/2004,53,1.08
8/21/2004,50.2,1.04
8/22/2004,49.7,1.04
8/23/2004,50,1.04
8/24/2004,47.3,1
8/25/2004,45.7,0.98
8/26/2004,49.3,1.03
8/27/2004,53.7,1.09
8/28/2004,56.7,1.13
8/29/2004,51.6,1.06
8/30/2004,49.3,1.03
8/31/2004,49.7,1.04
9/1/2004,49.5,1.04
9/2/2004,49.4,1.03
9/3/2004,49.7,1.04
9/4/2004,49,1.03
9/5/2004,50.5,1.05
9/6/2004,50.9,1.05
9/7/2004,50.2,1.05
9/8/2004,49.9,1.04
9/9/2004,49.4,1.03
9/10/2004,49.2,1.03
9/11/2004,44.6,0.97
9/12/2004,42.1,0.94
9/13/2004,38.5,0.89
9/14/2004,34.5,0.83
9/15/2004,30.8,0.77
9/16/2004,28.4,0.73
9/17/2004,28.9,0.74
9/18/2004,26.6,0.7
9/19/2004,25.8,0.69
9/20/2004,26.5,0.7
9/21/2004,24.3,0.66
9/22/2004,29.4,0.75
9/23/2004,32,0.79
9/24/2004,43.3,0.95
9/25/2004,33,0.8
9/26/2004,35.5,0.84
9/27/2004,39.8,0.9
9/28/2004,50.5,1.04
9/29/2004,45.7,0.98
9/30/2004,29.9,0.76
10/1/2004,29.4,0.75
10/2/2004,41.6,0.93
10/3/2004,46.3,0.99
10/4/2004,47.2,1.01
10/5/2004,42.1,0.94
10/6/2004,47.6,1.01
10/7/2004,47.5,1.01
10/8/2004,49.4,1.03
10/9/2004,49.6,1.04
10/10/2004,49.7,1.04
10/11/2004,50.1,1.04
10/12/2004,52.5,1.07
10/13/2004,51.1,1.06
10/14/2004,50.2,1.04
10/15/2004,49.6,1.04
10/16/2004,49.5,1.04
10/17/2004,48.6,1.02
10/18/2004,49,1.03
10/19/2004,48.8,1.03
10/20/2004,51,1.06
10/21/2004,53.3,1.09
10/22/2004,50.9,1.05
10/23/2004,43.1,0.95
10/24/2004,47.4,1.01
10/25/2004,50.8,1.05
10/26/2004,49.6,1.04
10/27/2004,49.6,1.04
10/28/2004,50.2,1.04
10/29/2004,46.9,1
10/30/2004,40.9,0.92
10/31/2004,47.9,1.01
11/1/2004,21.1,0.52
11/2/2004,4.56,0.23
11/3/2004,-192.3,20.02
11/4/2004,38.5,0.85
11/5/2004,53.4,1.09
11/6/2004,53,1.08
11/7/2004,51.2,1.06
11/8/2004,48.6,1.02
11/9/2004,49.8,1.04
11/10/2004,16.1,0.35
11/11/2004,0.125,0.02
11/12/2004,0.09,0.02
11/13/2004,0.142,0.03
11/14/2004,0.17,0.03
11/15/2004,0.17,0.03
11/16/2004,0.14,0.03
11/17/2004,0.114,0.02
11/18/2004,0.067,0.01
11/19/2004,-468.3,46.87
11/20/2004,-655.6,65.62
11/21/2004,0.002,0
11/22/2004,0,0
11/23/2004,0,0
11/24/2004,-801.3,80.2
11/25/2004,NA,99.99
11/26/2004,NA,99.98
11/27/2004,NA,99.98
11/28/2004,NA,99.98
11/29/2004,NA,99.97
11/30/2004,NA,99.98
12/1/2004,NA,99.98
12/2/2004,NA,99.97
12/3/2004,NA,99.97
12/4/2004,NA,99.97
12/5/2004,NA,99.96
12/6/2004,NA,99.96
12/7/2004,NA,99.95
12/8/2004,NA,99.95
12/9/2004,NA,99.94
12/10/2004,NA,99.94
12/11/2004,NA,99.93
12/12/2004,NA,99.93
12/13/2004,NA,99.92
12/14/2004,NA,99.92
12/15/2004,NA,99.91
12/16/2004,NA,99.9
12/17/2004,NA,99.9
12/18/2004,NA,99.89
12/19/2004,NA,99.88
12/20/2004,NA,99.88
12/21/2004,NA,99.87
12/22/2004,NA,99.87
12/23/2004,NA,99.88
12/24/2004,NA,99.88
12/25/2004,NA,99.89
12/26/2004,NA,99.88
12/27/2004,NA,99.88
12/28/2004,NA,99.88
12/29/2004,NA,99.87
12/30/2004,NA,99.87
12/31/2004,NA,99.86
1/1/2005,NA,99.86
1/2/2005,NA,99.85
1/3/2005,NA,99.85
1/4/2005,NA,99.85
1/5/2005,NA,99.85
1/6/2005,NA,99.84
1/7/2005,NA,99.86
1/8/2005,NA,99.88
1/9/2005,NA,99.88
1/10/2005,NA,99.88
1/11/2005,NA,99.87
1/12/2005,NA,99.87
1/13/2005,NA,99.88
1/14/2005,NA,99.89
1/15/2005,NA,99.89
1/16/2005,NA,99.89
1/17/2005,NA,99.88
1/18/2005,NA,99.88
1/19/2005,NA,99.88
1/20/2005,NA,99.88
1/21/2005,NA,99.87
1/22/2005,NA,99.87
1/23/2005,NA,99.86
1/24/2005,NA,99.86
1/25/2005,NA,99.86
1/26/2005,NA,99.85
1/27/2005,NA,99.85
1/28/2005,NA,99.86
1/29/2005,NA,99.88
1/30/2005,NA,99.88
1/31/2005,NA,99.88
2/1/2005,NA,99.87
2/2/2005,NA,99.87
2/3/2005,NA,99.86
2/4/2005,NA,99.86
2/5/2005,NA,99.85
2/6/2005,NA,99.86
2/7/2005,NA,99.88
2/8/2005,NA,99.88
2/9/2005,NA,99.88
2/10/2005,NA,99.87
2/11/2005,NA,99.87
2/12/2005,NA,99.87
2/13/2005,NA,99.87
2/14/2005,NA,99.86
2/15/2005,NA,99.86
2/16/2005,NA,99.85
2/17/2005,NA,99.85
2/18/2005,NA,99.85
2/19/2005,NA,99.84
2/20/2005,NA,99.84
2/21/2005,NA,99.84
2/22/2005,NA,99.83
2/23/2005,NA,99.87
2/24/2005,NA,99.9
2/25/2005,NA,99.9
2/26/2005,NA,99.89
2/27/2005,NA,99.89
2/28/2005,NA,99.88
3/1/2005,NA,99.87
3/2/2005,NA,99.87
3/3/2005,-437.1,43.69
3/4/2005,-416.2,41.65
3/5/2005,NA,99.96
3/6/2005,NA,99.96
3/7/2005,NA,99.95
3/8/2005,-478.7,47.89
3/9/2005,-72.8,7.29
3/10/2005,NA,99.99
3/11/2005,NA,99.99
3/12/2005,NA,99.98
3/13/2005,-517.6,52.2
3/14/2005,5.57,0.26
3/15/2005,47.3,0.94
3/16/2005,46.9,1
3/17/2005,42.4,0.94
3/18/2005,41.5,0.93
3/19/2005,40.4,0.91
3/20/2005,52.2,1.07
3/21/2005,48.2,1.02
3/22/2005,53.1,1.08
3/23/2005,55.8,1.12
3/24/2005,55.3,1.11
3/25/2005,52.3,1.07
3/26/2005,61.4,1.19
3/27/2005,66.4,1.24
3/28/2005,67.1,1.25
3/29/2005,55.7,1.11
3/30/2005,46.5,1
3/31/2005,69.4,1.28
4/1/2005,72.4,1.31
4/2/2005,54.9,1.11
4/3/2005,53.1,1.08
4/4/2005,55.1,1.11
4/5/2005,50.1,1.04
4/6/2005,47.6,1.01
4/7/2005,69.5,1.27
4/8/2005,74,1.33
4/9/2005,63.6,1.21
4/10/2005,54.4,1.1
4/11/2005,60.3,1.17
4/12/2005,68.2,1.27
4/13/2005,56.2,1.12
4/14/2005,65.8,1.23
4/15/2005,60.1,1.17
4/16/2005,57,1.13
4/17/2005,56,1.12
4/18/2005,59.7,1.16
4/19/2005,60.2,1.17
4/20/2005,55.9,1.12
4/21/2005,51.1,1.06
4/22/2005,51,1.06
4/23/2005,54.1,1.1
4/24/2005,54.7,1.1
4/25/2005,61.5,1.19
4/26/2005,63.3,1.21
4/27/2005,67.2,1.25
4/28/2005,72.8,1.32
4/29/2005,64.9,1.23
4/30/2005,73.5,1.33
5/1/2005,79.8,1.4
5/2/2005,80.9,1.41
5/3/2005,-730.3,-748.91
5/4/2005,74.2,1.33
5/5/2005,67,1.25
5/6/2005,60.6,1.18
5/7/2005,61.5,1.19
5/8/2005,59.6,1.16
5/9/2005,57.5,1.14
5/10/2005,52.7,1.08
5/11/2005,54.5,1.1
5/12/2005,52.3,1.07
5/13/2005,56.8,1.13
5/14/2005,57.6,1.14
5/15/2005,64.1,1.22
5/16/2005,67.6,1.26
5/17/2005,68.4,1.27
5/18/2005,66.6,1.25
5/19/2005,62.3,1.2
5/20/2005,63.3,1.21
5/21/2005,64.9,1.23
5/22/2005,68.2,1.27
5/23/2005,73,1.32
5/24/2005,73.6,1.33
5/25/2005,94.6,1.55
5/26/2005,109,1.7
5/27/2005,117,1.77
5/28/2005,119,1.79
5/29/2005,115,1.76
5/30/2005,117,1.77
5/31/2005,117,1.77
6/1/2005,111,1.72
6/2/2005,107,1.68
6/3/2005,99.5,1.6
6/4/2005,100,1.61
6/5/2005,102,1.63
6/6/2005,101,1.62
6/7/2005,101,1.62
6/8/2005,66.7,1.23
6/9/2005,53.4,1.09
6/10/2005,52,1.07
6/11/2005,53.4,1.09
6/12/2005,54.4,1.1
6/13/2005,50.2,1.04
6/14/2005,48.6,1.03
6/15/2005,61,1.18
6/16/2005,79.5,1.39
6/17/2005,67.1,1.25
6/18/2005,53.4,1.09
6/19/2005,51.3,1.06
6/20/2005,51.6,1.06
6/21/2005,51.8,1.07
6/22/2005,52.5,1.07
6/23/2005,94.4,1.53
6/24/2005,123,1.83
6/25/2005,76.1,1.34
6/26/2005,59.7,1.16
6/27/2005,59.3,1.16
6/28/2005,68.6,1.27
6/29/2005,73,1.32
6/30/2005,73.9,1.33
7/1/2005,75.1,1.34
7/2/2005,75.9,1.35
7/3/2005,75.6,1.35
7/4/2005,75.2,1.35
7/5/2005,75,1.34
7/6/2005,74.8,1.34
7/7/2005,74.8,1.34
7/8/2005,74.7,1.34
7/9/2005,74.5,1.34
7/10/2005,74.7,1.34
7/11/2005,74.4,1.34
7/12/2005,73.7,1.33
7/13/2005,73.4,1.33
7/14/2005,73,1.32
7/15/2005,73.3,1.32
7/16/2005,74.1,1.33
7/17/2005,74.2,1.33
7/18/2005,76,1.35
7/19/2005,76.1,1.36
7/20/2005,76.2,1.36
7/21/2005,76.5,1.36
7/22/2005,77.2,1.37
7/23/2005,76.8,1.36
7/24/2005,73,1.32
7/25/2005,64.7,1.22
7/26/2005,48.9,1.03
7/27/2005,46.7,1
7/28/2005,48.2,1.02
7/29/2005,51.5,1.06
7/30/2005,49.7,1.04
7/31/2005,49.4,1.03
8/1/2005,46.6,1
8/2/2005,45.8,0.99
8/3/2005,42.7,0.94
8/4/2005,35.3,0.84
8/5/2005,34.1,0.82
8/6/2005,33,0.8
8/7/2005,37.8,0.87
8/8/2005,54.6,1.1
8/9/2005,47.1,1
8/10/2005,45.8,0.99
8/11/2005,47.7,1.01
8/12/2005,54.3,1.1
8/13/2005,49.9,1.04
8/14/2005,49.7,1.04
8/15/2005,49.2,1.03
8/16/2005,48.5,1.02
8/17/2005,48.8,1.03
8/18/2005,49.9,1.04
8/19/2005,49.7,1.04
8/20/2005,49,1.03
8/21/2005,49,1.03
8/22/2005,49.4,1.03
8/23/2005,47.5,1.01
8/24/2005,47.6,1.01
8/25/2005,48,1.02
8/26/2005,48.5,1.02
8/27/2005,49.8,1.04
8/28/2005,49.6,1.04
8/29/2005,49.5,1.04
8/30/2005,48.7,1.03
8/31/2005,49,1.03
9/1/2005,49.4,1.03
9/2/2005,50.5,1.05
9/3/2005,49.4,1.03
9/4/2005,46.4,1
9/5/2005,36,0.85
9/6/2005,31.5,0.78
9/7/2005,36.5,0.86
9/8/2005,16.3,0.46
9/9/2005,4.7,0.24
9/10/2005,4.97,0.25
9/11/2005,4.99,0.25
9/12/2005,4.9,0.24
9/13/2005,5.09,0.25
9/14/2005,5.09,0.25
9/15/2005,5.1,0.25
9/16/2005,5.09,0.25
9/17/2005,5.05,0.25
9/18/2005,5.08,0.25
9/19/2005,5.09,0.25
9/20/2005,5.09,0.25
9/21/2005,5.09,0.25
9/22/2005,5.29,0.26
9/23/2005,5.33,0.26
9/24/2005,5.44,0.26
9/25/2005,5.19,0.25
9/26/2005,5.09,0.25
9/27/2005,5.24,0.25
9/28/2005,5.42,0.26
9/29/2005,5.31,-0.54
9/30/2005,4.86,0.24
10/1/2005,14.9,0.45
10/2/2005,40.9,0.92
10/3/2005,36.9,0.86
10/4/2005,34,0.82
10/5/2005,12.1,0.39
10/6/2005,5.05,0.25
10/7/2005,5.42,0.26
10/8/2005,5.61,0.27
10/9/2005,5.68,0.27
10/10/2005,19.5,0.56
10/11/2005,41.7,0.92
10/12/2005,48.8,1.03
10/13/2005,50.1,1.04
10/14/2005,50.5,1.05
10/15/2005,50.2,1.05
10/16/2005,50,1.04
10/17/2005,50.5,1.05
10/18/2005,50.1,1.04
10/19/2005,50.2,1.05
10/20/2005,49.9,1.04
10/21/2005,50.4,1.05
10/22/2005,49.4,1.04
10/23/2005,49.5,1.04
10/24/2005,49.8,1.04
10/25/2005,49.8,1.04
10/26/2005,49.8,1.04
10/27/2005,49.9,1.04
10/28/2005,50,1.04
10/29/2005,49.6,1.04
10/30/2005,49.8,1.04
10/31/2005,49.9,1.04
11/1/2005,50.8,1.05
11/2/2005,51.3,1.06
11/3/2005,51.1,1.06
11/4/2005,50.8,1.05
11/5/2005,51,1.06
11/6/2005,50.5,1.05
11/7/2005,50.5,1.05
11/8/2005,50.5,1.05
11/9/2005,50.5,1.05
11/10/2005,49.8,1.04
11/11/2005,50.9,1.05
11/12/2005,50.5,1.05
11/13/2005,50.7,1.05
11/14/2005,43.2,0.92
11/15/2005,0.422,0.03
11/16/2005,0,0
11/17/2005,0,0
11/18/2005,0,-0.01
11/19/2005,0,-0.01
11/20/2005,0,-0.01
11/21/2005,0,-0.02
11/22/2005,0,-0.02
11/23/2005,0,-0.03
11/24/2005,0,-0.03
11/25/2005,0,-0.03
11/26/2005,0,-0.04
11/27/2005,0,-0.04
11/28/2005,0,-0.05
11/29/2005,0,-0.05
11/30/2005,0,-0.06
12/1/2005,0,-0.06
12/2/2005,0,-0.06
12/3/2005,0,-0.06
12/4/2005,0,-0.06
12/5/2005,0,-0.06
12/6/2005,0,-0.07
12/7/2005,0,-0.07
12/8/2005,0,-0.06
12/9/2005,0,-0.06
12/10/2005,0,-0.07
12/11/2005,0,-0.08
12/12/2005,0,-0.08
12/13/2005,0,-0.08
12/14/2005,0,-0.08
12/15/2005,0,-0.08
12/16/2005,0,-0.08
12/17/2005,0,-0.08
12/18/2005,0,-0.08
12/19/2005,0,-0.07
12/20/2005,0,-0.08
12/21/2005,0,-0.08
12/22/2005,0,-0.08
12/23/2005,0,-0.09
12/24/2005,0,-0.09
12/25/2005,0,-0.09
12/26/2005,0,-0.09
12/27/2005,0,-0.09
12/28/2005,0,-0.09
12/29/2005,0,-0.09
12/30/2005,0,-0.09
12/31/2005,0,-0.09
1/1/2006,0,-0.09
1/2/2006,0,-0.1
1/3/2006,0,-0.1
1/4/2006,0,-0.1
1/5/2006,0,-0.1
1/6/2006,0,-0.1
1/7/2006,0,-0.1
1/8/2006,0,-0.1
1/9/2006,0,-0.1
1/10/2006,0,-0.1
1/11/2006,0,-0.1
1/12/2006,0,-0.1
1/13/2006,0,-0.1
1/14/2006,0,-0.1
1/15/2006,0,-0.1
1/16/2006,0,-0.1
1/17/2006,0,-0.1
1/18/2006,0,-0.1
1/19/2006,0,-0.1
1/20/2006,0,-0.1
1/21/2006,0,-0.1
1/22/2006,0,-0.1
1/23/2006,0,-0.1
1/24/2006,0,-0.1
1/25/2006,0,-0.1
1/26/2006,0,-0.1
1/27/2006,0,-0.1
1/28/2006,0,-0.1
1/29/2006,0,-0.1
1/30/2006,0,-0.1
1/31/2006,0,-0.1
2/1/2006,0,-0.1
2/2/2006,0,-0.1
2/3/2006,0,-0.1
2/4/2006,0,-0.1
2/5/2006,0,-0.1
2/6/2006,0,-0.1
2/7/2006,0,-0.1
2/8/2006,0,-0.11
2/9/2006,0,-0.11
2/10/2006,0,-0.11
2/11/2006,0,-0.11
2/12/2006,0,-0.11
2/13/2006,0,-0.11
2/14/2006,0,-0.12
2/15/2006,0,-0.12
2/16/2006,0,-0.12
2/17/2006,0,-0.12
2/18/2006,0,-0.11
2/19/2006,0,-0.11
2/20/2006,0,-0.12
2/21/2006,0,-0.12
2/22/2006,0,-0.12
2/23/2006,0,-0.12
2/24/2006,0,-0.12
2/25/2006,0,-0.12
2/26/2006,0,-0.12
2/27/2006,0,-0.12
2/28/2006,0,-0.12
3/1/2006,0,-0.12
3/2/2006,0,-0.12
3/3/2006,0,-0.12
3/4/2006,0,-0.12
3/5/2006,0,-0.12
3/6/2006,0,-0.12
3/7/2006,0,-0.12
3/8/2006,0,-0.12
3/9/2006,0,-0.13
3/10/2006,0,-0.13
3/11/2006,0,-0.13
3/12/2006,0,-0.13
3/13/2006,0,-0.13
3/14/2006,0.14,-0.04
3/15/2006,51.9,0.98
3/16/2006,65.2,1.23
3/17/2006,54.5,1.1
3/18/2006,46.2,0.99
3/19/2006,40.8,0.92
3/20/2006,46,0.99
3/21/2006,50.4,1.05
3/22/2006,65.1,1.23
3/23/2006,69.6,1.28
3/24/2006,68.7,1.27
3/25/2006,67.7,1.26
3/26/2006,66,1.24
3/27/2006,61,1.18
3/28/2006,59.3,1.16
3/29/2006,63.1,1.21
3/30/2006,56.3,1.12
3/31/2006,49.8,1.04
4/1/2006,41.3,0.93
4/2/2006,43.9,0.96
4/3/2006,40.2,0.91
4/4/2006,35.2,0.84
4/5/2006,42.7,0.94
4/6/2006,61.8,1.19
4/7/2006,64.3,1.22
4/8/2006,63.8,1.21
4/9/2006,60.3,1.17
4/10/2006,47.3,1
4/11/2006,33.8,0.82
4/12/2006,30.1,0.76
4/13/2006,29.3,0.75
4/14/2006,28,0.73
4/15/2006,26.4,0.7
4/16/2006,23.8,0.66
4/17/2006,22.7,0.64
4/18/2006,22.5,0.63
4/19/2006,22.5,0.63
4/20/2006,23.4,0.65
4/21/2006,24.1,0.66
4/22/2006,23.6,0.65
4/23/2006,23,0.64
4/24/2006,21.8,0.62
4/25/2006,21.3,0.61
4/26/2006,22.2,0.63
4/27/2006,25.3,0.68
4/28/2006,26.3,0.7
4/29/2006,30.3,0.76
4/30/2006,30.6,0.77
5/1/2006,31.7,0.78
5/2/2006,29.4,0.75
5/3/2006,48.1,1.01
5/4/2006,50.4,1.05
5/5/2006,47,1
5/6/2006,51.4,1.06
5/7/2006,53.4,1.09
5/8/2006,46.9,1
5/9/2006,41.8,0.93
5/10/2006,44,0.96
5/11/2006,48.7,1.02
5/12/2006,50.1,1.04
5/13/2006,45.1,0.98
5/14/2006,43,0.95
5/15/2006,34.6,0.83
5/16/2006,36.2,0.85
5/17/2006,37,0.86
5/18/2006,49.5,1.03
5/19/2006,63.3,1.21
5/20/2006,69.9,1.29
5/21/2006,74.5,1.34
5/22/2006,73,1.32
5/23/2006,70.5,1.29
5/24/2006,70.6,1.29
5/25/2006,70.5,1.29
5/26/2006,70.3,1.29
5/27/2006,70.4,1.29
5/28/2006,70.3,1.29
5/29/2006,70.5,1.29
5/30/2006,70.8,1.3
5/31/2006,71.2,1.3
6/1/2006,100,1.6
6/2/2006,97.2,1.57
6/3/2006,78.8,1.39
6/4/2006,78.4,1.38
6/5/2006,78.7,1.38
6/6/2006,77.9,1.38
6/7/2006,77.8,1.37
6/8/2006,110,1.7
6/9/2006,125,1.85
6/10/2006,127,1.87
6/11/2006,127,1.87
6/12/2006,128,1.88
6/13/2006,101,1.6
6/14/2006,69.1,1.28
6/15/2006,68.9,1.27
6/16/2006,69.4,1.28
6/17/2006,69.1,1.28
6/18/2006,68.7,1.27
6/19/2006,68.8,1.27
6/20/2006,58,1.14
6/21/2006,67.5,1.26
6/22/2006,67.9,1.26
6/23/2006,65.3,1.23
6/24/2006,64.6,1.22
6/25/2006,64.3,1.22
6/26/2006,64.9,1.23
6/27/2006,60.9,1.18
6/28/2006,59.4,1.16
6/29/2006,62.1,1.19
6/30/2006,63.4,1.21
7/1/2006,62.5,1.2
7/2/2006,62,1.19
7/3/2006,61.9,1.19
7/4/2006,63,1.21
7/5/2006,63.5,1.21
7/6/2006,63.1,1.21
7/7/2006,106,1.66
7/8/2006,128,1.88
7/9/2006,126,1.86
7/10/2006,69.5,1.25
7/11/2006,96.2,1.55
7/12/2006,118,1.78
7/13/2006,116,1.76
7/14/2006,66.9,1.23
7/15/2006,49.9,1.04
7/16/2006,49.3,1.03
7/17/2006,49.5,1.04
7/18/2006,49.1,1.03
7/19/2006,49.3,1.03
7/20/2006,49.6,1.04
7/21/2006,49.4,1.03
7/22/2006,49,1.03
7/23/2006,49.2,1.03
7/24/2006,51,1.06
7/25/2006,52.1,1.07
7/26/2006,50.2,1.05
7/27/2006,50.2,1.05
7/28/2006,49.9,1.04
7/29/2006,49.9,1.04
7/30/2006,50.3,1.05
7/31/2006,50.3,1.05
8/1/2006,50.2,1.05
8/2/2006,49.8,1.04
8/3/2006,50,1.04
8/4/2006,50,1.04
8/5/2006,49.5,1.04
8/6/2006,49.2,1.03
8/7/2006,50.2,1.05
8/8/2006,49.4,1.03
8/9/2006,49,1.03
8/10/2006,49.3,1.03
8/11/2006,49.6,1.04
8/12/2006,49.8,1.04
8/13/2006,49.8,1.04
8/14/2006,49.6,1.04
8/15/2006,49.7,1.04
8/16/2006,49.7,1.04
8/17/2006,49.2,1.03
8/18/2006,49,1.03
8/19/2006,50.4,1.05
8/20/2006,90.4,1.49
8/21/2006,68.3,1.26
8/22/2006,52.4,1.07
8/23/2006,49.5,1.04
8/24/2006,50.3,1.05
8/25/2006,50.4,1.05
8/26/2006,50.3,1.05
8/27/2006,50.5,1.05
8/28/2006,51,1.06
8/29/2006,74,1.33
8/30/2006,57.2,1.11
8/31/2006,51.4,1.06
9/1/2006,50.5,1.05
9/2/2006,50.1,1.04
9/3/2006,49,1.03
9/4/2006,49,1.03
9/5/2006,48.3,1.02
9/6/2006,48.3,1.02
9/7/2006,48.7,1.03
9/8/2006,48.5,1.02
9/9/2006,48.3,1.02
9/10/2006,47.9,1.01
9/11/2006,50.7,1.04
9/12/2006,48.4,1.02
9/13/2006,48.5,1.02
9/14/2006,48.3,1.02
9/15/2006,47.8,1.01
9/16/2006,47.5,1.01
9/17/2006,47,1
9/18/2006,46.7,1
9/19/2006,46,0.99
9/20/2006,45.8,0.99
9/21/2006,45.8,0.99
9/22/2006,46,0.99
9/23/2006,46,0.99
9/24/2006,46,0.99
9/25/2006,46.1,0.99
9/26/2006,46.8,1
9/27/2006,46.5,1
9/28/2006,46.4,0.99
9/29/2006,46.7,1
9/30/2006,47.5,1.01
10/1/2006,47.5,1.01
10/2/2006,47.2,1.01
10/3/2006,47.2,1.01
10/4/2006,46.8,1
10/5/2006,49.2,1.03
10/6/2006,51.7,1.06
10/7/2006,50.9,1.06
10/8/2006,49.8,1.04
10/9/2006,49.8,1.04
10/10/2006,49.8,1.04
10/11/2006,49.9,1.04
10/12/2006,50.5,1.05
10/13/2006,50.5,1.05
10/14/2006,50.5,1.05
10/15/2006,50.5,1.05
10/16/2006,50.3,1.05
10/17/2006,49.8,1.04
10/18/2006,49.8,1.04
10/19/2006,49.8,1.04
10/20/2006,49.5,1.04
10/21/2006,49,1.03
10/22/2006,49,1.03
10/23/2006,49,1.03
10/24/2006,49,1.03
10/25/2006,49,1.03
10/26/2006,48.4,1.02
10/27/2006,48.3,1.02
10/28/2006,47.9,1.01
10/29/2006,45.9,0.99
10/30/2006,45.5,0.98
10/31/2006,45,0.98
11/1/2006,44.5,0.97
11/2/2006,44.5,0.97
11/3/2006,44.5,0.97
11/4/2006,44.4,0.97
11/5/2006,44.2,0.97
11/6/2006,43.7,0.96
11/7/2006,43.8,0.96
11/8/2006,45.8,0.99
11/9/2006,49,1.03
11/10/2006,48.9,1.03
11/11/2006,48.4,1.02
11/12/2006,23,0.52
11/13/2006,0.664,0.07
11/14/2006,0.519,0.06
11/15/2006,0.519,0.06
11/16/2006,0.24,0.03
11/17/2006,0,0
11/18/2006,0,0
11/19/2006,0,0
11/20/2006,0,0
11/21/2006,0,-0.01
11/22/2006,0,-0.01
11/23/2006,0,-0.02
11/24/2006,0,-0.03
11/25/2006,0,-0.03
11/26/2006,0,-0.04
11/27/2006,0,-0.05
11/28/2006,0,-0.05
11/29/2006,0,-0.06
11/30/2006,0,-0.05
12/1/2006,0,-0.04
12/2/2006,0,-0.04
12/3/2006,0,-0.04
12/4/2006,0,-0.05
12/5/2006,0,-0.05
12/6/2006,0,-0.05
12/7/2006,0,-0.06
12/8/2006,0,-0.06
12/9/2006,0,-0.07
12/10/2006,0,-0.07
12/11/2006,0,-0.08
12/12/2006,0,-0.08
12/13/2006,0,-0.08
12/14/2006,0,-0.08
12/15/2006,0,-0.09
12/16/2006,0,-0.09
12/17/2006,0,-0.09
12/18/2006,0,-0.1
12/19/2006,0,-0.1
12/20/2006,0,-0.11
12/21/2006,0,-0.11
12/22/2006,0,-0.11
12/23/2006,0,-0.1
12/24/2006,0,-0.09
12/25/2006,0,-0.07
12/26/2006,0,-0.04
12/27/2006,0.009,-0.01
12/28/2006,0.023,0.01
12/29/2006,0.029,0.01
12/30/2006,0.029,0.01
12/31/2006,0.029,0.01
1/1/2007,0.029,0.01
1/2/2007,0.029,0.01
1/3/2007,0.029,0.01
1/4/2007,0.046,0.01
1/5/2007,0,0
1/6/2007,0,0
1/7/2007,0,-0.01
1/8/2007,0,-0.01
1/9/2007,0,-0.01
1/10/2007,0,-0.01
1/11/2007,0,0
1/12/2007,0,0
1/13/2007,0,0
1/14/2007,0,0
1/15/2007,0,0
1/16/2007,0,0
1/17/2007,0,0
1/18/2007,0,0
1/19/2007,0,0
1/20/2007,0,0
1/21/2007,0,0
1/22/2007,0,0
1/23/2007,0,0
1/24/2007,0,0
1/25/2007,0.011,0
1/26/2007,0.037,0.01
1/27/2007,0.029,0.01
1/28/2007,0.029,0.01
1/29/2007,0.02,0.01
1/30/2007,0,0
1/31/2007,0,0
2/1/2007,0,0
2/2/2007,0,0
2/3/2007,0,0
2/4/2007,0,0
2/5/2007,0,0
2/6/2007,0.038,0.01
2/7/2007,0.035,0.01
2/8/2007,0.001,0
2/9/2007,0,-0.01
2/10/2007,0,-0.01
2/11/2007,0,-0.01
2/12/2007,0,-0.01
2/13/2007,0,-0.02
2/14/2007,0,-0.02
2/15/2007,0,-0.02
2/16/2007,0,-0.02
2/17/2007,0,-0.01
2/18/2007,0,-0.01
2/19/2007,0,-0.02
2/20/2007,0,-0.02
2/21/2007,0,-0.02
2/22/2007,0,-0.02
2/23/2007,0,-0.03
2/24/2007,0,-0.03
2/25/2007,0,-0.04
2/26/2007,0,-0.04
2/27/2007,0,-0.05
2/28/2007,0,-0.05
3/1/2007,0,-0.03
3/2/2007,0,-0.03
3/3/2007,0,-0.03
3/4/2007,0,-0.03
3/5/2007,0,-0.04
3/6/2007,0,-0.04
3/7/2007,0,-0.04
3/8/2007,0,-0.05
3/9/2007,0,-0.05
3/10/2007,0,-0.05
3/11/2007,0,-0.02
3/12/2007,0,-0.02
3/13/2007,0,-0.03
3/14/2007,0.206,-0.01
3/15/2007,40.7,0.83
3/16/2007,53.6,1.09
3/17/2007,53.1,1.08
3/18/2007,23.6,0.55
3/19/2007,2.71,0.17
3/20/2007,2.46,0.16
3/21/2007,2.25,0.15
3/22/2007,44.3,0.88
3/23/2007,57.8,1.14
3/24/2007,55.8,1.12
3/25/2007,55.3,1.11
3/26/2007,55.1,1.11
3/27/2007,55.1,1.11
3/28/2007,53.1,1.08
3/29/2007,52.8,1.08
3/30/2007,51.4,1.06
3/31/2007,49.9,1.04
4/1/2007,47.8,1.01
4/2/2007,55,1.1
4/3/2007,58.3,1.15
4/4/2007,56.8,1.13
4/5/2007,56.4,1.13
4/6/2007,56.6,1.13
4/7/2007,58,1.14
4/8/2007,59.1,1.16
4/9/2007,59.8,1.17
4/10/2007,59.8,1.17
4/11/2007,59,1.16
4/12/2007,59.3,1.16
4/13/2007,60.3,1.17
4/14/2007,61.5,1.19
4/15/2007,60.9,1.18
4/16/2007,59.9,1.17
4/17/2007,59.8,1.17
4/18/2007,60.3,1.17
4/19/2007,61.5,1.19
4/20/2007,59.4,1.16
4/21/2007,58.7,1.15
4/22/2007,58.4,1.15
4/23/2007,58.6,1.15
4/24/2007,58.6,1.15
4/25/2007,59.1,1.16
4/26/2007,60,1.17
4/27/2007,61.2,1.18
4/28/2007,60.3,1.17
4/29/2007,59.9,1.17
4/30/2007,59.5,1.16
5/1/2007,60.1,1.17
5/2/2007,74.5,1.33
5/3/2007,97.9,1.59
5/4/2007,96.9,1.58
5/5/2007,87.4,1.48
5/6/2007,80.3,1.4
5/7/2007,81.6,1.42
5/8/2007,85.4,1.46
5/9/2007,95.1,1.56
5/10/2007,86.5,1.47
5/11/2007,67.9,1.26
5/12/2007,60.6,1.18
5/13/2007,61,1.18
5/14/2007,65.1,1.22
5/15/2007,52.7,1.08
5/16/2007,52.3,1.07
5/17/2007,75.8,1.35
5/18/2007,74.3,1.34
5/19/2007,75.1,1.34
5/20/2007,75.2,1.35
5/21/2007,73.5,1.33
5/22/2007,71.3,1.3
5/23/2007,68.6,1.27
5/24/2007,68.4,1.27
5/25/2007,65.4,1.23
5/26/2007,62.6,1.2
5/27/2007,60.5,1.18
5/28/2007,54.8,1.1
5/29/2007,50.3,1.05
5/30/2007,50.1,1.04
5/31/2007,50,1.04
6/1/2007,49.8,1.04
6/2/2007,48.7,1.03
6/3/2007,48.7,1.03
6/4/2007,49.8,1.04
6/5/2007,59.1,1.16
6/6/2007,63.6,1.21
6/7/2007,62.5,1.2
6/8/2007,62.4,1.2
6/9/2007,61.9,1.19
6/10/2007,61.1,1.18
6/11/2007,61.9,1.19
6/12/2007,55.6,1.11
6/13/2007,50.7,1.05
6/14/2007,64.1,1.22
6/15/2007,84.6,1.45
6/16/2007,102,1.63
6/17/2007,107,1.68
6/18/2007,107,1.68
6/19/2007,106,1.67
6/20/2007,111,1.72
6/21/2007,114,1.75
6/22/2007,88.4,1.47
6/23/2007,102,1.62
6/24/2007,115,1.75
6/25/2007,114,1.75
6/26/2007,123,1.83
6/27/2007,131,1.9
6/28/2007,122,1.82
6/29/2007,121,1.81
6/30/2007,118,1.78
7/1/2007,83.1,1.42
7/2/2007,66.9,1.25
7/3/2007,66.5,1.25
7/4/2007,56.7,1.13
7/5/2007,49.9,1.04
7/6/2007,50,1.04
7/7/2007,56.6,1.13
7/8/2007,56.9,1.13
7/9/2007,53.5,1.09
7/10/2007,61.3,1.18
7/11/2007,65.1,1.23
7/12/2007,62.8,1.2
7/13/2007,64.6,1.22
7/14/2007,67.1,1.25
7/15/2007,67.5,1.26
7/16/2007,65.3,1.23
7/17/2007,62.9,1.2
7/18/2007,53.5,1.09
7/19/2007,50,1.04
7/20/2007,49.7,1.04
7/21/2007,50.2,1.05
7/22/2007,98.5,1.57
7/23/2007,127,1.87
7/24/2007,84.4,1.43
7/25/2007,65.4,1.23
7/26/2007,66.3,1.24
7/27/2007,61.8,1.19
7/28/2007,57.3,1.14
7/29/2007,57.7,1.14
7/30/2007,57.8,1.14
7/31/2007,57.5,1.14
8/1/2007,57.3,1.14
8/2/2007,57.8,1.14
8/3/2007,57.8,1.14
8/4/2007,58.5,1.15
8/5/2007,68.3,1.27
8/6/2007,71,1.3
8/7/2007,70.8,1.3
8/8/2007,94.7,1.54
8/9/2007,119,1.79
8/10/2007,77.5,1.35
8/11/2007,60.4,1.17
8/12/2007,56.5,1.13
8/13/2007,57.7,1.14
8/14/2007,57.7,1.14
8/15/2007,56.9,1.13
8/16/2007,56.8,1.13
8/17/2007,96.8,1.55
8/18/2007,76.8,1.34
8/19/2007,76,1.35
8/20/2007,106,1.66
8/21/2007,123,1.83
8/22/2007,81.9,1.4
8/23/2007,65.4,1.23
8/24/2007,67.6,1.26
8/25/2007,67.9,1.26
8/26/2007,67.7,1.26
8/27/2007,67.7,1.26
8/28/2007,69,1.28
8/29/2007,71.5,1.3
8/30/2007,71.1,1.3
8/31/2007,71.9,1.31
9/1/2007,66.1,1.24
9/2/2007,63.2,1.21
9/3/2007,63.4,1.21
9/4/2007,60.3,1.17
9/5/2007,58.5,1.15
9/6/2007,66.3,1.24
9/7/2007,66.6,1.25
9/8/2007,57.9,1.14
9/9/2007,59.2,1.16
9/10/2007,60.9,1.18
9/11/2007,60.4,1.17
9/12/2007,60.1,1.17
9/13/2007,60.1,1.17
9/14/2007,60.1,1.17
9/15/2007,60.1,1.17
9/16/2007,59.6,1.16
9/17/2007,59.8,1.17
9/18/2007,59.9,1.17
9/19/2007,57.9,1.14
9/20/2007,58.6,1.15
9/21/2007,57,1.13
9/22/2007,54.4,1.1
9/23/2007,54,1.09
9/24/2007,53.7,1.09
9/25/2007,52.3,1.07
9/26/2007,51.3,1.06
9/27/2007,52.4,1.07
9/28/2007,48.4,1.02
9/29/2007,48.1,1.02
9/30/2007,49.9,1.04
10/1/2007,50.9,1.05
10/2/2007,49.1,1.03
10/3/2007,48.6,1.02
10/4/2007,50.1,1.04
10/5/2007,50.3,1.05
10/6/2007,49.4,1.03
10/7/2007,57.5,1.14
10/8/2007,64.5,1.22
10/9/2007,68.5,1.27
10/10/2007,68.6,1.27
10/11/2007,68.1,1.27
10/12/2007,64.7,1.23
10/13/2007,63.4,1.21
10/14/2007,62.5,1.2
10/15/2007,61.5,1.19
10/16/2007,60.6,1.18
10/17/2007,60,1.17
10/18/2007,52.6,1.07
10/19/2007,50.8,1.05
10/20/2007,50.5,1.05
10/21/2007,50.5,1.05
10/22/2007,50.1,1.04
10/23/2007,50.2,1.05
10/24/2007,49.8,1.04
10/25/2007,50.5,1.05
10/26/2007,50.1,1.04
10/27/2007,49.7,1.04
10/28/2007,49.5,1.04
10/29/2007,49.2,1.03
10/30/2007,49,1.03
10/31/2007,47.7,1.01
11/1/2007,45.3,0.98
11/2/2007,46.2,0.99
11/3/2007,46.6,1
11/4/2007,46.1,0.99
11/5/2007,49,1.03
11/6/2007,50.1,1.04
11/7/2007,49.5,1.04
11/8/2007,48.6,1.02
11/9/2007,48.8,1.03
11/10/2007,49.4,1.03
11/11/2007,48.3,1.02
11/12/2007,48.5,1.02
11/13/2007,49.7,1.04
11/14/2007,44.4,0.96
11/15/2007,5.1,0.13
11/16/2007,0,-0.03
11/17/2007,0,-0.04
11/18/2007,0,-0.04
11/19/2007,0,-0.04
11/20/2007,0,-0.05
11/21/2007,0,-0.05
11/22/2007,0,-0.06
11/23/2007,0,-0.06
11/24/2007,0,-0.06
11/25/2007,0,-0.06
11/26/2007,0,-0.07
11/27/2007,0,-0.07
11/28/2007,0,-0.07
11/29/2007,0,-0.07
11/30/2007,0,-0.08
12/1/2007,0,-0.08
12/2/2007,0,-0.08
12/3/2007,0,-0.08
12/4/2007,0,-0.09
12/5/2007,0,-0.09
12/6/2007,0,-0.09
12/7/2007,0,-0.09
12/8/2007,0,-0.1
12/9/2007,0,-0.1
12/10/2007,0,-0.1
12/11/2007,0,-0.1
12/12/2007,0,-0.1
12/13/2007,0,-0.1
12/14/2007,0,-0.1
12/15/2007,0,-0.1
12/16/2007,0,-0.1
12/17/2007,0,-0.1
12/18/2007,0,-0.1
12/19/2007,0,-0.1
12/20/2007,0,-0.1
12/21/2007,0,-0.1
12/22/2007,0,-0.1
12/23/2007,0,-0.1
12/24/2007,0,-0.1
12/25/2007,0,-0.1
12/26/2007,0,-0.1
12/27/2007,0,-0.1
12/28/2007,0,-0.1
12/29/2007,0,-0.1
12/30/2007,0,-0.1
12/31/2007,0,-0.1
1/1/2008,0,-0.1
1/2/2008,0,-0.11
1/3/2008,0,-0.11
1/4/2008,0,-0.11
1/5/2008,0,-0.11
1/6/2008,0,-0.11
1/7/2008,0,-0.11
1/8/2008,0,-0.11
1/9/2008,0,-0.11
1/10/2008,0,-0.11
1/11/2008,0,-0.11
1/12/2008,0,-0.11
1/13/2008,0,-0.11
1/14/2008,0,-0.11
1/15/2008,0,-0.11
1/16/2008,0,-0.11
1/17/2008,0,-0.11
1/18/2008,0,-0.12
1/19/2008,0,-0.12
1/20/2008,0,-0.12
1/21/2008,0,-0.12
1/22/2008,0,-0.12
1/23/2008,0,-0.12
1/24/2008,0,-0.12
1/25/2008,0,-0.12
1/26/2008,0,-0.12
1/27/2008,0,-0.12
1/28/2008,0,-0.12
1/29/2008,0,-0.12
1/30/2008,0,-0.12
1/31/2008,0,-0.12
2/1/2008,0,-0.12
2/2/2008,0,-0.12
2/3/2008,0,-0.12
2/4/2008,0,-0.13
2/5/2008,0,-0.13
2/6/2008,0,-0.12
2/7/2008,0,-0.12
2/8/2008,0,-0.12
2/9/2008,0,-0.12
2/10/2008,0,-0.12
2/11/2008,0,-0.12
2/12/2008,0,-0.13
2/13/2008,0,-0.13
2/14/2008,0,-0.13
2/15/2008,0,-0.13
2/16/2008,0,-0.13
2/17/2008,0,-0.13
2/18/2008,0,-0.13
2/19/2008,0,-0.13
2/20/2008,0,-0.13
2/21/2008,0,-0.13
2/22/2008,0,-0.13
2/23/2008,0,-0.13
2/24/2008,0,-0.13
2/25/2008,0,-0.13
2/26/2008,0,-0.14
2/27/2008,0,-0.14
2/28/2008,0,-0.14
2/29/2008,0,-0.14
3/1/2008,0,-0.14
3/2/2008,0,-0.14
3/3/2008,0,-0.14
3/4/2008,0,-0.14
3/5/2008,0,-0.14
3/6/2008,0,-0.14
3/7/2008,0,-0.14
3/8/2008,0,-0.14
3/9/2008,0,-0.14
3/10/2008,0,-0.14
3/11/2008,0,-0.14
3/12/2008,0,-0.14
3/13/2008,0,-0.14
3/14/2008,0,-0.14
3/15/2008,65.7,1.1
3/16/2008,74.7,1.34
3/17/2008,80.1,1.4
3/18/2008,71.4,1.3
3/19/2008,55.7,1.12
3/20/2008,55.5,1.11
3/21/2008,45.4,0.96
3/22/2008,49.4,1.04
3/23/2008,55.9,1.12
3/24/2008,57.3,1.14
3/25/2008,59.2,1.16
3/26/2008,57,1.13
3/27/2008,55.4,1.11
3/28/2008,51.1,1.06
3/29/2008,49.9,1.04
3/30/2008,52.6,1.08
3/31/2008,55.8,1.12
4/1/2008,59.3,1.16
4/2/2008,60.3,1.17
4/3/2008,63.4,1.21
4/4/2008,66.4,1.25
4/5/2008,63.8,1.21
4/6/2008,61.8,1.19
4/7/2008,59.1,1.16
4/8/2008,59.5,1.16
4/9/2008,58,1.14
4/10/2008,59.6,1.16
4/11/2008,72.1,1.31
4/12/2008,64.8,1.23
4/13/2008,63.4,1.21
4/14/2008,62,1.19
4/15/2008,58.8,1.15
4/16/2008,50.1,1.04
4/17/2008,50.9,1.05
4/18/2008,51.2,1.06
4/19/2008,51.2,1.06
4/20/2008,50.5,1.05
4/21/2008,56.8,1.13
4/22/2008,49.5,1.04
4/23/2008,49.7,1.04
4/24/2008,50.1,1.04
4/25/2008,49.9,1.04
4/26/2008,49.9,1.04
4/27/2008,49.8,1.04
4/28/2008,49.8,1.04
4/29/2008,49.7,1.04
4/30/2008,66.1,1.24
5/1/2008,71.2,1.3
5/2/2008,64.9,1.23
5/3/2008,63.4,1.21
5/4/2008,62.4,1.2
5/5/2008,62.2,1.2
5/6/2008,62,1.19
5/7/2008,61.6,1.19
5/8/2008,57.5,1.14
5/9/2008,79,1.38
5/10/2008,87.5,1.48
5/11/2008,89.8,1.5
5/12/2008,89.4,1.5
5/13/2008,89,1.5
5/14/2008,89.1,1.5
5/15/2008,91,1.51
5/16/2008,67.8,1.26
5/17/2008,59.5,1.16
5/18/2008,62.9,1.2
5/19/2008,58.3,1.15
5/20/2008,50.8,1.05
5/21/2008,50.7,1.05
5/22/2008,51.6,1.06
5/23/2008,74.5,1.33
5/24/2008,96.9,1.58
5/25/2008,118,1.79
5/26/2008,127,1.87
5/27/2008,128,1.88
5/28/2008,95.7,1.56
5/29/2008,82.6,1.43
5/30/2008,70.1,1.29
5/31/2008,62.4,1.2
6/1/2008,61.8,1.19
6/2/2008,108,1.67
6/3/2008,131,1.9
6/4/2008,130,1.9
6/5/2008,133,1.92
6/6/2008,131,1.9
6/7/2008,130,1.89
6/8/2008,128,1.88
6/9/2008,126,1.86
6/10/2008,74.2,1.31
6/11/2008,110,1.68
6/12/2008,130,1.9
6/13/2008,127,1.87
6/14/2008,127,1.87
6/15/2008,124,1.84
6/16/2008,124,1.84
6/17/2008,126,1.86
6/18/2008,129,1.89
6/19/2008,130,1.89
6/20/2008,128,1.88
6/21/2008,125,1.85
6/22/2008,125,1.85
6/23/2008,124,1.84
6/24/2008,123,1.83
6/25/2008,121,1.81
6/26/2008,122,1.82
6/27/2008,124,1.84
6/28/2008,122,1.82
6/29/2008,128,1.87
6/30/2008,135,1.94
7/1/2008,133,1.92
7/2/2008,131,1.9
7/3/2008,133,1.92
7/4/2008,130,1.9
7/5/2008,124,1.84
7/6/2008,121,1.81
7/7/2008,124,1.84
7/8/2008,121,1.81
7/9/2008,125,1.85
7/10/2008,133,1.92
7/11/2008,131,1.9
7/12/2008,91.9,1.51
7/13/2008,71,1.3
7/14/2008,64.9,1.23
7/15/2008,62.6,1.2
7/16/2008,63.4,1.21
7/17/2008,64.9,1.23
7/18/2008,57.5,1.13
7/19/2008,48.3,1.02
7/20/2008,47.8,1.01
7/21/2008,69.6,1.28
7/22/2008,64,1.21
7/23/2008,58.9,1.16
7/24/2008,58.7,1.15
7/25/2008,58.6,1.15
7/26/2008,59.2,1.16
7/27/2008,64.7,1.22
7/28/2008,79.2,1.39
7/29/2008,74.6,1.34
7/30/2008,72.4,1.31
7/31/2008,72.3,1.31
8/1/2008,72.7,1.32
8/2/2008,72.3,1.31
8/3/2008,72,1.31
8/4/2008,71.8,1.31
8/5/2008,56.6,1.12
8/6/2008,50.1,1.04
8/7/2008,49.7,1.04
8/8/2008,69.8,1.28
8/9/2008,80.2,1.4
8/10/2008,77.1,1.37
8/11/2008,73,1.32
8/12/2008,64.1,1.22
8/13/2008,54.4,1.1
8/14/2008,49,1.03
8/15/2008,50,1.04
8/16/2008,98.5,1.57
8/17/2008,108,1.69
8/18/2008,107,1.68
8/19/2008,106,1.66
8/20/2008,73.9,1.33
8/21/2008,73.4,1.33
8/22/2008,73.5,1.33
8/23/2008,57.6,1.14
8/24/2008,51.3,1.06
8/25/2008,48.4,1.02
8/26/2008,54.4,1.09
8/27/2008,75.4,1.34
8/28/2008,71.7,1.31
8/29/2008,71.8,1.31
8/30/2008,72.2,1.31
8/31/2008,71.5,1.3
9/1/2008,60.3,1.17
9/2/2008,56,1.12
9/3/2008,50.2,1.05
9/4/2008,46.8,1
9/5/2008,50.8,1.05
9/6/2008,49.1,1.03
9/7/2008,47.5,1.01
9/8/2008,49.9,1.04
9/9/2008,51.1,1.06
9/10/2008,49.7,1.04
9/11/2008,68.8,1.27
9/12/2008,76.5,1.36
9/13/2008,76.9,1.36
9/14/2008,62.3,1.19
9/15/2008,55.4,1.11
9/16/2008,50.6,1.05
9/17/2008,60.3,1.17
9/18/2008,58,1.14
9/19/2008,57.2,1.13
9/20/2008,53.7,1.09
9/21/2008,48.5,1.02
9/22/2008,50.5,1.05
9/23/2008,62.7,1.2
9/24/2008,66,1.24
9/25/2008,67.4,1.26
9/26/2008,65.7,1.24
9/27/2008,62.6,1.2
9/28/2008,53.6,1.09
9/29/2008,49,1.03
9/30/2008,49.2,1.03
10/1/2008,49.8,1.04
10/2/2008,56.2,1.12
10/3/2008,59.5,1.16
10/4/2008,57,1.13
10/5/2008,54.3,1.1
10/6/2008,56.4,1.12
10/7/2008,59.1,1.16
10/8/2008,55.1,1.11
10/9/2008,55.3,1.11
10/10/2008,54.2,1.1
10/11/2008,54.5,1.1
10/12/2008,58,1.14
10/13/2008,56.2,1.12
10/14/2008,55.2,1.11
10/15/2008,54.8,1.1
10/16/2008,54.5,1.1
10/17/2008,54.3,1.1
10/18/2008,53.7,1.09
10/19/2008,52.8,1.08
10/20/2008,52.4,1.07
10/21/2008,61.2,1.18
10/22/2008,65.6,1.24
10/23/2008,61.5,1.19
10/24/2008,59.9,1.17
10/25/2008,57.6,1.14
10/26/2008,55.7,1.12
10/27/2008,54.1,1.09
10/28/2008,55.1,1.11
10/29/2008,54.9,1.11
10/30/2008,54.2,1.1
10/31/2008,53,1.08
11/1/2008,52.8,1.08
11/2/2008,53.7,1.09
11/3/2008,52.8,1.08
11/4/2008,53.5,1.09
11/5/2008,55.7,1.12
11/6/2008,56.6,1.13
11/7/2008,55.6,1.12
11/8/2008,55.2,1.11
11/9/2008,55.5,1.11
11/10/2008,57.2,1.13
11/11/2008,56.5,1.13
11/12/2008,55.8,1.12
11/13/2008,56,1.12
11/14/2008,38.4,0.85
11/15/2008,0,0
11/16/2008,0,-0.01
11/17/2008,0,-0.02
11/18/2008,0,-0.02
11/19/2008,0,-0.03
11/20/2008,0,-0.03
11/21/2008,0,-0.04
11/22/2008,0,-0.04
11/23/2008,0,-0.04
11/24/2008,0,-0.05
11/25/2008,0,-0.05
11/26/2008,0,-0.05
11/27/2008,0,-0.06
11/28/2008,0,-0.06
11/29/2008,0,-0.06
11/30/2008,0,-0.06
12/1/2008,0,-0.06
12/2/2008,0,-0.07
12/3/2008,0,-0.07
12/4/2008,0,-0.07
12/5/2008,0,-0.07
12/6/2008,0,-0.07
12/7/2008,0,-0.08
12/8/2008,0,-0.08
12/9/2008,0,-0.08
12/10/2008,0,-0.08
12/11/2008,0,-0.08
12/12/2008,0,-0.08
12/13/2008,0,-0.08
12/14/2008,0,-0.08
12/15/2008,0,-0.08
12/16/2008,0,-0.07
12/17/2008,0,-0.07
12/18/2008,0,-0.09
12/19/2008,0,-0.09
12/20/2008,0,-0.09
12/21/2008,0,-0.09
12/22/2008,0,-0.09
12/23/2008,0,-0.09
12/24/2008,0,-0.09
12/25/2008,0,-0.09
12/26/2008,0,-0.09
12/27/2008,0,-0.09
12/28/2008,0,-0.1
12/29/2008,0,-0.1
12/30/2008,0,-0.1
12/31/2008,0,-0.1
1/1/2009,0,-0.1
1/2/2009,0,-0.1
1/3/2009,0,-0.1
1/4/2009,0,-0.11
1/5/2009,0,-0.11
1/6/2009,0,-0.11
1/7/2009,0,-0.11
1/8/2009,0,-0.11
1/9/2009,0,-0.11
1/10/2009,0,-0.12
1/11/2009,0,-0.12
1/12/2009,0,-0.12
1/13/2009,0,-0.12
1/14/2009,0,-0.12
1/15/2009,0,-0.12
1/16/2009,0,-0.12
1/17/2009,0,-0.12
1/18/2009,0,-0.12
1/19/2009,0,-0.12
1/20/2009,0,-0.12
1/21/2009,0,-0.13
1/22/2009,0,-0.13
1/23/2009,0,-0.13
1/24/2009,0,-0.13
1/25/2009,0,-0.13
1/26/2009,0,-0.13
1/27/2009,0,-0.13
1/28/2009,0,-0.13
1/29/2009,0,-0.13
1/30/2009,0,-0.14
1/31/2009,0,-0.14
2/1/2009,0,-0.14
2/2/2009,0,-0.14
2/3/2009,0,-0.14
2/4/2009,0,-0.14
2/5/2009,0,-0.14
2/6/2009,0,-0.14
2/7/2009,0,-0.14
2/8/2009,0,-0.14
2/9/2009,0,-0.14
2/10/2009,0,-0.14
2/11/2009,0,-0.14
2/12/2009,0,-0.14
2/13/2009,0,-0.14
2/14/2009,0,-0.14
2/15/2009,0,-0.14
2/16/2009,0,-0.14
2/17/2009,0,-0.14
2/18/2009,0,-0.14
2/19/2009,0,-0.14
2/20/2009,0,-0.14
2/21/2009,0,-0.15
2/22/2009,0,-0.15
2/23/2009,0,-0.15
2/24/2009,0,-0.15
2/25/2009,0,-0.15
2/26/2009,0,-0.15
2/27/2009,0,-0.15
2/28/2009,0,-0.15
3/1/2009,0,-0.15
3/2/2009,0,-0.15
3/3/2009,0,-0.15
3/4/2009,0,-0.15
3/5/2009,0,-0.15
3/6/2009,0,-0.15
3/7/2009,0,-0.15
3/8/2009,0,-0.15
3/9/2009,0,-0.14
3/10/2009,0,-0.14
3/11/2009,1.98,-0.12
3/12/2009,2.1,0.14
3/13/2009,1.37,0.11
3/14/2009,1.37,0.11
3/15/2009,53.7,0.96
3/16/2009,47.9,1.01
3/17/2009,59.2,1.15
3/18/2009,75.5,1.35
3/19/2009,77.7,1.37
3/20/2009,69.3,1.28
3/21/2009,63,1.2
3/22/2009,56.5,1.13
3/23/2009,52.3,1.07
3/24/2009,57,1.13
3/25/2009,54.7,1.1
3/26/2009,49.5,1.04
3/27/2009,46.1,0.97
3/28/2009,46.2,0.92
3/29/2009,14.9,0.49
3/30/2009,14.9,0.49
3/31/2009,41.7,0.88
4/1/2009,78.4,1.38
4/2/2009,70.6,1.29
4/3/2009,66.1,1.24
4/4/2009,62.9,1.2
4/5/2009,61.2,1.18
4/6/2009,59.8,1.17
4/7/2009,61.9,1.19
4/8/2009,58.1,1.14
4/9/2009,56.5,1.13
4/10/2009,55.5,1.11
4/11/2009,53.9,1.09
4/12/2009,59,1.16
4/13/2009,67.6,1.26
4/14/2009,66.2,1.24
4/15/2009,59.8,1.17
4/16/2009,56.6,1.13
4/17/2009,66.8,1.25
4/18/2009,69.3,1.28
4/19/2009,67.8,1.26
4/20/2009,64.2,1.22
4/21/2009,60.5,1.18
4/22/2009,62,1.19
4/23/2009,55.7,1.12
4/24/2009,52.1,1.07
4/25/2009,56.7,1.13
4/26/2009,59.2,1.15
4/27/2009,48.2,1.02
4/28/2009,48.4,1.02
4/29/2009,76.5,1.35
4/30/2009,90.5,1.51
5/1/2009,82.2,1.42
5/2/2009,76.6,1.36
5/3/2009,75.9,1.35
5/4/2009,68,1.26
5/5/2009,60.1,1.17
5/6/2009,63,1.21
5/7/2009,63.7,1.21
5/8/2009,57.5,1.14
5/9/2009,57.5,1.14
5/10/2009,52.9,1.08
5/11/2009,76.7,1.36
5/12/2009,85.3,1.46
5/13/2009,86.1,1.46
5/14/2009,81.4,1.41
5/15/2009,80.6,1.41
5/16/2009,112,1.72
5/17/2009,131,1.9
5/18/2009,125,1.85
5/19/2009,83.2,1.42
5/20/2009,59.1,1.16
5/21/2009,55.9,1.12
5/22/2009,102,1.6
5/23/2009,125,1.85
5/24/2009,123,1.83
5/25/2009,126,1.86
5/26/2009,123,1.83
5/27/2009,119,1.79
5/28/2009,116,1.76
5/29/2009,107,1.68
5/30/2009,107,1.68
5/31/2009,109,1.7
6/1/2009,112,1.73
6/2/2009,108,1.69
6/3/2009,98.6,1.59
6/4/2009,97,1.58
6/5/2009,97.7,1.59
6/6/2009,96.3,1.57
6/7/2009,93.1,1.54
6/8/2009,91.6,1.52
6/9/2009,89,1.5
6/10/2009,88.5,1.49
6/11/2009,88,1.48
6/12/2009,87,1.47
6/13/2009,59.9,1.16
6/14/2009,49.2,1.03
6/15/2009,50.3,1.05
6/16/2009,50.1,1.04
6/17/2009,50.7,1.05
6/18/2009,49.9,1.04
6/19/2009,49.2,1.03
6/20/2009,49.7,1.04
6/21/2009,49.7,1.04
6/22/2009,50,1.04
6/23/2009,86,1.45
6/24/2009,103,1.64
6/25/2009,102,1.63
6/26/2009,117,1.77
6/27/2009,122,1.82
6/28/2009,122,1.82
6/29/2009,125,1.85
6/30/2009,126,1.86
7/1/2009,123,1.83
7/2/2009,124,1.84
7/3/2009,126,1.86
7/4/2009,124,1.84
7/5/2009,128,1.87
7/6/2009,128,1.88
7/7/2009,129,1.88
7/8/2009,116,1.77
7/9/2009,106,1.65
7/10/2009,68.2,1.27
7/11/2009,67,1.25
7/12/2009,62.1,1.19
7/13/2009,66.8,1.25
7/14/2009,65.2,1.23
7/15/2009,62.6,1.2
7/16/2009,75.1,1.34
7/17/2009,76.5,1.36
7/18/2009,75.3,1.35
7/19/2009,74.7,1.34
7/20/2009,74.2,1.33
7/21/2009,73.7,1.33
7/22/2009,84.5,1.45
7/23/2009,91.8,1.52
7/24/2009,93.5,1.54
7/25/2009,76.5,1.36
7/26/2009,70.4,1.29
7/27/2009,86.2,1.46
7/28/2009,84,1.44
7/29/2009,73.6,1.33
7/30/2009,85.9,1.45
7/31/2009,118,1.78
8/1/2009,108,1.68
8/2/2009,64.7,1.21
8/3/2009,54.8,1.1
8/4/2009,65.7,1.24
8/5/2009,64.7,1.22
8/6/2009,55.2,1.11
8/7/2009,54.7,1.1
8/8/2009,66.4,1.25
8/9/2009,66.8,1.25
8/10/2009,66.1,1.24
8/11/2009,57.3,1.13
8/12/2009,51.5,1.06
8/13/2009,72.3,1.31
8/14/2009,82.4,1.42
8/15/2009,83.6,1.44
8/16/2009,61.2,1.18
8/17/2009,49.2,1.03
8/18/2009,48.4,1.02
8/19/2009,50.1,1.04
8/20/2009,51.9,1.07
8/21/2009,50.9,1.05
8/22/2009,50.9,1.05
8/23/2009,50.6,1.05
8/24/2009,50.2,1.05
8/25/2009,49.3,1.03
8/26/2009,49,1.03
8/27/2009,49.8,1.04
8/28/2009,48.3,1.02
8/29/2009,50.1,1.04
8/30/2009,50.2,1.05
8/31/2009,48.8,1.03
9/1/2009,48.9,1.03
9/2/2009,52.3,1.07
9/3/2009,51.3,1.06
9/4/2009,50.4,1.05
9/5/2009,51,1.06
9/6/2009,51.5,1.06
9/7/2009,50.3,1.05
9/8/2009,49.1,1.03
9/9/2009,48,1.02
9/10/2009,44.7,0.97
9/11/2009,48.1,1.02
9/12/2009,46.2,0.99
9/13/2009,48.9,1.03
9/14/2009,50.2,1.05
9/15/2009,47.9,1.01
9/16/2009,51.4,1.06
9/17/2009,50.8,1.05
9/18/2009,50.9,1.05
9/19/2009,51.2,1.06
9/20/2009,51,1.06
9/21/2009,49,1.03
9/22/2009,49.1,1.03
9/23/2009,49.3,1.03
9/24/2009,48.5,1.02
9/25/2009,48.2,1.02
9/26/2009,48.3,1.02
9/27/2009,48.3,1.02
9/28/2009,48.2,1.02
9/29/2009,48.1,1.02
9/30/2009,48.3,1.02
10/1/2009,48.7,1.03
10/2/2009,47.7,1.01
10/3/2009,46.2,0.99
10/4/2009,47.3,1.01
10/5/2009,48.2,1.02
10/6/2009,47,1
10/7/2009,47.2,1.01
10/8/2009,47.9,1.01
10/9/2009,49.9,1.04
10/10/2009,50.8,1.05
10/11/2009,48.5,1.02
10/12/2009,48.6,1.02
10/13/2009,48.5,1.02
10/14/2009,49.2,1.03
10/15/2009,49.7,1.04
10/16/2009,49.9,1.04
10/17/2009,49.8,1.04
10/18/2009,49.8,1.04
10/19/2009,49.6,1.04
10/20/2009,49.2,1.03
10/21/2009,49.7,1.04
10/22/2009,50.5,1.05
10/23/2009,50.6,1.05
10/24/2009,50.5,1.05
10/25/2009,50.5,1.05
10/26/2009,50.4,1.05
10/27/2009,50.2,1.05
10/28/2009,49.1,1.03
10/29/2009,48.2,1.02
10/30/2009,47.3,1.01
10/31/2009,46.5,1
11/1/2009,46,0.99
11/2/2009,45.5,0.98
11/3/2009,45.5,0.98
11/4/2009,45.9,0.99
11/5/2009,45.4,0.98
11/6/2009,44.9,0.98
11/7/2009,44.6,0.97
11/8/2009,44.6,0.97
11/9/2009,46.8,1
11/10/2009,46.8,1
11/11/2009,47.1,1
11/12/2009,46.8,1
11/13/2009,46.4,1
11/14/2009,38.3,0.86
11/15/2009,2.7,0.09
11/16/2009,0.295,0.03
11/17/2009,0.003,0
11/18/2009,0,0
11/19/2009,0,0
11/20/2009,0,0
11/21/2009,0,0
11/22/2009,0,-0.01
11/23/2009,0,-0.01
11/24/2009,0,-0.01
11/25/2009,0,-0.01
11/26/2009,0,-0.02
11/27/2009,0,-0.02
11/28/2009,0,-0.02
11/29/2009,0,-0.02
11/30/2009,0,-0.03
12/1/2009,0,-0.03
12/2/2009,0,-0.03
12/3/2009,0,-0.03
12/4/2009,0,-0.03
12/5/2009,0,-0.04
12/6/2009,0,-0.04
12/7/2009,0,-0.03
12/8/2009,0,-0.02
12/9/2009,0,-0.02
12/10/2009,0,-0.01
12/11/2009,0,-0.01
12/12/2009,0,-0.01
12/13/2009,0,-0.04
12/14/2009,0,-0.09
12/15/2009,0,-0.11
12/16/2009,0,-0.11
12/17/2009,0,-0.11
12/18/2009,0,-0.11
12/19/2009,0,-0.11
12/20/2009,0,-0.11
12/21/2009,0,-0.11
12/22/2009,0,-0.11
12/23/2009,0,-0.11
12/24/2009,0,-0.11
12/25/2009,0,-0.11
12/26/2009,0,-0.11
12/27/2009,0,-0.11
12/28/2009,0,-0.11
12/29/2009,0,-0.12
12/30/2009,0,-0.12
12/31/2009,0,-0.12
1/1/2010,0,-0.12
1/2/2010,0,-0.12
1/3/2010,0,-0.12
1/4/2010,0,-0.12
1/5/2010,0,-0.12
1/6/2010,0,-0.12
1/7/2010,0,-0.12
1/8/2010,0,-0.11
1/9/2010,0,-0.12
1/10/2010,0,-0.12
1/11/2010,0,-0.12
1/12/2010,0,-0.12
1/13/2010,0,-0.12
1/14/2010,0,-0.12
1/15/2010,0,-0.12
1/16/2010,0,-0.12
1/17/2010,0,-0.12
1/18/2010,0,-0.13
1/19/2010,0,-0.13
1/20/2010,0,-0.13
1/21/2010,0,-0.13
1/22/2010,0,-0.13
1/23/2010,0,-0.13
1/24/2010,0,-0.13
1/25/2010,0,-0.13
1/26/2010,0,-0.13
1/27/2010,0,-0.13
1/28/2010,0,-0.13
1/29/2010,0,-0.13
1/30/2010,0,-0.13
1/31/2010,0,-0.13
2/1/2010,0,-0.13
2/2/2010,0,-0.13
2/3/2010,0,-0.13
2/4/2010,0,-0.13
2/5/2010,0,-0.13
2/6/2010,0,-0.13
2/7/2010,0,-0.13
2/8/2010,0,-0.13
2/9/2010,0,-0.13
2/10/2010,0,-0.13
2/11/2010,0,-0.13
2/12/2010,0,-0.13
2/13/2010,0,-0.13
2/14/2010,0,-0.13
2/15/2010,0,-0.13
2/16/2010,0,-0.13
2/17/2010,0,-0.13
2/18/2010,0,-0.13
2/19/2010,0,-0.13
2/20/2010,0,-0.13
2/21/2010,0,-0.13
2/22/2010,0,-0.13
2/23/2010,0,-0.13
2/24/2010,0,-0.13
2/25/2010,0,-0.13
2/26/2010,0,-0.13
2/27/2010,0,-0.13
2/28/2010,0,-0.13
3/1/2010,0,-0.13
3/2/2010,0,-0.13
3/3/2010,0,-0.13
3/4/2010,0,-0.13
3/5/2010,0,-0.13
3/6/2010,0,-0.13
3/7/2010,0,-0.13
3/8/2010,0,-0.13
3/9/2010,0,-0.13
3/10/2010,0,-0.13
3/11/2010,0,-0.13
3/12/2010,0,-0.13
3/13/2010,0,-0.13
3/14/2010,0,-0.13
3/15/2010,42.4,0.79
3/16/2010,62.7,1.2
3/17/2010,62.2,1.19
3/18/2010,63.8,1.21
3/19/2010,62.2,1.19
3/20/2010,61.7,1.19
3/21/2010,61.8,1.19
3/22/2010,64,1.22
3/23/2010,63.6,1.21
3/24/2010,61.8,1.19
3/25/2010,68.5,1.27
3/26/2010,67.9,1.26
3/27/2010,52.6,1.07
3/28/2010,41.3,0.93
3/29/2010,41.6,0.93
3/30/2010,41.6,0.93
3/31/2010,41,0.92
4/1/2010,39.7,0.9
4/2/2010,38.2,0.88
4/3/2010,39.1,0.89
4/4/2010,40.9,0.92
4/5/2010,40.4,0.91
4/6/2010,43,0.95
4/7/2010,47.5,1.01
4/8/2010,46,0.99
4/9/2010,44.7,0.97
4/10/2010,42.7,0.95
4/11/2010,52,1.07
4/12/2010,55.8,1.12
4/13/2010,55.9,1.12
4/14/2010,64.5,1.22
4/15/2010,68.2,1.27
4/16/2010,66.4,1.25
4/17/2010,71.8,1.31
4/18/2010,68.3,1.27
4/19/2010,79.2,1.39
4/20/2010,81.2,1.41
4/21/2010,82.7,1.43
4/22/2010,82,1.42
4/23/2010,81,1.41
4/24/2010,80.1,1.4
4/25/2010,80.8,1.41
4/26/2010,82.1,1.42
4/27/2010,89.4,1.5
4/28/2010,82.3,1.42
4/29/2010,74.7,1.34
4/30/2010,57.2,1.13
5/1/2010,46.8,1
5/2/2010,48,1.02
5/3/2010,51.1,1.06
5/4/2010,50.3,1.05
5/5/2010,49.1,1.03
5/6/2010,60.1,1.17
5/7/2010,71.6,1.31
5/8/2010,69,1.28
5/9/2010,68.5,1.27
5/10/2010,69.4,1.28
5/11/2010,71.3,1.3
5/12/2010,77.7,1.37
5/13/2010,79,1.39
5/14/2010,70.2,1.29
5/15/2010,58.9,1.15
5/16/2010,55.3,1.11
5/17/2010,68.9,1.27
5/18/2010,56.5,1.13
5/19/2010,49.8,1.04
5/20/2010,49.8,1.04
5/21/2010,49.2,1.03
5/22/2010,50.1,1.04
5/23/2010,49.9,1.04
5/24/2010,50.3,1.05
5/25/2010,50.5,1.05
5/26/2010,50.5,1.05
5/27/2010,52.3,1.07
5/28/2010,68.1,1.26
5/29/2010,73.8,1.33
5/30/2010,71.7,1.31
5/31/2010,72.3,1.31
6/1/2010,68.1,1.26
6/2/2010,75.4,1.35
6/3/2010,75,1.34
6/4/2010,91.4,1.52
6/5/2010,101,1.62
6/6/2010,100,1.61
6/7/2010,108,1.69
6/8/2010,109,1.7
6/9/2010,110,1.71
6/10/2010,105,1.66
6/11/2010,107,1.68
6/12/2010,105,1.66
6/13/2010,103,1.64
6/14/2010,101,1.62
6/15/2010,98.3,1.59
6/16/2010,91.8,1.52
6/17/2010,88.3,1.49
6/18/2010,85,1.45
6/19/2010,85.7,1.46
6/20/2010,82.8,1.43
6/21/2010,67.2,1.25
6/22/2010,59.8,1.17
6/23/2010,62.8,1.2
6/24/2010,83.9,1.44
6/25/2010,89,1.5
6/26/2010,85.1,1.45
6/27/2010,67.7,1.26
6/28/2010,62.4,1.2
6/29/2010,64.3,1.22
6/30/2010,91.4,1.51
7/1/2010,109,1.7
7/2/2010,103,1.64
7/3/2010,73,1.31
7/4/2010,61.3,1.18
7/5/2010,61.6,1.19
7/6/2010,82.7,1.42
7/7/2010,92.4,1.53
7/8/2010,85.7,1.46
7/9/2010,69.1,1.27
7/10/2010,56.6,1.13
7/11/2010,56.2,1.12
7/12/2010,79.7,1.39
7/13/2010,87.4,1.48
7/14/2010,89,1.5
7/15/2010,68.6,1.27
7/16/2010,63.9,1.22
7/17/2010,62.4,1.2
7/18/2010,89.2,1.49
7/19/2010,91,1.52
7/20/2010,83,1.43
7/21/2010,74.4,1.34
7/22/2010,64.3,1.22
7/23/2010,61.1,1.18
7/24/2010,71.2,1.3
7/25/2010,70.1,1.29
7/26/2010,58.3,1.15
7/27/2010,57.6,1.14
7/28/2010,51.5,1.06
7/29/2010,49.5,1.04
7/30/2010,66.1,1.24
7/31/2010,74.5,1.34
8/1/2010,69.1,1.28
8/2/2010,68.8,1.27
8/3/2010,69.8,1.28
8/4/2010,62.2,1.2
8/5/2010,96.6,1.56
8/6/2010,111,1.72
8/7/2010,103,1.64
8/8/2010,101,1.62
8/9/2010,104,1.65
8/10/2010,68.5,1.25
8/11/2010,51.8,1.07
8/12/2010,52.9,1.08
8/13/2010,51.8,1.07
8/14/2010,47,1
8/15/2010,46.8,1
8/16/2010,72.5,1.31
8/17/2010,61.8,1.19
8/18/2010,59.5,1.16
8/19/2010,64.9,1.23
8/20/2010,58.2,1.15
8/21/2010,45.5,0.98
8/22/2010,59.5,1.16
8/23/2010,71.2,1.3
8/24/2010,71.1,1.3
8/25/2010,62.5,1.19
8/26/2010,47,1
8/27/2010,48,1.02
8/28/2010,48.1,1.02
8/29/2010,46.3,0.99
8/30/2010,44.5,0.97
8/31/2010,46.8,1
9/1/2010,48.2,1.02
9/2/2010,49.1,1.03
9/3/2010,49.8,1.04
9/4/2010,48.8,1.03
9/5/2010,48.1,1.02
9/6/2010,48.4,1.02
9/7/2010,48.6,1.02
9/8/2010,47.9,1.01
9/9/2010,48.8,1.03
9/10/2010,47.8,1.01
9/11/2010,45.6,0.98
9/12/2010,43.3,0.95
9/13/2010,34.5,0.83
9/14/2010,32.5,0.8
9/15/2010,31,0.77
9/16/2010,29,0.74
9/17/2010,27.8,0.72
9/18/2010,39.8,0.9
9/19/2010,41.8,0.93
9/20/2010,24.7,0.66
9/21/2010,17,0.53
9/22/2010,17.7,0.54
9/23/2010,18.4,0.56
9/24/2010,10.9,0.38
9/25/2010,5.76,0.27
9/26/2010,20.5,0.57
9/27/2010,28.3,0.73
9/28/2010,28.3,0.73
9/29/2010,27.8,0.72
9/30/2010,43,0.94
10/1/2010,49,1.03
10/2/2010,48.4,1.02
10/3/2010,48.9,1.03
10/4/2010,48.2,1.02
10/5/2010,45,0.98
10/6/2010,46.8,1
10/7/2010,49.9,1.04
10/8/2010,43.9,0.96
10/9/2010,41.9,0.93
10/10/2010,43.1,0.95
10/11/2010,42.7,0.95
10/12/2010,41.1,0.92
10/13/2010,44.6,0.97
10/14/2010,50.6,1.05
10/15/2010,50.6,1.05
10/16/2010,50.5,1.05
10/17/2010,49.7,1.04
10/18/2010,50.3,1.05
10/19/2010,50.5,1.05
10/20/2010,50.3,1.05
10/21/2010,49.3,1.03
10/22/2010,49,1.03
10/23/2010,50.4,1.05
10/24/2010,49.7,1.04
10/25/2010,48.6,1.03
10/26/2010,47.7,1.01
10/27/2010,53.5,1.09
10/28/2010,50.5,1.05
10/29/2010,50.2,1.05
10/30/2010,51.3,1.06
10/31/2010,53.3,1.09
11/1/2010,50.6,1.05
11/2/2010,48.1,1.02
11/3/2010,48.2,1.02
11/4/2010,50.5,1.05
11/5/2010,51.3,1.06
11/6/2010,51.3,1.06
11/7/2010,50.7,1.05
11/8/2010,49.8,1.04
11/9/2010,49.1,1.03
11/10/2010,48.2,1.02
11/11/2010,47.6,1.01
11/12/2010,47.9,1.02
11/13/2010,47,1
11/14/2010,31,0.69
11/15/2010,1.17,0.1
11/16/2010,1.13,0.1
11/17/2010,0.988,0.09
11/18/2010,0.24,0.02
11/19/2010,0,0
11/20/2010,0,0
11/21/2010,0,0
11/22/2010,0,-0.01
11/23/2010,0,-0.01
11/24/2010,0,-0.02
11/25/2010,0,-0.02
11/26/2010,0,-0.03
11/27/2010,0,-0.03
11/28/2010,0,-0.03
11/29/2010,0,-0.03
11/30/2010,0,-0.03
12/1/2010,0,-0.03
12/2/2010,0,-0.03
12/3/2010,0,-0.03
12/4/2010,0,-0.03
12/5/2010,0,-0.03
12/6/2010,0,-0.04
12/7/2010,0,-0.04
12/8/2010,0,-0.04
12/9/2010,0,-0.04
12/10/2010,0,-0.04
12/11/2010,0,-0.04
12/12/2010,0,-0.04
12/13/2010,0,-0.05
12/14/2010,0,-0.05
12/15/2010,0,-0.05
12/16/2010,0,-0.05
12/17/2010,0,-0.05
12/18/2010,0,-0.05
12/19/2010,0,-0.05
12/20/2010,0,-0.05
12/21/2010,0,-0.05
12/22/2010,0,-0.05
12/23/2010,0,-0.05
12/24/2010,0,-0.05
12/25/2010,0,-0.05
12/26/2010,0,-0.05
12/27/2010,0,-0.05
12/28/2010,0,-0.05
12/29/2010,0,-0.05
12/30/2010,0,-0.05
12/31/2010,0,-0.04
1/1/2011,0,-0.03
1/2/2011,0,0
1/3/2011,0,0
1/4/2011,0,0
1/5/2011,0,-0.01
1/6/2011,0,-0.03
1/7/2011,0,-0.05
1/8/2011,0,-0.05
1/9/2011,0,-0.05
1/10/2011,0,-0.04
1/11/2011,0,0
1/12/2011,0.021,0.01
1/13/2011,0.063,0.02
1/14/2011,0.002,-0.01
1/15/2011,0,-0.05
1/16/2011,0,-0.05
1/17/2011,0,-0.05
1/18/2011,0,-0.05
1/19/2011,0,-0.05
1/20/2011,0,-0.04
1/21/2011,0,-0.05
1/22/2011,0,-0.05
1/23/2011,0,-0.05
1/24/2011,0,-0.05
1/25/2011,0,-0.05
1/26/2011,0,-0.05
1/27/2011,0,-0.05
1/28/2011,0,-0.05
1/29/2011,0,-0.05
1/30/2011,0,-0.05
1/31/2011,0,-0.05
2/1/2011,0,-0.02
2/2/2011,0.001,0
2/3/2011,0.065,0.02
2/4/2011,0.052,0.01
2/5/2011,0,-0.02
2/6/2011,0,-0.05
2/7/2011,0,-0.04
2/8/2011,0,-0.04
2/9/2011,0,-0.02
2/10/2011,0.01,0
2/11/2011,0.025,0.01
2/12/2011,0,-0.01
2/13/2011,0,-0.04
2/14/2011,0,-0.05
2/15/2011,0,-0.05
2/16/2011,0,-0.05
2/17/2011,0,-0.05
2/18/2011,0,-0.05
2/19/2011,0,-0.06
2/20/2011,0,-0.06
2/21/2011,0,-0.06
2/22/2011,0,-0.06
2/23/2011,0,-0.06
2/24/2011,0,-0.06
2/25/2011,0,-0.06
2/26/2011,0,-0.06
2/27/2011,0,-0.07
2/28/2011,0,-0.07
3/1/2011,0,-0.07
3/2/2011,0,-0.07
3/3/2011,0,-0.07
3/4/2011,0,-0.06
3/5/2011,0,-0.06
3/6/2011,0,-0.07
3/7/2011,0,-0.07
3/8/2011,0,-0.07
3/9/2011,0,-0.06
3/10/2011,0,-0.06
3/11/2011,0,-0.06
3/12/2011,0,-0.06
3/13/2011,0,-0.06
3/14/2011,0,-0.06
3/15/2011,0,-0.06
3/16/2011,0,-0.06
3/17/2011,0,-0.06
3/18/2011,0,-0.06
3/19/2011,21.8,0.45
3/20/2011,42.3,0.94
3/21/2011,38.2,0.88
3/22/2011,36.4,0.86
3/23/2011,34.7,0.83
3/24/2011,55.9,1.12
3/25/2011,46.9,1
3/26/2011,45.8,0.99
3/27/2011,45,0.98
3/28/2011,40.4,0.91
3/29/2011,54,1.09
3/30/2011,56.3,1.12
3/31/2011,47.1,1
4/1/2011,46.9,1
4/2/2011,41,0.92
4/3/2011,35.7,0.84
4/4/2011,35.7,0.84
4/5/2011,41.6,0.93
4/6/2011,68.7,1.27
4/7/2011,76,1.35
4/8/2011,88.1,1.48
4/9/2011,78.5,1.38
4/10/2011,65.6,1.23
4/11/2011,51.6,1.06
4/12/2011,45.4,0.98
4/13/2011,43.2,0.95
4/14/2011,36.4,0.85
4/15/2011,42.6,0.94
4/16/2011,50,1.04
4/17/2011,53.6,1.09
4/18/2011,62.6,1.2
4/19/2011,75,1.34
4/20/2011,70.8,1.3
4/21/2011,55.9,1.12
4/22/2011,73.4,1.33
4/23/2011,59.6,1.16
4/24/2011,58.2,1.15
4/25/2011,77,1.36
4/26/2011,75.7,1.35
4/27/2011,57.5,1.14
4/28/2011,55.4,1.11
4/29/2011,49.6,1.04
4/30/2011,47.3,1.01
5/1/2011,45.4,0.98
5/2/2011,38.2,0.88
5/3/2011,47.3,1.01
5/4/2011,42.6,0.94
5/5/2011,47.1,1
5/6/2011,51.7,1.06
5/7/2011,48.6,1.03
5/8/2011,50.6,1.05
5/9/2011,50.6,1.05
5/10/2011,71.4,1.3
5/11/2011,60.7,1.18
5/12/2011,50.1,1.04
5/13/2011,45.3,0.98
5/14/2011,42.3,0.94
5/15/2011,46.5,1
5/16/2011,51.1,1.06
5/17/2011,49.6,1.04
5/18/2011,46.4,0.99
5/19/2011,50.2,1.04
5/20/2011,51.2,1.06
5/21/2011,51.2,1.06
5/22/2011,49.8,1.04
5/23/2011,48.3,1.02
5/24/2011,49.6,1.04
5/25/2011,49.8,1.04
5/26/2011,51.6,1.06
5/27/2011,49.2,1.03
5/28/2011,49.2,1.03
5/29/2011,50.5,1.05
5/30/2011,47.8,1.01
5/31/2011,41.9,0.93
6/1/2011,48.3,1.02
6/2/2011,47.2,1.01
6/3/2011,49.6,1.04
6/4/2011,51.1,1.06
6/5/2011,50.4,1.05
6/6/2011,48.4,1.02
6/7/2011,55.9,1.11
6/8/2011,119,1.78
6/9/2011,129,1.88
6/10/2011,129,1.89
6/11/2011,130,1.89
6/12/2011,131,1.9
6/13/2011,130,1.89
6/14/2011,129,1.89
6/15/2011,128,1.88
6/16/2011,129,1.89
6/17/2011,128,1.88
6/18/2011,128,1.88
6/19/2011,127,1.87
6/20/2011,115,1.76
6/21/2011,107,1.68
6/22/2011,101,1.62
6/23/2011,103,1.64
6/24/2011,104,1.65
6/25/2011,104,1.65
6/26/2011,105,1.66
6/27/2011,104,1.65
6/28/2011,108,1.69
6/29/2011,116,1.76
6/30/2011,121,1.81
7/1/2011,124,1.84
7/2/2011,124,1.84
7/3/2011,127,1.87
7/4/2011,126,1.86
7/5/2011,125,1.85
7/6/2011,115,1.76
7/7/2011,113,1.74
7/8/2011,113,1.74
7/9/2011,109,1.7
7/10/2011,109,1.7
7/11/2011,110,1.71
7/12/2011,109,1.7
7/13/2011,109,1.7
7/14/2011,108,1.69
7/15/2011,109,1.7
7/16/2011,72.5,1.3
7/17/2011,51,1.06
7/18/2011,50.6,1.05
7/19/2011,50.8,1.05
7/20/2011,50.6,1.05
7/21/2011,51.1,1.06
7/22/2011,50,1.04
7/23/2011,49.3,1.03
7/24/2011,48.8,1.03
7/25/2011,49,1.03
7/26/2011,48.9,1.03
7/27/2011,49.1,1.03
7/28/2011,49.8,1.04
7/29/2011,49.3,1.03
7/30/2011,48.1,1.02
7/31/2011,48.2,1.02
8/1/2011,49,1.03
8/2/2011,48.8,1.03
8/3/2011,49,1.03
8/4/2011,84.4,1.41
8/5/2011,128,1.88
8/6/2011,75.4,1.32
8/7/2011,50.4,1.05
8/8/2011,49.6,1.04
8/9/2011,48.8,1.03
8/10/2011,48.3,1.02
8/11/2011,48,1.02
8/12/2011,49.8,1.04
8/13/2011,49.3,1.03
8/14/2011,49,1.03
8/15/2011,49.1,1.03
8/16/2011,51.6,1.06
8/17/2011,50.3,1.05
8/18/2011,49.6,1.04
8/19/2011,52.8,1.08
8/20/2011,49.2,1.03
8/21/2011,48.8,1.03
8/22/2011,46.7,1
8/23/2011,48,1.02
8/24/2011,48.9,1.03
8/25/2011,49.6,1.04
8/26/2011,47.3,1.01
8/27/2011,46.9,1
8/28/2011,50.8,1.05
8/29/2011,49.1,1.03
8/30/2011,47,1
8/31/2011,45.8,0.99
9/1/2011,48.6,1.02
9/2/2011,47.3,1.01
9/3/2011,49.3,1.03
9/4/2011,48.6,1.02
9/5/2011,47.6,1.01
9/6/2011,49.7,1.04
9/7/2011,47.8,1.01
9/8/2011,48.9,1.03
9/9/2011,49.5,1.04
9/10/2011,48.3,1.02
9/11/2011,50.1,1.04
9/12/2011,49.7,1.04
9/13/2011,47.7,1.01
9/14/2011,49.8,1.04
9/15/2011,50.7,1.05
9/16/2011,50.9,1.06
9/17/2011,94.1,1.51
9/18/2011,46.5,1
9/19/2011,49.8,1.04
9/20/2011,49.4,1.03
9/21/2011,48.7,1.03
9/22/2011,50.4,1.05
9/23/2011,50.3,1.05
9/24/2011,49.3,1.03
9/25/2011,49.3,1.03
9/26/2011,49.8,1.04
9/27/2011,49.8,1.04
9/28/2011,49.8,1.04
9/29/2011,49.6,1.04
9/30/2011,41,0.92
10/1/2011,36,0.85
10/2/2011,35.8,0.85
10/3/2011,35.4,0.84
10/4/2011,35,0.83
10/5/2011,35.2,0.84
10/6/2011,36.9,0.86
10/7/2011,37,0.86
10/8/2011,35.9,0.85
10/9/2011,35.2,0.84
10/10/2011,33.6,0.81
10/11/2011,44.2,0.96
10/12/2011,50.4,1.05
10/13/2011,50.2,1.05
10/14/2011,49.4,1.04
10/15/2011,48.8,1.03
10/16/2011,49.1,1.03
10/17/2011,48.8,1.03
10/18/2011,47.2,1.01
10/19/2011,51.1,1.06
10/20/2011,50.2,1.04
10/21/2011,48.1,1.02
10/22/2011,47.4,1.01
10/23/2011,47.9,1.01
10/24/2011,50.4,1.05
10/25/2011,50.2,1.05
10/26/2011,49.9,1.04
10/27/2011,49.4,1.04
10/28/2011,50.7,1.05
10/29/2011,50.6,1.05
10/30/2011,51.2,1.06
10/31/2011,47.7,1.01
11/1/2011,59.2,1.16
11/2/2011,62.2,1.19
11/3/2011,61.5,1.19
11/4/2011,62.6,1.2
11/5/2011,64.7,1.22
11/6/2011,64.3,1.22
11/7/2011,64.7,1.22
11/8/2011,50.7,1.05
11/9/2011,49.6,1.04
11/10/2011,48.8,1.03
11/11/2011,47.7,1.01
11/12/2011,48.9,1.03
11/13/2011,45.4,0.98
11/14/2011,36.9,0.86
11/15/2011,32.3,0.79
11/16/2011,15.7,0.39
11/17/2011,0,0
11/18/2011,0,0
11/19/2011,0,0
11/20/2011,0,0
11/21/2011,0,0
11/22/2011,0,0
11/23/2011,0,0
11/24/2011,0,-0.01
11/25/2011,0,-0.01
11/26/2011,0,-0.01
11/27/2011,0,-0.01
11/28/2011,0,-0.01
11/29/2011,0,-0.01
11/30/2011,0,-0.01
12/1/2011,0,-0.01
12/2/2011,0,-0.02
12/3/2011,0,-0.02
12/4/2011,0,-0.02
12/5/2011,0,-0.02
12/6/2011,0,0
12/7/2011,0,0
12/8/2011,0,-0.01
12/9/2011,0,-0.03
12/10/2011,0,-0.02
12/11/2011,0,-0.03
12/12/2011,0,-0.03
12/13/2011,0,-0.03
12/14/2011,0,-0.03
12/15/2011,0,-0.03
12/16/2011,0,-0.03
12/17/2011,0,-0.03
12/18/2011,0,-0.03
12/19/2011,0,-0.03
12/20/2011,0,-0.03
12/21/2011,0,-0.03
12/22/2011,0,-0.03
12/23/2011,0,-0.02
12/24/2011,0,-0.02
12/25/2011,0,-0.01
12/26/2011,0,-0.01
12/27/2011,0,0
12/28/2011,0,0
12/29/2011,0,-0.02
12/30/2011,0,-0.03
12/31/2011,0,-0.03
1/1/2012,0,-0.03
1/2/2012,0,-0.03
1/3/2012,0,-0.03
1/4/2012,0,-0.03
1/5/2012,0,-0.03
1/6/2012,0,-0.03
1/7/2012,0,-0.03
1/8/2012,0,-0.03
1/9/2012,0,-0.03
1/10/2012,0,-0.03
1/11/2012,0,-0.03
1/12/2012,0,-0.03
1/13/2012,0,-0.04
1/14/2012,0,-0.04
1/15/2012,0,-0.04
1/16/2012,0,-0.04
1/17/2012,0,-0.04
1/18/2012,0,-0.04
1/19/2012,0,-0.04
1/20/2012,0,-0.04
1/21/2012,0,-0.04
1/22/2012,0,-0.04
1/23/2012,0,-0.04
1/24/2012,0,-0.04
1/25/2012,0,-0.04
1/26/2012,0,-0.04
1/27/2012,0,-0.04
1/28/2012,0,-0.04
1/29/2012,0,-0.04
1/30/2012,0,-0.04
1/31/2012,0,-0.04
2/1/2012,0,-0.04
2/2/2012,0,-0.04
2/3/2012,0,-0.04
2/4/2012,0,-0.04
2/5/2012,0,-0.04
2/6/2012,0,-0.04
2/7/2012,0,-0.04
2/8/2012,0,-0.04
2/9/2012,0,-0.04
2/10/2012,0,-0.04
2/11/2012,0,-0.05
2/12/2012,0,-0.05
2/13/2012,0,-0.05
2/14/2012,0,-0.05
2/15/2012,0,-0.05
2/16/2012,0,-0.05
2/17/2012,0,-0.05
2/18/2012,0,-0.05
2/19/2012,0,-0.05
2/20/2012,0,-0.05
2/21/2012,0,-0.05
2/22/2012,0,-0.05
2/23/2012,0,-0.05
2/24/2012,0,-0.05
