Date/Time,q.catcanco,h.catcanco
3/1/1999,0,0
3/2/1999,0,0
3/3/1999,82,0.96
3/4/1999,178,2.86
3/5/1999,158,2.27
3/6/1999,121,1.58
3/7/1999,122,1.59
3/8/1999,122,1.59
3/9/1999,121,1.59
3/10/1999,122,1.59
3/11/1999,122,1.59
3/12/1999,122,1.59
3/13/1999,123,1.6
3/14/1999,124,1.61
3/15/1999,141,1.74
3/16/1999,192,2.09
3/17/1999,244,2.46
3/18/1999,243,2.47
3/19/1999,245,2.46
3/20/1999,244,2.46
3/21/1999,242,2.45
3/22/1999,243,2.45
3/23/1999,244,2.46
3/24/1999,245,2.47
3/25/1999,243,2.45
3/26/1999,242,2.45
3/27/1999,245,2.47
3/28/1999,243,2.46
3/29/1999,244,2.46
3/30/1999,242,2.45
3/31/1999,243,2.45
4/1/1999,243,2.45
4/2/1999,243,2.45
4/3/1999,243,2.46
4/4/1999,242,2.45
4/5/1999,242,2.45
4/6/1999,243,2.45
4/7/1999,244,2.46
4/8/1999,246,2.47
4/9/1999,246,2.48
4/10/1999,246,2.48
4/11/1999,244,2.46
4/12/1999,283,2.69
4/13/1999,261,2.57
4/14/1999,243,2.45
4/15/1999,243,2.45
4/16/1999,243,2.45
4/17/1999,243,2.44
4/18/1999,245,2.46
4/19/1999,234,2.38
4/20/1999,214,2.25
4/21/1999,201,2.17
4/22/1999,203,2.19
4/23/1999,203,2.2
4/24/1999,203,2.18
4/25/1999,203,2.18
4/26/1999,203,2.18
4/27/1999,202,2.18
4/28/1999,174,1.97
4/29/1999,3.9,0.13
4/30/1999,11,0.3
5/1/1999,77,0.85
5/2/1999,12,0.31
5/3/1999,0,0.08
5/4/1999,0,0.08
5/5/1999,0,-145.62
5/6/1999,0,-395.39
5/7/1999,0,-24.91
5/8/1999,0,0.07
5/9/1999,0,0.07
5/10/1999,0,0.07
5/11/1999,4.3,0.12
5/12/1999,91,1.15
5/13/1999,136,-198.49
5/14/1999,132,1.6
5/15/1999,131,1.62
5/16/1999,140,1.68
5/17/1999,178,1.98
5/18/1999,178,1.99
5/19/1999,177,2.01
5/20/1999,176,2.01
5/21/1999,173,2
5/22/1999,172,1.99
5/23/1999,174,1.99
5/24/1999,244,2.46
5/25/1999,248,2.49
5/26/1999,247,2.5
5/27/1999,225,2.36
5/28/1999,213,2.28
5/29/1999,217,2.3
5/30/1999,215,2.29
5/31/1999,213,2.29
6/1/1999,213,2.29
6/2/1999,218,2.32
6/3/1999,218,2.33
6/4/1999,217,2.32
6/5/1999,218,2.33
6/6/1999,221,2.35
6/7/1999,245,2.5
6/8/1999,279,2.69
6/9/1999,305,2.83
6/10/1999,313,2.87
6/11/1999,305,2.83
6/12/1999,243,2.46
6/13/1999,23,0.57
6/14/1999,72,0.99
6/15/1999,157,1.88
6/16/1999,167,1.93
6/17/1999,189,2.1
6/18/1999,200,2.16
6/19/1999,244,2.45
6/20/1999,269,2.61
6/21/1999,298,2.79
6/22/1999,298,2.79
6/23/1999,313,2.86
6/24/1999,239,2.38
6/25/1999,297,2.77
6/26/1999,298,2.78
6/27/1999,304,2.81
6/28/1999,323,2.92
6/29/1999,324,2.92
6/30/1999,328,2.95
7/1/1999,327,2.94
7/2/1999,327,2.94
7/3/1999,327,2.95
7/4/1999,304,2.82
7/5/1999,292,2.73
7/6/1999,323,2.92
7/7/1999,320,2.9
7/8/1999,321,2.91
7/9/1999,321,2.91
7/10/1999,321,2.91
7/11/1999,320,2.89
7/12/1999,321,2.9
7/13/1999,322,2.9
7/14/1999,323,2.91
7/15/1999,322,2.9
7/16/1999,319,2.9
7/17/1999,61,1.03
7/18/1999,11,0.34
7/19/1999,8.4,0.28
7/20/1999,95,1.36
7/21/1999,124,1.6
7/22/1999,145,1.75
7/23/1999,184,2.03
7/24/1999,239,2.3
7/25/1999,247,NA
7/26/1999,263,2.55
7/27/1999,275,2.63
7/28/1999,282,2.69
7/29/1999,305,2.84
7/30/1999,319,2.92
7/31/1999,300,2.83
8/1/1999,215,2.28
8/2/1999,30,0.71
8/3/1999,96,1.26
8/4/1999,111,1.49
8/5/1999,11,0.4
8/6/1999,3.1,0.15
8/7/1999,1.9,0.11
8/8/1999,1.8,0.1
8/9/1999,146,1.62
8/10/1999,164,1.91
8/11/1999,188,2.07
8/12/1999,229,2.33
8/13/1999,280,2.64
8/14/1999,296,2.75
8/15/1999,302,2.77
8/16/1999,325,2.91
8/17/1999,325,2.96
8/18/1999,317,2.89
8/19/1999,297,2.79
8/20/1999,277,2.66
8/21/1999,260,2.55
8/22/1999,257,2.53
8/23/1999,257,2.53
8/24/1999,258,2.54
8/25/1999,264,2.58
8/26/1999,267,2.61
8/27/1999,267,2.61
8/28/1999,267,2.61
8/29/1999,267,2.61
8/30/1999,264,2.6
8/31/1999,275,2.66
9/1/1999,286,2.72
9/2/1999,285,2.72
9/3/1999,284,2.73
9/4/1999,277,2.69
9/5/1999,269,2.64
9/6/1999,269,2.65
9/7/1999,266,2.63
9/8/1999,271,2.62
9/9/1999,271,2.62
9/10/1999,271,2.61
9/11/1999,255,2.52
9/12/1999,249,2.48
9/13/1999,252,2.49
9/14/1999,248,2.47
9/15/1999,220,2.31
9/16/1999,202,2.19
9/17/1999,203,2.2
9/18/1999,201,2.19
9/19/1999,202,2.2
9/20/1999,200,2.19
9/21/1999,195,2.15
9/22/1999,194,2.13
9/23/1999,195,2.13
9/24/1999,189,2.1
9/25/1999,177,2.01
9/26/1999,177,2.02
9/27/1999,176,2.01
9/28/1999,172,1.98
9/29/1999,162,1.91
9/30/1999,160,1.89
10/1/1999,158,1.89
10/2/1999,158,1.88
10/3/1999,161,1.9
10/4/1999,155,1.86
10/5/1999,156,1.85
10/6/1999,152,1.83
10/7/1999,148,1.8
10/8/1999,147,1.79
10/9/1999,148,1.8
10/10/1999,147,1.79
10/11/1999,145,1.78
10/12/1999,147,1.79
10/13/1999,151,1.82
10/14/1999,151,1.82
10/15/1999,151,1.82
10/16/1999,149,1.81
10/17/1999,149,1.81
10/18/1999,149,1.81
10/19/1999,149,1.81
10/20/1999,148,1.8
10/21/1999,148,1.81
10/22/1999,148,1.8
10/23/1999,145,1.78
10/24/1999,147,1.79
10/25/1999,145,1.78
10/26/1999,145,1.78
10/27/1999,147,1.79
10/28/1999,148,1.8
10/29/1999,148,1.8
10/30/1999,147,1.79
10/31/1999,147,1.79
11/1/1999,148,1.8
11/2/1999,148,1.8
11/3/1999,149,1.8
11/4/1999,148,1.8
11/5/1999,148,1.8
11/6/1999,148,1.8
11/7/1999,148,1.8
11/8/1999,147,1.79
11/9/1999,147,1.79
11/10/1999,148,1.8
11/11/1999,147,1.79
11/12/1999,145,1.78
11/13/1999,145,1.78
11/14/1999,121,1.57
11/15/1999,21,0.35
11/16/1999,0,0.05
11/17/1999,0,-0.04
11/18/1999,0,0
11/19/1999,0,-0.04
11/20/1999,0,-0.04
11/21/1999,0,-0.04
11/22/1999,0,-0.04
11/23/1999,0,-0.04
11/24/1999,0,-0.04
11/25/1999,0,-0.04
11/26/1999,0,-0.04
11/27/1999,0,-0.04
11/28/1999,0,-0.04
11/29/1999,0,-0.04
11/30/1999,0,-0.04
12/1/1999,0,-0.04
12/2/1999,0,-0.04
12/3/1999,0,-0.04
12/4/1999,0,-0.04
12/5/1999,0,-0.04
12/6/1999,0,-0.04
12/7/1999,0,-0.04
12/8/1999,0,-0.04
12/9/1999,0,-0.04
12/10/1999,0,-0.04
12/11/1999,0,-0.04
12/12/1999,0,-0.04
12/13/1999,0,-0.04
12/14/1999,0,-0.04
12/15/1999,0,-0.04
12/16/1999,0,-0.04
12/17/1999,0,-0.04
12/18/1999,0,-0.04
12/19/1999,0,-0.04
12/20/1999,0,-0.04
12/21/1999,0,-0.02
12/22/1999,0,0
12/23/1999,0,0
12/24/1999,0,NA
12/25/1999,0,NA
12/26/1999,0,NA
12/27/1999,0,0
12/28/1999,0,0
12/29/1999,0,0
12/30/1999,0,0
12/31/1999,0,0
1/1/2000,0,0
1/2/2000,0,0
1/3/2000,0,0
1/4/2000,0,0
1/5/2000,0,NA
1/6/2000,0,0
1/7/2000,0,0
1/8/2000,0,0
1/9/2000,0,0
1/10/2000,0,0
1/11/2000,0,0
1/12/2000,0,0
1/13/2000,0,0.01
1/14/2000,0,0.01
1/15/2000,0,0
1/16/2000,0,NA
1/17/2000,0,0
1/18/2000,0,0.02
1/19/2000,0,0.01
1/20/2000,0,0.01
1/21/2000,0,0.01
1/22/2000,0,0.01
1/23/2000,0,0.01
1/24/2000,0,0.01
1/25/2000,0,0.01
1/26/2000,0,0.01
1/27/2000,0,0.01
1/28/2000,0,0.01
1/29/2000,0,0.01
1/30/2000,0,0.01
1/31/2000,0,0.01
2/1/2000,0,0.01
2/2/2000,0,0.01
2/3/2000,0,0
2/4/2000,0,-0.01
2/5/2000,0,-0.01
2/6/2000,0,-0.01
2/7/2000,0,-0.01
2/8/2000,0,-0.01
2/9/2000,0,-0.01
2/10/2000,0,-0.01
2/11/2000,0,NA
2/12/2000,0,NA
2/13/2000,0,NA
2/14/2000,0,-0.01
2/15/2000,0,-0.01
2/16/2000,0,-0.01
2/17/2000,0,-0.01
2/18/2000,0,-0.01
2/19/2000,0,-0.01
2/20/2000,0,-0.01
2/21/2000,0,-0.01
2/22/2000,0,0
2/23/2000,0,0
2/24/2000,0,0
2/25/2000,0,0
2/26/2000,0,0
2/27/2000,0,0
2/28/2000,25,0.39
2/29/2000,179,2.02
3/1/2000,152,1.83
3/2/2000,151,1.82
3/3/2000,150,1.82
3/4/2000,151,1.82
3/5/2000,149,1.81
3/6/2000,148,1.8
3/7/2000,150,1.81
3/8/2000,151,1.82
3/9/2000,149,1.81
3/10/2000,150,1.81
3/11/2000,148,1.79
3/12/2000,148,1.79
3/13/2000,148,1.79
3/14/2000,160,1.88
3/15/2000,193,2.12
3/16/2000,194,2.13
3/17/2000,193,2.12
3/18/2000,192,2.11
3/19/2000,191,2.1
3/20/2000,189,2.09
3/21/2000,192,2.11
3/22/2000,192,2.12
3/23/2000,191,2.11
3/24/2000,223,2.32
3/25/2000,241,2.44
3/26/2000,240,2.43
3/27/2000,241,2.44
3/28/2000,251,2.5
3/29/2000,273,2.63
3/30/2000,275,2.64
3/31/2000,212,2.24
4/1/2000,166,1.94
4/2/2000,166,1.94
4/3/2000,177,2.01
4/4/2000,256,2.53
4/5/2000,251,2.51
4/6/2000,251,2.5
4/7/2000,250,2.5
4/8/2000,250,2.5
4/9/2000,249,2.49
4/10/2000,250,2.5
4/11/2000,250,2.5
4/12/2000,250,2.5
4/13/2000,250,2.5
4/14/2000,249,2.49
4/15/2000,250,2.5
4/16/2000,244,2.46
4/17/2000,243,2.45
4/18/2000,249,2.49
4/19/2000,250,2.5
4/20/2000,249,2.49
4/21/2000,248,2.49
4/22/2000,247,2.48
4/23/2000,250,2.5
4/24/2000,251,2.51
4/25/2000,247,2.48
4/26/2000,251,2.5
4/27/2000,250,2.5
4/28/2000,241,2.45
4/29/2000,244,2.47
4/30/2000,254,2.54
5/1/2000,254,2.54
5/2/2000,254,2.54
5/3/2000,253,2.53
5/4/2000,249,2.49
5/5/2000,250,2.5
5/6/2000,251,2.51
5/7/2000,253,2.52
5/8/2000,253,2.52
5/9/2000,250,2.5
5/10/2000,252,2.51
5/11/2000,247,2.48
5/12/2000,247,2.48
5/13/2000,249,2.5
5/14/2000,252,2.52
5/15/2000,250,2.52
5/16/2000,248,2.5
5/17/2000,247,2.48
5/18/2000,249,2.49
5/19/2000,249,2.49
5/20/2000,253,2.5
5/21/2000,252,2.48
5/22/2000,259,2.51
5/23/2000,272,2.59
5/24/2000,273,2.65
5/25/2000,275,2.65
5/26/2000,277,2.67
5/27/2000,281,2.69
5/28/2000,276,2.66
5/29/2000,275,2.65
5/30/2000,290,2.74
5/31/2000,297,2.78
6/1/2000,294,2.76
6/2/2000,298,2.78
6/3/2000,296,2.76
6/4/2000,297,2.77
6/5/2000,297,2.76
6/6/2000,300,2.79
6/7/2000,291,2.74
6/8/2000,290,2.74
6/9/2000,309,2.86
6/10/2000,337,3.03
6/11/2000,336,3.04
6/12/2000,336,3.04
6/13/2000,304,2.85
6/14/2000,289,2.73
6/15/2000,290,2.74
6/16/2000,285,2.71
6/17/2000,285,2.7
6/18/2000,283,2.69
6/19/2000,288,2.71
6/20/2000,289,2.72
6/21/2000,285,2.71
6/22/2000,287,2.72
6/23/2000,292,2.75
6/24/2000,292,2.75
6/25/2000,291,2.76
6/26/2000,285,2.73
6/27/2000,285,2.73
6/28/2000,288,2.74
6/29/2000,286,2.74
6/30/2000,286,2.75
7/1/2000,288,2.78
7/2/2000,285,2.78
7/3/2000,286,2.8
7/4/2000,288,2.74
7/5/2000,292,2.75
7/6/2000,290,2.74
7/7/2000,286,2.72
7/8/2000,291,2.74
7/9/2000,294,2.76
7/10/2000,293,2.76
7/11/2000,290,2.74
7/12/2000,292,2.75
7/13/2000,290,2.74
7/14/2000,292,2.75
7/15/2000,292,2.75
7/16/2000,270,2.62
7/17/2000,274,2.64
7/18/2000,293,2.76
7/19/2000,292,2.76
7/20/2000,282,2.69
7/21/2000,240,2.43
7/22/2000,253,2.5
7/23/2000,264,2.57
7/24/2000,295,2.75
7/25/2000,295,2.76
7/26/2000,296,2.78
7/27/2000,294,2.77
7/28/2000,294,2.77
7/29/2000,295,2.77
7/30/2000,294,2.76
7/31/2000,295,2.77
8/1/2000,292,2.75
8/2/2000,290,2.74
8/3/2000,290,2.74
8/4/2000,292,2.75
8/5/2000,293,2.76
8/6/2000,293,2.76
8/7/2000,295,2.77
8/8/2000,295,2.77
8/9/2000,292,2.75
8/10/2000,290,2.74
8/11/2000,292,2.76
8/12/2000,294,2.77
8/13/2000,293,2.76
8/14/2000,295,2.77
8/15/2000,294,2.77
8/16/2000,270,2.62
8/17/2000,246,2.47
8/18/2000,245,2.46
8/19/2000,245,2.46
8/20/2000,243,2.45
8/21/2000,243,2.45
8/22/2000,246,2.47
8/23/2000,246,2.47
8/24/2000,246,2.47
8/25/2000,245,2.46
8/26/2000,244,2.46
8/27/2000,247,2.48
8/28/2000,243,2.45
8/29/2000,244,2.46
8/30/2000,246,2.47
8/31/2000,244,2.46
9/1/2000,246,2.48
9/2/2000,245,2.47
9/3/2000,247,2.48
9/4/2000,249,2.5
9/5/2000,220,2.3
9/6/2000,126,1.61
9/7/2000,122,1.57
9/8/2000,97,1.38
9/9/2000,120,1.58
9/10/2000,140,1.73
9/11/2000,170,1.96
9/12/2000,178,2.02
9/13/2000,176,2.01
9/14/2000,176,2.01
9/15/2000,84,1.19
9/16/2000,14,0.34
9/17/2000,0,-0.02
9/18/2000,0,-0.02
9/19/2000,0,-0.02
9/20/2000,0,-0.02
9/21/2000,0,-0.02
9/22/2000,0,-0.02
9/23/2000,0,-0.02
9/24/2000,0,-0.03
9/25/2000,66,0.92
9/26/2000,104,1.44
9/27/2000,103,1.43
9/28/2000,51,0.87
9/29/2000,10,0.24
9/30/2000,0,-0.01
10/1/2000,0,-0.01
10/2/2000,0,-0.01
10/3/2000,35,0.62
10/4/2000,54,0.95
10/5/2000,53,0.95
10/6/2000,52,0.94
10/7/2000,52,0.94
10/8/2000,65,1.08
10/9/2000,70,1.13
10/10/2000,89,1.3
10/11/2000,123,1.6
10/12/2000,178,2.01
10/13/2000,204,2.19
10/14/2000,203,2.19
10/15/2000,165,1.92
10/16/2000,145,1.78
10/17/2000,145,1.78
10/18/2000,149,1.81
10/19/2000,144,1.77
10/20/2000,141,1.75
10/21/2000,130,1.66
10/22/2000,125,1.62
10/23/2000,148,1.8
10/24/2000,189,2.1
10/25/2000,203,2.19
10/26/2000,205,2.21
10/27/2000,204,2.2
10/28/2000,205,2.21
10/29/2000,208,2.23
10/30/2000,178,2.02
10/31/2000,175,2
11/1/2000,175,2
11/2/2000,163,1.91
11/3/2000,149,1.81
11/4/2000,148,1.8
11/5/2000,149,1.81
11/6/2000,148,1.8
11/7/2000,148,1.8
11/8/2000,147,1.79
11/9/2000,147,1.79
11/10/2000,148,1.8
11/11/2000,148,1.8
11/12/2000,149,1.8
11/13/2000,148,1.8
11/14/2000,104,1.39
11/15/2000,0,-0.06
11/16/2000,0,-0.06
11/17/2000,0,-0.03
11/18/2000,0,0
11/19/2000,0,0
11/20/2000,0,0
11/21/2000,0,0
11/22/2000,0,0
11/23/2000,0,NA
11/24/2000,0,0
11/25/2000,0,0
11/26/2000,0,0
11/27/2000,0,0
11/28/2000,0,0
11/29/2000,0,0
11/30/2000,0,0
12/1/2000,0,0
12/2/2000,0,0
12/3/2000,0,0
12/4/2000,0,0
12/5/2000,0,0
12/6/2000,0,0
12/7/2000,0,0
12/8/2000,0,0
12/9/2000,0,0
12/10/2000,0,0
12/11/2000,0,0
12/12/2000,0,0
12/13/2000,0,0
12/14/2000,0,0
12/15/2000,0,0
12/16/2000,0,0
12/17/2000,0,0
12/18/2000,0,0
12/19/2000,0,0
12/20/2000,0,0
12/21/2000,0,0
12/22/2000,0,0
12/23/2000,0,0
12/24/2000,0,0
12/25/2000,0,0
12/26/2000,0,0
12/27/2000,0,0
12/28/2000,0,0
12/29/2000,0,0
12/30/2000,0,0
12/31/2000,0,0
1/1/2001,0,0
1/2/2001,0,0
1/3/2001,0,0
1/4/2001,0,0
1/5/2001,0,0
1/6/2001,0,0
1/7/2001,0,0
1/8/2001,0,0
1/9/2001,0,0
1/10/2001,0,0
1/11/2001,0,0
1/12/2001,0,0
1/13/2001,0,0
1/14/2001,0,0
1/15/2001,0,0
1/16/2001,0,0
1/17/2001,0,0
1/18/2001,0,0
1/19/2001,0,0
1/20/2001,0,0
1/21/2001,0,0
1/22/2001,0,0
1/23/2001,0,0
1/24/2001,0,0
1/25/2001,0,0
1/26/2001,0,0
1/27/2001,0,0
1/28/2001,0,0
1/29/2001,0,0
1/30/2001,0,0
1/31/2001,0,0
2/1/2001,0,0
2/2/2001,0,0
2/3/2001,0,0
2/4/2001,0,0
2/5/2001,0,0
2/6/2001,0,0
2/7/2001,0,0
2/8/2001,0,0
2/9/2001,0,0
2/10/2001,0,0
2/11/2001,0,0
2/12/2001,0,0
2/13/2001,0,0
2/14/2001,0,0
2/15/2001,0,0
2/16/2001,0,0
2/17/2001,0,0
2/18/2001,0,0
2/19/2001,0,0
2/20/2001,0,0
2/21/2001,0,0
2/22/2001,0,0
2/23/2001,0,80.99
2/24/2001,0,0
2/25/2001,0,0
2/26/2001,0,0
2/27/2001,0,0
2/28/2001,0,0
3/1/2001,0,0
3/2/2001,0,0
3/3/2001,0,0
3/4/2001,0,0
3/5/2001,0,0
3/6/2001,0,0
3/7/2001,0,0
3/8/2001,0,0
3/9/2001,0,0
3/10/2001,0,0
3/11/2001,0,0
3/12/2001,0,0
3/13/2001,0,0
3/14/2001,54,109.92
3/15/2001,174,1.98
3/16/2001,150,1.82
3/17/2001,151,1.83
3/18/2001,111,1.49
3/19/2001,95,1.37
3/20/2001,136,1.69
3/21/2001,154,1.84
3/22/2001,159,1.88
3/23/2001,187,2.08
3/24/2001,187,2.08
3/25/2001,186,2.08
3/26/2001,183,2.05
3/27/2001,199,2.16
3/28/2001,213,2.26
3/29/2001,213,2.25
3/30/2001,213,2.25
3/31/2001,214,2.24
4/1/2001,219,2.28
4/2/2001,241,2.41
4/3/2001,243,2.44
4/4/2001,243,2.45
4/5/2001,242,2.45
4/6/2001,245,2.46
4/7/2001,243,2.45
4/8/2001,242,2.45
4/9/2001,243,2.45
4/10/2001,249,2.49
4/11/2001,217,2.23
4/12/2001,99,1.28
4/13/2001,230,2.39
4/14/2001,247,2.51
4/15/2001,245,2.51
4/16/2001,266,2.64
4/17/2001,220,2.33
4/18/2001,191,2.11
4/19/2001,178,2.02
4/20/2001,176,2.01
4/21/2001,165,1.93
4/22/2001,144,1.77
4/23/2001,167,1.94
4/24/2001,230,2.37
4/25/2001,266,2.6
4/26/2001,284,2.71
4/27/2001,292,2.75
4/28/2001,290,2.74
4/29/2001,290,2.74
4/30/2001,279,2.67
5/1/2001,257,2.54
5/2/2001,292,2.75
5/3/2001,285,2.71
5/4/2001,267,2.6
5/5/2001,256,2.53
5/6/2001,250,2.49
5/7/2001,245,2.46
5/8/2001,247,2.48
5/9/2001,249,2.48
5/10/2001,248,2.47
5/11/2001,250,2.5
5/12/2001,249,2.49
5/13/2001,247,2.48
5/14/2001,247,2.48
5/15/2001,249,2.49
5/16/2001,247,2.48
5/17/2001,168,1.95
5/18/2001,161,1.9
5/19/2001,173,1.98
5/20/2001,183,2.05
5/21/2001,179,2.03
5/22/2001,176,2.01
5/23/2001,178,2.02
5/24/2001,179,2.03
5/25/2001,177,2.01
5/26/2001,195,2.13
5/27/2001,209,2.23
5/28/2001,204,2.2
5/29/2001,208,2.23
5/30/2001,209,2.23
5/31/2001,209,2.23
6/1/2001,208,2.22
6/2/2001,208,2.22
6/3/2001,209,2.23
6/4/2001,212,2.25
6/5/2001,247,2.51
6/6/2001,274,2.65
6/7/2001,281,2.68
6/8/2001,289,2.74
6/9/2001,292,2.75
6/10/2001,292,2.75
6/11/2001,295,2.77
6/12/2001,294,2.77
6/13/2001,294,2.76
6/14/2001,300,2.8
6/15/2001,321,2.93
6/16/2001,329,2.98
6/17/2001,329,2.99
6/18/2001,328,2.98
6/19/2001,280,2.69
6/20/2001,247,2.48
6/21/2001,247,2.48
6/22/2001,246,2.46
6/23/2001,243,2.44
6/24/2001,245,2.45
6/25/2001,248,2.47
6/26/2001,249,2.48
6/27/2001,250,2.5
6/28/2001,249,2.49
6/29/2001,250,2.49
6/30/2001,249,2.48
7/1/2001,249,2.47
7/2/2001,251,2.48
7/3/2001,251,2.49
7/4/2001,251,2.51
7/5/2001,250,2.5
7/6/2001,251,2.52
7/7/2001,248,2.5
7/8/2001,247,2.5
7/9/2001,250,2.52
7/10/2001,248,2.5
7/11/2001,297,2.77
7/12/2001,347,3.05
7/13/2001,347,3.05
7/14/2001,262,2.55
7/15/2001,246,2.45
7/16/2001,277,2.62
7/17/2001,299,14.29
7/18/2001,305,2.82
7/19/2001,293,2.76
7/20/2001,288,2.73
7/21/2001,288,2.73
7/22/2001,287,NA
7/23/2001,288,2.73
7/24/2001,286,2.72
7/25/2001,285,2.71
7/26/2001,288,2.73
7/27/2001,286,2.72
7/28/2001,287,2.72
7/29/2001,283,2.7
7/30/2001,284,2.71
7/31/2001,249,2.45
8/1/2001,231,2.22
8/2/2001,294,14.28
8/3/2001,297,2.77
8/4/2001,290,14.24
8/5/2001,287,2.7
8/6/2001,288,2.71
8/7/2001,286,2.71
8/8/2001,287,2.72
8/9/2001,288,2.72
8/10/2001,290,2.73
8/11/2001,281,2.66
8/12/2001,289,2.71
8/13/2001,291,2.71
8/14/2001,286,2.7
8/15/2001,283,2.7
8/16/2001,284,2.71
8/17/2001,280,2.68
8/18/2001,280,2.68
8/19/2001,279,2.68
8/20/2001,280,2.68
8/21/2001,282,2.69
8/22/2001,289,2.74
8/23/2001,291,2.75
8/24/2001,295,2.77
8/25/2001,294,2.77
8/26/2001,292,2.75
8/27/2001,285,14.23
8/28/2001,290,2.74
8/29/2001,258,2.54
8/30/2001,294,2.76
8/31/2001,273,2.63
9/1/2001,237,2.41
9/2/2001,240,2.43
9/3/2001,246,2.47
9/4/2001,246,2.47
9/5/2001,240,2.43
9/6/2001,193,2.1
9/7/2001,142,1.72
9/8/2001,145,1.74
9/9/2001,147,1.75
9/10/2001,145,1.72
9/11/2001,151,1.79
9/12/2001,183,2.06
9/13/2001,177,15.85
9/14/2001,162,1.9
9/15/2001,136,13.24
9/16/2001,125,1.75
9/17/2001,156,1.85
9/18/2001,226,2.34
9/19/2001,241,2.44
9/20/2001,239,2.43
9/21/2001,215,2.26
9/22/2001,183,2.05
9/23/2001,178,2.02
9/24/2001,179,2.02
9/25/2001,136,1.72
9/26/2001,71,1.08
9/27/2001,36,0.72
9/28/2001,0,600.72
9/29/2001,0,655.3
9/30/2001,0,655.3
10/1/2001,0,655.3
10/2/2001,0,655.3
10/3/2001,0,655.3
10/4/2001,0,655.3
10/5/2001,0,655.3
10/6/2001,0,655.3
10/7/2001,8.8,382.48
10/8/2001,19,0.49
10/9/2001,20,0.51
10/10/2001,90,1.21
10/11/2001,173,1.97
10/12/2001,180,2.03
10/13/2001,184,2.06
10/14/2001,186,2.07
10/15/2001,193,2.12
10/16/2001,197,2.15
10/17/2001,209,2.23
10/18/2001,222,2.32
10/19/2001,242,2.45
10/20/2001,252,2.51
10/21/2001,211,2.24
10/22/2001,152,1.82
10/23/2001,151,1.82
10/24/2001,148,1.8
10/25/2001,148,1.8
10/26/2001,149,1.81
10/27/2001,149,1.81
10/28/2001,148,1.8
10/29/2001,147,1.79
10/30/2001,148,1.8
10/31/2001,147,1.79
11/1/2001,147,1.79
11/2/2001,148,1.8
11/3/2001,149,1.81
11/4/2001,148,1.8
11/5/2001,162,1.9
11/6/2001,172,1.98
11/7/2001,172,1.98
11/8/2001,172,1.98
11/9/2001,172,1.98
11/10/2001,170,1.96
11/11/2001,170,1.97
11/12/2001,168,1.95
11/13/2001,152,1.83
11/14/2001,131,1.66
11/15/2001,0,23.18
11/16/2001,0,0
11/17/2001,0,0
11/18/2001,0,0
11/19/2001,0,0
11/20/2001,0,0
11/21/2001,0,0
11/22/2001,0,0
11/23/2001,0,0
11/24/2001,0,0
11/25/2001,0,0
11/26/2001,0,0
11/27/2001,0,0
11/28/2001,0,0
11/29/2001,0,0
11/30/2001,0,0
12/1/2001,0,0
12/2/2001,0,0
12/3/2001,0,0
12/4/2001,0,0
12/5/2001,0,0
12/6/2001,0,0
12/7/2001,0,0
12/8/2001,0,0
12/9/2001,0,0
12/10/2001,0,0
12/11/2001,0,0
12/12/2001,0,0
12/13/2001,0,0
12/14/2001,0,0
12/15/2001,0,0
12/16/2001,0,0
12/17/2001,0,0
12/18/2001,0,0
12/19/2001,0,0
12/20/2001,0,0
12/21/2001,0,0
12/22/2001,0,0
12/23/2001,0,0
12/24/2001,0,0
12/25/2001,0,0
12/26/2001,0,0
12/27/2001,0,0
12/28/2001,0,0
12/29/2001,0,0
12/30/2001,0,0
12/31/2001,0,0
1/1/2002,0,0
1/2/2002,0,0
1/3/2002,0,0
1/4/2002,0,0
1/5/2002,0,0
1/6/2002,0,0
1/7/2002,0,0
1/8/2002,0,0
1/9/2002,0,135.09
1/10/2002,0,0
1/11/2002,0,0
1/12/2002,0,0
1/13/2002,0,0
1/14/2002,0,0
1/15/2002,0,0
1/16/2002,0,0
1/17/2002,0,0
1/18/2002,0,0
1/19/2002,0,0
1/20/2002,0,0
1/21/2002,0,0
1/22/2002,0,0
1/23/2002,0,0
1/24/2002,0,0
1/25/2002,0,0
1/26/2002,0,0
1/27/2002,0,0
1/28/2002,0,0
1/29/2002,0,0
1/30/2002,0,0
1/31/2002,0,0
2/1/2002,0,0
2/2/2002,0,0
2/3/2002,0,0
2/4/2002,0,0
2/5/2002,0,0
2/6/2002,0,0
2/7/2002,0,0
2/8/2002,0,0
2/9/2002,0,0
2/10/2002,0,0
2/11/2002,0,0
2/12/2002,0,0
2/13/2002,0,0
2/14/2002,0,0
2/15/2002,0,0
2/16/2002,0,0
2/17/2002,0,0
2/18/2002,0,0
2/19/2002,0,0
2/20/2002,0,0
2/21/2002,0,0
2/22/2002,0,0
2/23/2002,0,0
2/24/2002,0,0
2/25/2002,0,0
2/26/2002,0,0
2/27/2002,0,-249.03
2/28/2002,0,0
3/1/2002,0,0
3/2/2002,0,0
3/3/2002,0,-41.63
3/4/2002,0,0
3/5/2002,0,0
3/6/2002,0,0
3/7/2002,0,0
3/8/2002,0,-20.81
3/9/2002,0,0
3/10/2002,0,0
3/11/2002,0,0
3/12/2002,0,0
3/13/2002,0,0
3/14/2002,0,0
3/15/2002,195,2.12
3/16/2002,192,2.11
3/17/2002,190,2.1
3/18/2002,192,2.11
3/19/2002,190,2.1
3/20/2002,168,1.94
3/21/2002,153,1.84
3/22/2002,152,1.82
3/23/2002,152,1.83
3/24/2002,152,1.83
3/25/2002,152,1.82
3/26/2002,150,1.82
3/27/2002,152,1.83
3/28/2002,165,1.93
3/29/2002,173,1.99
3/30/2002,172,1.98
3/31/2002,171,1.97
4/1/2002,169,1.96
4/2/2002,124,1.61
4/3/2002,107,1.45
4/4/2002,146,1.76
4/5/2002,165,1.93
4/6/2002,160,1.89
4/7/2002,143,1.75
4/8/2002,137,1.72
4/9/2002,148,1.8
4/10/2002,155,1.85
4/11/2002,138,1.72
4/12/2002,131,1.67
4/13/2002,131,1.66
4/14/2002,130,1.66
4/15/2002,129,1.65
4/16/2002,40,0.53
4/17/2002,0,-0.01
4/18/2002,0,-0.01
4/19/2002,0,-0.01
4/20/2002,0,-0.01
4/21/2002,0,-0.01
4/22/2002,0,-0.01
4/23/2002,0,-0.01
4/24/2002,0,-0.01
4/25/2002,0,-0.01
4/26/2002,0,-0.01
4/27/2002,0,-0.01
4/28/2002,0,-0.01
4/29/2002,0,-0.01
4/30/2002,0,-0.01
5/1/2002,0,0
5/2/2002,0,0
5/3/2002,0,0
5/4/2002,0,0
5/5/2002,24,0.34
5/6/2002,124,1.61
5/7/2002,134,1.69
5/8/2002,137,1.71
5/9/2002,139,1.73
5/10/2002,138,1.72
5/11/2002,139,1.73
5/12/2002,140,1.73
5/13/2002,139,1.72
5/14/2002,138,1.71
5/15/2002,138,1.72
5/16/2002,138,1.72
5/17/2002,135,1.7
5/18/2002,127,1.62
5/19/2002,20,0.36
5/20/2002,9.6,0.19
5/21/2002,43,-103.33
5/22/2002,44,0.84
5/23/2002,46,0.86
5/24/2002,46,0.87
5/25/2002,89,1.29
5/26/2002,193,2.1
5/27/2002,179,1.99
5/28/2002,26,0.4
5/29/2002,0,0
5/30/2002,0,0
5/31/2002,0,0
6/1/2002,0,-0.01
6/2/2002,0,-0.01
6/3/2002,0,-0.01
6/4/2002,18,0.23
6/5/2002,181,2.03
6/6/2002,232,2.38
6/7/2002,248,2.49
6/8/2002,245,2.47
6/9/2002,244,2.46
6/10/2002,252,2.51
6/11/2002,202,2.12
6/12/2002,7.6,0.19
6/13/2002,44,0.53
6/14/2002,47,0.61
6/15/2002,0,0
6/16/2002,0,0
6/17/2002,0,0
6/18/2002,0,0.42
6/19/2002,0,0
6/20/2002,0,-20.81
6/21/2002,0,0
6/22/2002,0,0
6/23/2002,82,1.05
6/24/2002,151,1.82
6/25/2002,148,1.8
6/26/2002,152,1.83
6/27/2002,151,1.82
6/28/2002,148,1.8
6/29/2002,153,1.83
6/30/2002,154,1.83
7/1/2002,152,1.8
7/2/2002,154,1.83
7/3/2002,157,1.87
7/4/2002,153,1.84
7/5/2002,155,1.85
7/6/2002,129,1.59
7/7/2002,78,0.91
7/8/2002,214,2.25
7/9/2002,114,1.51
7/10/2002,55,0.9
7/11/2002,0.82,0.11
7/12/2002,0,0.03
7/13/2002,0,0.03
7/14/2002,0,0.03
7/15/2002,0,0.03
7/16/2002,0,0.02
7/17/2002,4.9,0.23
7/18/2002,144,1.74
7/19/2002,153,1.82
7/20/2002,153,-19.03
7/21/2002,149,-950.59
7/22/2002,155,-436.02
7/23/2002,153,1.83
7/24/2002,148,1.79
7/25/2002,126,1.63
7/26/2002,168,1.95
7/27/2002,136,1.69
7/28/2002,19,0.41
7/29/2002,0.03,0.01
7/30/2002,0,0
7/31/2002,0,0
8/1/2002,0,0
8/2/2002,0,-0.01
8/3/2002,0,-0.01
8/4/2002,0,-0.01
8/5/2002,0,-0.01
8/6/2002,0,-0.01
8/7/2002,0,-0.01
8/8/2002,0,-0.01
8/9/2002,0,-0.01
8/10/2002,0,-0.01
8/11/2002,0,-0.01
8/12/2002,0,-0.01
8/13/2002,0,-0.01
8/14/2002,0,0
8/15/2002,0,0
8/16/2002,0,-0.01
8/17/2002,0,-0.01
8/18/2002,0,-0.01
8/19/2002,0,-0.01
8/20/2002,0,-0.01
8/21/2002,0,-234.47
8/22/2002,0,-259.79
8/23/2002,0,0
8/24/2002,0,0
8/25/2002,0,0
8/26/2002,0,0
8/27/2002,0,0
8/28/2002,0,0
8/29/2002,0,-2.34
8/30/2002,0,0
8/31/2002,0,0
9/1/2002,0,0
9/2/2002,0,0
9/3/2002,0,0
9/4/2002,0,0
9/5/2002,0,0
9/6/2002,0,0
9/7/2002,0,0
9/8/2002,0,0
9/9/2002,0,0
9/10/2002,0,0
9/11/2002,0,0
9/12/2002,0,0
9/13/2002,0,0
9/14/2002,0,0
9/15/2002,0,0
9/16/2002,0,0
9/17/2002,0,0
9/18/2002,0,0
9/19/2002,0,0
9/20/2002,0,0
9/21/2002,0,0
9/22/2002,0,0
9/23/2002,0,0
9/24/2002,0,0
9/25/2002,0,0
9/26/2002,0,0
9/27/2002,0,0
9/28/2002,0,0
9/29/2002,0,0
9/30/2002,0,0
10/1/2002,0,0
10/2/2002,0,0
10/3/2002,0,0
10/4/2002,0,0
10/5/2002,0,0
10/6/2002,0,0
10/7/2002,0,-79.92
10/8/2002,0,0
10/9/2002,0,0
10/10/2002,0,0
10/11/2002,0,0
10/12/2002,0,0
10/13/2002,0,0
10/14/2002,0,0
10/15/2002,0,0
10/16/2002,0,-2.34
10/17/2002,0,0
10/18/2002,0,0
10/19/2002,0,-21.33
10/20/2002,0,0
10/21/2002,0,-2.34
10/22/2002,0,0
10/23/2002,0,0
10/24/2002,0,0
10/25/2002,0,0
10/26/2002,0,0
10/27/2002,0,0
10/28/2002,0,0
10/29/2002,0,0
10/30/2002,0,0
10/31/2002,0,0
11/1/2002,0,0
11/2/2002,0,0
11/3/2002,0,0
11/4/2002,0,0
11/5/2002,0,0
11/6/2002,9.8,-20.57
11/7/2002,19,0.5
11/8/2002,19,0.51
11/9/2002,19,0.51
11/10/2002,20,0.53
11/11/2002,20,0.53
11/12/2002,27,0.62
11/13/2002,33,0.7
11/14/2002,27,0.71
11/15/2002,0.2,-211.91
11/16/2002,0,0
11/17/2002,0,-0.01
11/18/2002,0,-0.01
11/19/2002,0,-0.01
11/20/2002,0,-0.01
11/21/2002,0,-0.01
11/22/2002,0,-0.01
11/23/2002,0,0
11/24/2002,0,0
11/25/2002,0,0
11/26/2002,0,0
11/27/2002,0,0
11/28/2002,0,0
11/29/2002,0,0
11/30/2002,0,0
12/1/2002,0,0
12/2/2002,0,0
12/3/2002,0,0
12/4/2002,0,0
12/5/2002,0,0
12/6/2002,0,0
12/7/2002,0,0
12/8/2002,0,0
12/9/2002,0,0
12/10/2002,0,0
12/11/2002,0,0
12/12/2002,0,0
12/13/2002,0,0
12/14/2002,0,0
12/15/2002,0,0
12/16/2002,0,0
12/17/2002,0,0
12/18/2002,0,0
12/19/2002,0,0
12/20/2002,0,0
12/21/2002,0,0
12/22/2002,0,0
12/23/2002,0,0
12/24/2002,0,0
12/25/2002,0,0
12/26/2002,0,0
12/27/2002,0,0
12/28/2002,0,0
12/29/2002,0,0
12/30/2002,0,0
12/31/2002,0,0
1/1/2003,0,0
1/2/2003,0,0
1/3/2003,0,0
1/4/2003,0,0
1/5/2003,0,0
1/6/2003,0,0
1/7/2003,0,0
1/8/2003,0,0
1/9/2003,0,0
1/10/2003,0,0
1/11/2003,0,0
1/12/2003,0,0
1/13/2003,0,0
1/14/2003,0,0
1/15/2003,0,0
1/16/2003,0,0
1/17/2003,0,0
1/18/2003,0,0
1/19/2003,0,0
1/20/2003,0,0
1/21/2003,0,0
1/22/2003,0,0
1/23/2003,0,0
1/24/2003,0,0
1/25/2003,0,0
1/26/2003,0,0
1/27/2003,0,0
1/28/2003,0,0
1/29/2003,0,0
1/30/2003,0,0
1/31/2003,0,0
2/1/2003,0,0
2/2/2003,0,0
2/3/2003,0,0
2/4/2003,0,0
2/5/2003,0,0
2/6/2003,0,0
2/7/2003,0,0
2/8/2003,0,0
2/9/2003,0,0
2/10/2003,0,0
2/11/2003,0,0
2/12/2003,0,0
2/13/2003,0,0
2/14/2003,0,0
2/15/2003,0,0
2/16/2003,0,0
2/17/2003,0,0
2/18/2003,0,0
2/19/2003,0,0
2/20/2003,0,0
2/21/2003,0,0
2/22/2003,0,0
2/23/2003,0,0
2/24/2003,0,0
2/25/2003,0,0
2/26/2003,0,0
2/27/2003,0,0
2/28/2003,0,0
3/1/2003,0,0
3/2/2003,0,0
3/3/2003,0,0
3/4/2003,0,0
3/5/2003,0,0
3/6/2003,0,0
3/7/2003,0,0
3/8/2003,0,0
3/9/2003,0,0
3/10/2003,0,0
3/11/2003,0,0
3/12/2003,0,0
3/13/2003,0,0
3/14/2003,0,0
3/15/2003,0,0
3/16/2003,0,0
3/17/2003,0,0
3/18/2003,0,0
3/19/2003,19,0.29
3/20/2003,54,0.93
3/21/2003,78,1.2
3/22/2003,120,1.57
3/23/2003,145,1.77
3/24/2003,160,1.89
3/25/2003,166,1.94
3/26/2003,155,1.85
3/27/2003,179,2.03
3/28/2003,158,1.88
3/29/2003,126,1.62
3/30/2003,109,1.48
3/31/2003,109,1.47
4/1/2003,109,1.47
4/2/2003,51,0.86
4/3/2003,7,0.18
4/4/2003,0,0
4/5/2003,0,0
4/6/2003,0,0
4/7/2003,0.03,0
4/8/2003,57,0.86
4/9/2003,83,1.25
4/10/2003,58,0.99
4/11/2003,0.06,0.01
4/12/2003,0,0
4/13/2003,0,0
4/14/2003,0,0
4/15/2003,0,-41.63
4/16/2003,0,0
4/17/2003,0,0
4/18/2003,0,0
4/19/2003,15,0.27
4/20/2003,151,1.74
4/21/2003,76,0.83
4/22/2003,0,-0.01
4/23/2003,0,-0.01
4/24/2003,0,-0.01
4/25/2003,0,-0.01
4/26/2003,0,-0.01
4/27/2003,0,-0.01
4/28/2003,0,-0.01
4/29/2003,0,-0.01
4/30/2003,0,-0.02
5/1/2003,0,-0.02
5/2/2003,0,-0.02
5/3/2003,0,-0.02
5/4/2003,0,-0.02
5/5/2003,0,-0.02
5/6/2003,0,-0.02
5/7/2003,0,-0.02
5/8/2003,0,-0.02
5/9/2003,0,-0.02
5/10/2003,0,NA
5/11/2003,0,NA
5/12/2003,0,-0.02
5/13/2003,0,-0.02
5/14/2003,0,-0.02
5/15/2003,95,1.18
5/16/2003,190,2.1
5/17/2003,196,2.14
5/18/2003,201,2.18
5/19/2003,199,2.16
5/20/2003,199,2.17
5/21/2003,258,2.53
5/22/2003,260,2.55
5/23/2003,247,2.48
5/24/2003,254,2.52
5/25/2003,246,2.47
5/26/2003,247,2.48
5/27/2003,299,2.79
5/28/2003,330,2.97
5/29/2003,334,2.99
5/30/2003,335,3
5/31/2003,318,2.9
6/1/2003,297,2.78
6/2/2003,313,2.87
6/3/2003,297,2.78
6/4/2003,296,2.78
6/5/2003,295,2.77
6/6/2003,296,2.78
6/7/2003,297,2.78
6/8/2003,290,2.74
6/9/2003,245,2.47
6/10/2003,245,2.47
6/11/2003,248,2.48
6/12/2003,246,2.48
6/13/2003,245,2.46
6/14/2003,246,2.47
6/15/2003,259,2.56
6/16/2003,271,2.64
6/17/2003,258,2.55
6/18/2003,219,2.29
6/19/2003,266,2.6
6/20/2003,278,2.67
6/21/2003,272,2.63
6/22/2003,274,2.65
6/23/2003,286,2.72
6/24/2003,266,2.6
6/25/2003,246,2.48
6/26/2003,246,2.47
6/27/2003,248,2.49
6/28/2003,248,2.48
6/29/2003,247,2.48
6/30/2003,263,2.57
7/1/2003,260,2.56
7/2/2003,247,2.48
7/3/2003,243,2.45
7/4/2003,247,2.48
7/5/2003,248,2.48
7/6/2003,250,2.5
7/7/2003,245,2.46
7/8/2003,246,2.47
7/9/2003,245,2.47
7/10/2003,248,2.48
7/11/2003,242,2.45
7/12/2003,228,2.35
7/13/2003,200,2.17
7/14/2003,174,1.98
7/15/2003,152,1.82
7/16/2003,152,1.83
7/17/2003,148,1.8
7/18/2003,148,1.8
7/19/2003,86,1.25
7/20/2003,20,0.36
7/21/2003,0,-0.01
7/22/2003,0,-0.01
7/23/2003,0,-0.01
7/24/2003,0,-0.01
7/25/2003,0,0
7/26/2003,0,0
7/27/2003,0,0
7/28/2003,0,0
7/29/2003,160,1.56
7/30/2003,49,0.57
7/31/2003,0,-0.01
8/1/2003,0,-0.03
8/2/2003,0,-0.03
8/3/2003,113,1.3
8/4/2003,199,2.17
8/5/2003,200,2.17
8/6/2003,200,2.17
8/7/2003,199,2.16
8/8/2003,200,2.17
8/9/2003,192,2.08
8/10/2003,2.1,0.14
8/11/2003,0,0.08
8/12/2003,0,0.06
8/13/2003,0,0
8/14/2003,0,-0.01
8/15/2003,0,-0.02
8/16/2003,0,-0.02
8/17/2003,0,-0.02
8/18/2003,0,-0.02
8/19/2003,0,-0.02
8/20/2003,0,-0.03
8/21/2003,0,-0.03
8/22/2003,0,-0.03
8/23/2003,0,-0.03
8/24/2003,0,-0.03
8/25/2003,0,-0.03
8/26/2003,0,-0.03
8/27/2003,0,-0.03
8/28/2003,0,-0.03
8/29/2003,0,-0.03
8/30/2003,0,-0.03
8/31/2003,0,-0.04
9/1/2003,161,1.61
9/2/2003,226,2.35
9/3/2003,63,0.89
9/4/2003,0,0.08
9/5/2003,0,0.07
9/6/2003,0,0.06
9/7/2003,0,0.06
9/8/2003,0,0.06
9/9/2003,0,0.03
9/10/2003,0,0
9/11/2003,0,0
9/12/2003,0,0
9/13/2003,0,0
9/14/2003,27,0.52
9/15/2003,68,1.09
9/16/2003,66,1.08
9/17/2003,59,1.01
9/18/2003,21,0.42
9/19/2003,0,-44.36
9/20/2003,0,0
9/21/2003,0,0
9/22/2003,0,0
9/23/2003,0,0
9/24/2003,0,0
9/25/2003,0,0
9/26/2003,0,0
9/27/2003,0,0
9/28/2003,0,0
9/29/2003,0,0
9/30/2003,0,0
10/1/2003,0,-0.01
10/2/2003,0,-0.01
10/3/2003,0,-0.01
10/4/2003,0,-0.01
10/5/2003,0,-0.01
10/6/2003,0,-0.01
10/7/2003,0,-0.01
10/8/2003,0,-0.01
10/9/2003,0,-0.01
10/10/2003,0,-0.01
10/11/2003,0,-0.01
10/12/2003,0,-0.01
10/13/2003,0,-0.01
10/14/2003,0,-0.01
10/15/2003,0,-0.01
10/16/2003,0,-0.01
10/17/2003,0,-0.01
10/18/2003,0,-0.01
10/19/2003,0,-0.01
10/20/2003,0,-0.01
10/21/2003,0,-0.01
10/22/2003,0,-0.01
10/23/2003,0,-0.01
10/24/2003,0,-0.01
10/25/2003,0,-0.01
10/26/2003,0,-0.01
10/27/2003,0,-0.01
10/28/2003,0,-0.01
10/29/2003,0,-0.01
10/30/2003,0,-0.01
10/31/2003,0,-0.01
11/1/2003,21,0.37
11/2/2003,34,0.63
11/3/2003,34,0.63
11/4/2003,28,0.57
11/5/2003,48,0.88
11/6/2003,94,1.35
11/7/2003,107,1.47
11/8/2003,114,1.53
11/9/2003,123,1.6
11/10/2003,124,1.62
11/11/2003,114,1.53
11/12/2003,97,1.38
11/13/2003,90,1.31
11/14/2003,87,1.29
11/15/2003,0.17,0.01
11/16/2003,0,0
11/17/2003,0,0
11/18/2003,0,0
11/19/2003,0,0
11/20/2003,0,0
11/21/2003,0,0
11/22/2003,0,0
11/23/2003,0,0
11/24/2003,0,0
11/25/2003,0,0
11/26/2003,0,0
11/27/2003,0,0
11/28/2003,0,0
11/29/2003,0,0
11/30/2003,0,0
12/1/2003,0,0
12/2/2003,0,0
12/3/2003,0,0
12/4/2003,0,0
12/5/2003,0,0
12/6/2003,0,0
12/7/2003,0,0
12/8/2003,0,0
12/9/2003,0,0
12/10/2003,0,0
12/11/2003,0,0
12/12/2003,0,0
12/13/2003,0,0
12/14/2003,0,0
12/15/2003,0,0
12/16/2003,0,0
12/17/2003,0,0
12/18/2003,0,0
12/19/2003,0,0
12/20/2003,0,0
12/21/2003,0,0
12/22/2003,0,0
12/23/2003,0,-41.63
12/24/2003,0,0
12/25/2003,0,0
12/26/2003,0,0
12/27/2003,0,0
12/28/2003,0,0
12/29/2003,0,0
12/30/2003,0,0
12/31/2003,0,0
1/1/2004,0,0
1/2/2004,0,0
1/3/2004,0,0
1/4/2004,0,0
1/5/2004,0,0
1/6/2004,0,0
1/7/2004,0,0
1/8/2004,0,0
1/9/2004,0,0
1/10/2004,0,0
1/11/2004,0,0
1/12/2004,0,0
1/13/2004,0,0
1/14/2004,0,0
1/15/2004,0,0
1/16/2004,0,0
1/17/2004,0,0
1/18/2004,0,0
1/19/2004,0,0
1/20/2004,0,0
1/21/2004,0,0
1/22/2004,0,0
1/23/2004,0,0
1/24/2004,0,0
1/25/2004,0,0
1/26/2004,0,0
1/27/2004,0,0
1/28/2004,0,0
1/29/2004,0,0
1/30/2004,0,0
1/31/2004,0,0
2/1/2004,0,0
2/2/2004,0,0
2/3/2004,0,0
2/4/2004,0,0
2/5/2004,0,0
2/6/2004,0,0
2/7/2004,0,0
2/8/2004,0,0
2/9/2004,0,0
2/10/2004,0,0
2/11/2004,0,0
2/12/2004,0,0
2/13/2004,0,0
2/14/2004,0,0
2/15/2004,0,0
2/16/2004,0,0
2/17/2004,0,0
2/18/2004,0,0
2/19/2004,0,0
2/20/2004,0,0
2/21/2004,0,0
2/22/2004,0,0
2/23/2004,0,0
2/24/2004,0,0
2/25/2004,0,0
2/26/2004,0,0
2/27/2004,0,0
2/28/2004,0,0
2/29/2004,0,0
3/1/2004,0,0
3/2/2004,0,0
3/3/2004,0,0
3/4/2004,0,0
3/5/2004,0,0
3/6/2004,0,0
3/7/2004,0,0
3/8/2004,0,0
3/9/2004,0,0
3/10/2004,0,0
3/11/2004,0,0
3/12/2004,0,0
3/13/2004,0,0
3/14/2004,0,0
3/15/2004,0,0
3/16/2004,77,1.04
3/17/2004,99,1.4
3/18/2004,97,1.38
3/19/2004,30,0.52
3/20/2004,0,0
3/21/2004,0,0
3/22/2004,0,0
3/23/2004,0,0
3/24/2004,0,0
3/25/2004,15,0.34
3/26/2004,33,0.71
3/27/2004,55,0.96
3/28/2004,75,1.18
3/29/2004,89,1.3
3/30/2004,104,1.44
3/31/2004,116,1.54
4/1/2004,101,1.41
4/2/2004,24,0.46
4/3/2004,0,0
4/4/2004,33,0.57
4/5/2004,161,1.62
4/6/2004,121,1.4
4/7/2004,106,1.46
4/8/2004,111,1.5
4/9/2004,148,1.79
4/10/2004,245,2.46
4/11/2004,243,2.45
4/12/2004,246,2.47
4/13/2004,247,2.48
4/14/2004,247,2.48
4/15/2004,225,2.34
4/16/2004,201,2.18
4/17/2004,225,2.34
4/18/2004,221,2.31
4/19/2004,174,1.99
4/20/2004,119,1.57
4/21/2004,89,1.3
4/22/2004,55,0.96
4/23/2004,170,1.91
4/24/2004,242,2.45
4/25/2004,240,2.43
4/26/2004,243,2.45
4/27/2004,247,2.48
4/28/2004,246,2.47
4/29/2004,245,2.46
4/30/2004,244,2.46
5/1/2004,244,2.46
5/2/2004,246,2.47
5/3/2004,248,2.48
5/4/2004,249,2.49
5/5/2004,249,2.49
5/6/2004,250,2.5
5/7/2004,250,2.5
5/8/2004,249,2.49
5/9/2004,250,2.5
5/10/2004,246,2.47
5/11/2004,249,2.49
5/12/2004,249,2.49
5/13/2004,247,2.47
5/14/2004,248,2.48
5/15/2004,250,2.48
5/16/2004,248,2.47
5/17/2004,251,2.47
5/18/2004,253,2.5
5/19/2004,248,2.49
5/20/2004,243,2.45
5/21/2004,249,2.5
5/22/2004,247,2.48
5/23/2004,245,2.46
5/24/2004,244,2.46
5/25/2004,244,2.46
5/26/2004,244,2.46
5/27/2004,247,2.48
5/28/2004,247,2.48
5/29/2004,245,2.47
5/30/2004,250,2.49
5/31/2004,250,2.49
6/1/2004,247,2.48
6/2/2004,246,2.47
6/3/2004,248,2.48
6/4/2004,246,2.47
6/5/2004,247,2.48
6/6/2004,242,2.45
6/7/2004,245,2.47
6/8/2004,247,2.48
6/9/2004,245,2.47
6/10/2004,244,2.46
6/11/2004,247,2.48
6/12/2004,247,2.48
6/13/2004,247,2.48
6/14/2004,247,2.48
6/15/2004,247,2.47
6/16/2004,251,2.5
6/17/2004,250,2.49
6/18/2004,245,2.45
6/19/2004,248,2.46
6/20/2004,226,2.31
6/21/2004,219,2.27
6/22/2004,249,2.48
6/23/2004,249,2.49
6/24/2004,245,2.47
6/25/2004,245,2.47
6/26/2004,247,2.48
6/27/2004,223,2.32
6/28/2004,158,1.88
6/29/2004,178,2.01
6/30/2004,148,1.8
7/1/2004,191,2.11
7/2/2004,204,2.2
7/3/2004,200,2.17
7/4/2004,195,2.14
7/5/2004,214,2.26
7/6/2004,223,2.33
7/7/2004,238,2.43
7/8/2004,243,2.46
7/9/2004,244,2.46
7/10/2004,244,2.45
7/11/2004,226,2.33
7/12/2004,216,2.26
7/13/2004,73,1.12
7/14/2004,12,0.29
7/15/2004,0,0.01
7/16/2004,0,-0.02
7/17/2004,113,1.23
7/18/2004,261,2.56
7/19/2004,283,2.7
7/20/2004,262,2.57
7/21/2004,245,2.47
7/22/2004,246,2.47
7/23/2004,244,2.46
7/24/2004,241,2.44
7/25/2004,251,2.5
7/26/2004,243,2.46
7/27/2004,246,2.47
7/28/2004,245,2.46
7/29/2004,245,2.46
7/30/2004,248,2.48
7/31/2004,245,2.47
8/1/2004,247,2.48
8/2/2004,247,2.48
8/3/2004,248,2.48
8/4/2004,223,2.32
8/5/2004,249,2.49
8/6/2004,248,2.49
8/7/2004,252,2.51
8/8/2004,243,2.45
8/9/2004,244,2.46
8/10/2004,244,2.46
8/11/2004,245,2.47
8/12/2004,249,2.49
8/13/2004,246,2.47
8/14/2004,180,2.02
8/15/2004,151,1.82
8/16/2004,150,1.82
8/17/2004,73,0.9
8/18/2004,0,-0.02
8/19/2004,1.3,0.03
8/20/2004,13,0.25
8/21/2004,135,1.69
8/22/2004,153,1.84
8/23/2004,186,2.07
8/24/2004,194,2.13
8/25/2004,193,2.12
8/26/2004,194,2.13
8/27/2004,206,2.21
8/28/2004,212,2.25
8/29/2004,216,2.28
8/30/2004,216,2.28
8/31/2004,216,2.28
9/1/2004,212,2.25
9/2/2004,139,1.71
9/3/2004,37,0.66
9/4/2004,1.8,0.07
9/5/2004,0,-0.02
9/6/2004,0,-0.04
9/7/2004,22,0.48
9/8/2004,37,0.75
9/9/2004,39,0.78
9/10/2004,33,0.7
9/11/2004,11,0.24
9/12/2004,0,-0.01
9/13/2004,0,-0.01
9/14/2004,0,-0.01
9/15/2004,0,-0.01
9/16/2004,0,-0.02
9/17/2004,0,-0.02
9/18/2004,0,-0.02
9/19/2004,0,-0.02
9/20/2004,0,-0.02
9/21/2004,0,-0.02
9/22/2004,0,-0.03
9/23/2004,0,-0.03
9/24/2004,0,-0.03
9/25/2004,24,0.48
9/26/2004,38,0.77
9/27/2004,5.1,0.16
9/28/2004,0,0
9/29/2004,0,-0.01
9/30/2004,0,-0.01
10/1/2004,0,-0.01
10/2/2004,0,-0.01
10/3/2004,103,1.23
10/4/2004,203,2.19
10/5/2004,205,2.2
10/6/2004,203,2.19
10/7/2004,204,2.2
10/8/2004,206,2.21
10/9/2004,123,1.56
10/10/2004,64,1.06
10/11/2004,58,1
10/12/2004,58,1
10/13/2004,49,0.9
10/14/2004,44,0.84
10/15/2004,51,0.92
10/16/2004,71,1.12
10/17/2004,107,1.45
10/18/2004,115,1.52
10/19/2004,128,1.64
10/20/2004,123,1.6
10/21/2004,98,1.39
10/22/2004,108,1.48
10/23/2004,118,1.56
10/24/2004,151,1.82
10/25/2004,169,1.95
10/26/2004,170,1.96
10/27/2004,190,2.1
10/28/2004,226,2.35
10/29/2004,240,2.44
10/30/2004,241,2.44
10/31/2004,240,2.44
11/1/2004,241,2.44
11/2/2004,244,2.46
11/3/2004,245,2.46
11/4/2004,243,2.45
11/5/2004,244,2.46
11/6/2004,243,2.46
11/7/2004,243,2.45
11/8/2004,244,2.46
11/9/2004,243,2.46
11/10/2004,243,2.45
11/11/2004,216,2.28
11/12/2004,209,2.23
11/13/2004,210,2.24
11/14/2004,192,2.06
11/15/2004,0,-0.02
11/16/2004,0,0
11/17/2004,0,0
11/18/2004,0,0
11/19/2004,0,0
11/20/2004,0,0
11/21/2004,0,0
11/22/2004,0,0
11/23/2004,0,0
11/24/2004,0,0
11/25/2004,0,0
11/26/2004,0,0
11/27/2004,0,0
11/28/2004,0,0
11/29/2004,0,0
11/30/2004,0,0
12/1/2004,0,0
12/2/2004,0,0
12/3/2004,0,0
12/4/2004,0,0
12/5/2004,0,0
12/6/2004,0,0
12/7/2004,0,0
12/8/2004,0,0
12/9/2004,0,0
12/10/2004,0,0
12/11/2004,0,0
12/12/2004,0,0
12/13/2004,0,0
12/14/2004,0,0
12/15/2004,0,0
12/16/2004,0,0
12/17/2004,0,0
12/18/2004,0,0
12/19/2004,0,0
12/20/2004,0,0
12/21/2004,0,0
12/22/2004,0,0
12/23/2004,0,0
12/24/2004,0,0
12/25/2004,0,0
12/26/2004,0,0
12/27/2004,0,0
12/28/2004,0,0
12/29/2004,0,0
12/30/2004,0,0
12/31/2004,0,0
1/1/2005,0,0
1/2/2005,0,0
1/3/2005,0,0
1/4/2005,0,0
1/5/2005,0,0
1/6/2005,0,0
1/7/2005,0,0
1/8/2005,0,0
1/9/2005,0,0
1/10/2005,0,0
1/11/2005,0,0
1/12/2005,0,0
1/13/2005,0,0
1/14/2005,0,0
1/15/2005,0,0
1/16/2005,0,0
1/17/2005,0,0
1/18/2005,0,0
1/19/2005,0,0
1/20/2005,0,0
1/21/2005,0,0
1/22/2005,0,0
1/23/2005,0,0
1/24/2005,0,0
1/25/2005,0,0
1/26/2005,0,0
1/27/2005,0,0
1/28/2005,0,0
1/29/2005,0,0
1/30/2005,0,0
1/31/2005,0,0
2/1/2005,0,0
2/2/2005,0,0
2/3/2005,0,0
2/4/2005,0,0
2/5/2005,0,0
2/6/2005,0,0
2/7/2005,0,0
2/8/2005,0,0
2/9/2005,0,0
2/10/2005,0,0
2/11/2005,0,0
2/12/2005,0,0
2/13/2005,0,0
2/14/2005,0,0
2/15/2005,0,0
2/16/2005,0,0
2/17/2005,0,0
2/18/2005,0,0
2/19/2005,0,0
2/20/2005,0,0
2/21/2005,0,0
2/22/2005,0,0
2/23/2005,0,0
2/24/2005,0,0
2/25/2005,0,0
2/26/2005,0,0
2/27/2005,0,0
2/28/2005,0,0
3/1/2005,0,0
3/2/2005,0,0
3/3/2005,0,0
3/4/2005,0,0
3/5/2005,0,0
3/6/2005,0,0
3/7/2005,0,0
3/8/2005,0,0
3/9/2005,0,-20.81
3/10/2005,0,0
3/11/2005,0,0
3/12/2005,0,0
3/13/2005,0,0
3/14/2005,0,0
3/15/2005,0,0
3/16/2005,0,0
3/17/2005,65,0.93
3/18/2005,140,1.73
3/19/2005,153,1.84
3/20/2005,144,1.73
3/21/2005,193,2.13
3/22/2005,211,2.24
3/23/2005,218,2.29
3/24/2005,226,2.34
3/25/2005,234,2.39
3/26/2005,234,2.39
3/27/2005,237,2.41
3/28/2005,248,2.48
3/29/2005,250,2.49
3/30/2005,243,2.45
3/31/2005,187,2.07
4/1/2005,169,1.94
4/2/2005,239,2.43
4/3/2005,249,2.49
4/4/2005,248,2.48
4/5/2005,241,2.44
4/6/2005,183,1.96
4/7/2005,242,2.45
4/8/2005,240,2.43
4/9/2005,243,2.47
4/10/2005,244,2.47
4/11/2005,232,2.39
4/12/2005,214,2.25
4/13/2005,260,2.56
4/14/2005,272,2.63
4/15/2005,272,2.63
4/16/2005,272,2.63
4/17/2005,272,2.63
4/18/2005,272,2.63
4/19/2005,268,2.61
4/20/2005,281,2.69
4/21/2005,290,2.74
4/22/2005,290,2.74
4/23/2005,290,2.74
4/24/2005,292,2.75
4/25/2005,292,2.75
4/26/2005,281,2.69
4/27/2005,273,2.64
4/28/2005,278,2.67
4/29/2005,277,2.66
4/30/2005,256,2.53
5/1/2005,246,2.47
5/2/2005,248,2.48
5/3/2005,250,2.5
5/4/2005,245,2.47
5/5/2005,244,2.46
5/6/2005,246,2.47
5/7/2005,247,2.48
5/8/2005,246,2.47
5/9/2005,247,2.48
5/10/2005,246,2.47
5/11/2005,246,2.47
5/12/2005,246,2.47
5/13/2005,245,2.46
5/14/2005,246,2.47
5/15/2005,247,2.48
5/16/2005,246,2.47
5/17/2005,246,2.47
5/18/2005,246,2.47
5/19/2005,246,2.47
5/20/2005,248,2.49
5/21/2005,244,2.46
5/22/2005,245,2.46
5/23/2005,253,2.51
5/24/2005,288,2.73
5/25/2005,286,2.73
5/26/2005,288,2.74
5/27/2005,288,2.74
5/28/2005,288,2.74
5/29/2005,287,2.73
5/30/2005,265,2.6
5/31/2005,258,2.55
6/1/2005,258,2.54
6/2/2005,257,2.53
6/3/2005,279,2.66
6/4/2005,284,2.68
6/5/2005,283,2.67
6/6/2005,285,2.69
6/7/2005,283,2.7
6/8/2005,258,2.55
6/9/2005,246,2.47
6/10/2005,245,2.47
6/11/2005,245,2.47
6/12/2005,244,2.46
6/13/2005,244,2.46
6/14/2005,248,2.48
6/15/2005,247,2.48
6/16/2005,247,2.48
6/17/2005,247,2.48
6/18/2005,246,2.47
6/19/2005,242,2.45
6/20/2005,246,2.47
6/21/2005,246,2.47
6/22/2005,310,2.85
6/23/2005,336,3
6/24/2005,287,2.72
6/25/2005,311,2.85
6/26/2005,345,3.05
6/27/2005,279,2.66
6/28/2005,247,2.48
6/29/2005,248,2.48
6/30/2005,247,2.48
7/1/2005,247,2.48
7/2/2005,246,2.47
7/3/2005,247,2.48
7/4/2005,247,2.48
7/5/2005,247,2.48
7/6/2005,245,2.46
7/7/2005,247,2.48
7/8/2005,247,2.48
7/9/2005,246,2.47
7/10/2005,246,2.47
7/11/2005,245,2.47
7/12/2005,246,2.47
7/13/2005,246,2.47
7/14/2005,246,2.47
7/15/2005,279,2.67
7/16/2005,245,2.47
7/17/2005,244,2.46
7/18/2005,245,2.47
7/19/2005,246,2.47
7/20/2005,246,2.46
7/21/2005,250,2.49
7/22/2005,247,2.48
7/23/2005,247,2.48
7/24/2005,63,0.88
7/25/2005,0,-0.04
7/26/2005,0,-0.02
7/27/2005,119,1.19
7/28/2005,238,2.42
7/29/2005,255,2.53
7/30/2005,275,2.65
7/31/2005,211,2.24
8/1/2005,210,2.24
8/2/2005,210,2.24
8/3/2005,209,2.23
8/4/2005,209,2.23
8/5/2005,235,2.4
8/6/2005,264,2.59
8/7/2005,249,2.5
8/8/2005,288,2.74
8/9/2005,262,2.58
8/10/2005,224,2.33
8/11/2005,245,2.46
8/12/2005,247,2.48
8/13/2005,246,2.47
8/14/2005,249,2.49
8/15/2005,246,2.47
8/16/2005,248,2.49
8/17/2005,249,2.49
8/18/2005,251,2.49
8/19/2005,231,2.38
8/20/2005,185,2.07
8/21/2005,228,2.35
8/22/2005,247,2.48
8/23/2005,246,2.47
8/24/2005,249,2.49
8/25/2005,249,2.48
8/26/2005,248,2.48
8/27/2005,234,2.4
8/28/2005,187,2.08
8/29/2005,170,1.96
8/30/2005,129,1.64
8/31/2005,34,0.59
9/1/2005,0,-0.03
9/2/2005,0,-0.03
9/3/2005,0,-0.03
9/4/2005,0,-0.03
9/5/2005,0,-0.03
9/6/2005,0,-0.01
9/7/2005,0,0
9/8/2005,0,0
9/9/2005,0,0
9/10/2005,0,0
9/11/2005,0,0
9/12/2005,0,0
9/13/2005,44,0.64
9/14/2005,146,1.78
9/15/2005,204,2.2
9/16/2005,212,2.25
9/17/2005,213,2.25
9/18/2005,212,2.24
9/19/2005,212,2.24
9/20/2005,211,2.24
9/21/2005,210,2.24
9/22/2005,137,1.51
9/23/2005,0,-0.05
9/24/2005,0,0
9/25/2005,0,0
9/26/2005,0,0
9/27/2005,0,0
9/28/2005,0,0
9/29/2005,0,0
9/30/2005,0,0
10/1/2005,0,0
10/2/2005,0,0
10/3/2005,0,0
10/4/2005,0,0
10/5/2005,0,0
10/6/2005,0,0
10/7/2005,0,0
10/8/2005,0,0
10/9/2005,0,0
10/10/2005,0,0
10/11/2005,104,1.26
10/12/2005,211,2.24
10/13/2005,239,2.43
10/14/2005,243,2.45
10/15/2005,244,2.46
10/16/2005,193,2.09
10/17/2005,132,1.67
10/18/2005,180,2.03
10/19/2005,199,2.17
10/20/2005,215,2.27
10/21/2005,229,2.36
10/22/2005,215,2.26
10/23/2005,204,2.19
10/24/2005,203,2.18
10/25/2005,188,2.08
10/26/2005,179,2.03
10/27/2005,171,1.97
10/28/2005,160,1.89
10/29/2005,164,1.91
10/30/2005,162,1.9
10/31/2005,161,1.89
11/1/2005,162,1.9
11/2/2005,163,1.91
11/3/2005,149,1.81
11/4/2005,152,1.83
11/5/2005,162,1.91
11/6/2005,162,1.91
11/7/2005,162,1.91
11/8/2005,162,1.91
11/9/2005,170,1.96
11/10/2005,177,2.01
11/11/2005,178,2.02
11/12/2005,178,2.02
11/13/2005,177,2.01
11/14/2005,170,1.93
11/15/2005,1.1,0.05
11/16/2005,0,0
11/17/2005,0,0
11/18/2005,0,0
11/19/2005,0,0
11/20/2005,0,0
11/21/2005,0,0
11/22/2005,0,0
11/23/2005,0,0
11/24/2005,0,0
11/25/2005,0,0
11/26/2005,0,0
11/27/2005,0,0
11/28/2005,0,0
11/29/2005,0,0
11/30/2005,0,0
12/1/2005,0,0
12/2/2005,0,0
12/3/2005,0,0
12/4/2005,0,0
12/5/2005,0,0
12/6/2005,0,0
12/7/2005,0,0
12/8/2005,0,0
12/9/2005,0,0
12/10/2005,0,0
12/11/2005,0,0
12/12/2005,0,0
12/13/2005,0,0
12/14/2005,0,0
12/15/2005,0,0
12/16/2005,0,0
12/17/2005,0,0
12/18/2005,0,0
12/19/2005,0,0
12/20/2005,0,0
12/21/2005,0,0
12/22/2005,0,0
12/23/2005,0,0
12/24/2005,0,0
12/25/2005,0,0
12/26/2005,0,0
12/27/2005,0,0
12/28/2005,0,0
12/29/2005,0,0
12/30/2005,0,0
12/31/2005,0,0
1/1/2006,0,0
1/2/2006,0,0
1/3/2006,0,0
1/4/2006,0,0
1/5/2006,0,0
1/6/2006,0,0
1/7/2006,0,0
1/8/2006,0,0
1/9/2006,0,0
1/10/2006,0,0
1/11/2006,0,0
1/12/2006,0,0
1/13/2006,0,0
1/14/2006,0,0
1/15/2006,0,0
1/16/2006,0,0
1/17/2006,0,0
1/18/2006,0,0
1/19/2006,0,0
1/20/2006,0,0
1/21/2006,0,0
1/22/2006,0,0
1/23/2006,0,0
1/24/2006,0,0
1/25/2006,0,0
1/26/2006,0,0
1/27/2006,0,0
1/28/2006,0,0
1/29/2006,0,0
1/30/2006,0,0
1/31/2006,0,0
2/1/2006,0,0
2/2/2006,0,0
2/3/2006,0,0
2/4/2006,0,0
2/5/2006,0,0
2/6/2006,0,0
2/7/2006,0,0
2/8/2006,0,0
2/9/2006,0,0
2/10/2006,0,0
2/11/2006,0,0
2/12/2006,0,0
2/13/2006,0,0
2/14/2006,0,0
2/15/2006,0,0
2/16/2006,0,0
2/17/2006,0,0
2/18/2006,0,0
2/19/2006,0,0
2/20/2006,0,0
2/21/2006,0,0
2/22/2006,0,0
2/23/2006,0,0
2/24/2006,0,0
2/25/2006,0,0
2/26/2006,0,0
2/27/2006,0,0
2/28/2006,0,0
3/1/2006,0,0
3/2/2006,0,0
3/3/2006,0,0
3/4/2006,0,0
3/5/2006,0,0
3/6/2006,0,0
3/7/2006,0,0
3/8/2006,0,0
3/9/2006,0,0
3/10/2006,0,0
3/11/2006,0,0
3/12/2006,0,0
3/13/2006,0,0
3/14/2006,0,0
3/15/2006,0,0
3/16/2006,70,0.98
3/17/2006,102,1.43
3/18/2006,126,1.62
3/19/2006,136,1.7
3/20/2006,138,1.73
3/21/2006,158,1.88
3/22/2006,171,1.97
3/23/2006,171,1.97
3/24/2006,196,2.14
3/25/2006,145,1.75
3/26/2006,107,1.46
3/27/2006,137,1.71
3/28/2006,149,1.81
3/29/2006,149,1.81
3/30/2006,151,1.81
3/31/2006,153,1.83
4/1/2006,150,1.81
4/2/2006,110,1.48
4/3/2006,49,0.9
4/4/2006,49,0.9
4/5/2006,48,0.89
4/6/2006,47,0.88
4/7/2006,32,0.64
4/8/2006,0,0
4/9/2006,0,-0.01
4/10/2006,0,-0.01
4/11/2006,0,0
4/12/2006,0,0
4/13/2006,0,0
4/14/2006,0,0
4/15/2006,0,0
4/16/2006,0,0
4/17/2006,0,0
4/18/2006,0,0
4/19/2006,0,0
4/20/2006,0,0
4/21/2006,0,0
4/22/2006,0,0
4/23/2006,107,1.21
4/24/2006,209,2.23
4/25/2006,208,2.23
4/26/2006,207,2.22
4/27/2006,209,2.23
4/28/2006,210,2.24
4/29/2006,211,2.24
4/30/2006,212,2.24
5/1/2006,255,2.51
5/2/2006,280,2.68
5/3/2006,198,2.12
5/4/2006,69,1.09
5/5/2006,28,0.58
5/6/2006,36,0.71
5/7/2006,79,1.17
5/8/2006,112,1.46
5/9/2006,71,1.08
5/10/2006,60,1.01
5/11/2006,74,1.17
5/12/2006,96,1.36
5/13/2006,92,1.33
5/14/2006,89,1.29
5/15/2006,120,1.53
5/16/2006,216,2.27
5/17/2006,246,2.47
5/18/2006,247,2.48
5/19/2006,246,2.47
5/20/2006,247,2.47
5/21/2006,246,2.46
5/22/2006,246,2.46
5/23/2006,246,2.47
5/24/2006,247,2.48
5/25/2006,249,2.49
5/26/2006,248,2.49
5/27/2006,248,2.48
5/28/2006,249,2.49
5/29/2006,248,2.49
5/30/2006,247,2.48
5/31/2006,253,2.51
6/1/2006,299,2.8
6/2/2006,264,2.59
6/3/2006,247,2.48
6/4/2006,249,2.49
6/5/2006,248,2.49
6/6/2006,247,2.48
6/7/2006,311,2.85
6/8/2006,341,3.04
6/9/2006,342,3.04
6/10/2006,344,3.05
6/11/2006,345,3.06
6/12/2006,310,2.86
6/13/2006,247,2.48
6/14/2006,247,2.48
6/15/2006,248,2.48
6/16/2006,249,2.49
6/17/2006,252,2.49
6/18/2006,252,2.49
6/19/2006,249,2.46
6/20/2006,251,2.48
6/21/2006,247,2.48
6/22/2006,247,2.48
6/23/2006,246,2.47
6/24/2006,248,2.48
6/25/2006,248,2.48
6/26/2006,247,2.48
6/27/2006,246,2.47
6/28/2006,244,2.46
6/29/2006,245,2.46
6/30/2006,245,2.46
7/1/2006,246,2.47
7/2/2006,246,2.47
7/3/2006,247,2.47
7/4/2006,250,2.49
7/5/2006,246,2.47
7/6/2006,256,2.53
7/7/2006,302,2.81
7/8/2006,297,2.78
7/9/2006,271,2.62
7/10/2006,229,2.36
7/11/2006,256,2.54
7/12/2006,265,2.57
7/13/2006,252,2.51
7/14/2006,246,2.47
7/15/2006,246,2.47
7/16/2006,247,2.48
7/17/2006,247,2.48
7/18/2006,248,2.48
7/19/2006,250,2.49
7/20/2006,246,2.47
7/21/2006,147,1.76
7/22/2006,168,1.89
7/23/2006,248,2.48
7/24/2006,243,2.45
7/25/2006,125,1.61
7/26/2006,81,1.23
7/27/2006,74,1.16
7/28/2006,176,2
7/29/2006,188,2.09
7/30/2006,187,2.08
7/31/2006,186,2.08
8/1/2006,186,2.08
8/2/2006,192,2.07
8/3/2006,245,2.47
8/4/2006,178,2.01
8/5/2006,167,1.87
8/6/2006,217,2.28
8/7/2006,106,1.46
8/8/2006,67,1.08
8/9/2006,233,2.39
8/10/2006,248,2.48
8/11/2006,246,2.47
8/12/2006,246,2.47
8/13/2006,243,2.45
8/14/2006,247,2.48
8/15/2006,244,2.46
8/16/2006,245,2.47
8/17/2006,247,2.48
8/18/2006,245,2.47
8/19/2006,220,2.3
8/20/2006,208,2.22
8/21/2006,222,2.32
8/22/2006,226,2.34
8/23/2006,239,2.43
8/24/2006,243,2.45
8/25/2006,233,2.39
8/26/2006,222,2.32
8/27/2006,205,2.21
8/28/2006,199,2.17
8/29/2006,214,2.27
8/30/2006,199,2.17
8/31/2006,194,2.13
9/1/2006,194,2.13
9/2/2006,175,1.97
9/3/2006,187,2.08
9/4/2006,190,2.1
9/5/2006,175,2
9/6/2006,169,1.96
9/7/2006,170,1.95
9/8/2006,161,1.89
9/9/2006,153,1.84
9/10/2006,152,1.83
9/11/2006,151,1.83
9/12/2006,150,1.81
9/13/2006,152,1.83
9/14/2006,151,1.82
9/15/2006,146,1.79
9/16/2006,147,1.79
9/17/2006,164,1.91
9/18/2006,163,1.9
9/19/2006,163,1.91
9/20/2006,162,1.91
9/21/2006,161,1.9
9/22/2006,161,1.9
9/23/2006,161,1.89
9/24/2006,162,1.89
9/25/2006,162,1.9
9/26/2006,162,1.9
9/27/2006,162,1.91
9/28/2006,163,1.91
9/29/2006,164,1.91
9/30/2006,165,1.91
10/1/2006,167,1.92
10/2/2006,168,1.92
10/3/2006,166,1.92
10/4/2006,164,1.92
10/5/2006,170,1.97
10/6/2006,172,1.98
10/7/2006,173,1.99
10/8/2006,173,1.99
10/9/2006,173,1.99
10/10/2006,172,1.98
10/11/2006,171,1.97
10/12/2006,173,1.98
10/13/2006,177,2.01
10/14/2006,180,2.03
10/15/2006,174,1.99
10/16/2006,174,1.99
10/17/2006,174,1.99
10/18/2006,173,1.99
10/19/2006,172,1.98
10/20/2006,173,1.98
10/21/2006,173,1.99
10/22/2006,173,1.98
10/23/2006,172,1.98
10/24/2006,166,1.93
10/25/2006,152,1.83
10/26/2006,150,1.82
10/27/2006,135,1.7
10/28/2006,123,1.6
10/29/2006,120,1.58
10/30/2006,120,1.58
10/31/2006,120,1.58
11/1/2006,120,1.58
11/2/2006,121,1.59
11/3/2006,122,1.59
11/4/2006,121,1.58
11/5/2006,123,1.59
11/6/2006,123,1.58
11/7/2006,124,1.6
11/8/2006,123,1.6
11/9/2006,121,1.59
11/10/2006,122,1.6
11/11/2006,122,1.6
11/12/2006,123,1.6
11/13/2006,122,1.59
11/14/2006,122,1.59
11/15/2006,4.8,0.08
11/16/2006,0,0
11/17/2006,0,0
11/18/2006,0,0
11/19/2006,0,0
11/20/2006,0,0
11/21/2006,0,0
11/22/2006,0,0
11/23/2006,0,0
11/24/2006,0,0
11/25/2006,0,0
11/26/2006,0,0
11/27/2006,0,0
11/28/2006,0,0
11/29/2006,0,0
11/30/2006,0,0
12/1/2006,0,0
12/2/2006,0,0
12/3/2006,0,0
12/4/2006,0,0
12/5/2006,0,0
12/6/2006,0,0
12/7/2006,0,0
12/8/2006,0,0
12/9/2006,0,0
12/10/2006,0,0
12/11/2006,0,0
12/12/2006,0,0
12/13/2006,0,0
12/14/2006,0,0
12/15/2006,0,0
12/16/2006,0,0
12/17/2006,0,0
12/18/2006,0,0
12/19/2006,0,0
12/20/2006,0,0
12/21/2006,0,0
12/22/2006,0,0
12/23/2006,0,0
12/24/2006,0,0
12/25/2006,0,0
12/26/2006,0,0
12/27/2006,0,0
12/28/2006,0,0
12/29/2006,0,0
12/30/2006,0,0
12/31/2006,0,0
1/1/2007,0,0
1/2/2007,0,0
1/3/2007,0,0
1/4/2007,0,0
1/5/2007,0,0
1/6/2007,0,0
1/7/2007,0,0
1/8/2007,0,0
1/9/2007,0,0
1/10/2007,0,0
1/11/2007,0,0
1/12/2007,0,0
1/13/2007,0,0
1/14/2007,0,0
1/15/2007,0,0
1/16/2007,0,0
1/17/2007,0,0
1/18/2007,0,0
1/19/2007,0,0
1/20/2007,0,0
1/21/2007,0,0
1/22/2007,0,0
1/23/2007,0,0
1/24/2007,0,0
1/25/2007,0,0
1/26/2007,0,0
1/27/2007,0,0
1/28/2007,0,0
1/29/2007,0,0
1/30/2007,0,0
1/31/2007,0,0
2/1/2007,0,0
2/2/2007,0,0
2/3/2007,0,0
2/4/2007,0,0
2/5/2007,0,0
2/6/2007,0,0
2/7/2007,0,0
2/8/2007,0,0
2/9/2007,0,0
2/10/2007,0,0
2/11/2007,0,0
2/12/2007,0,0
2/13/2007,0,0
2/14/2007,0,0
2/15/2007,0,0
2/16/2007,0,0
2/17/2007,0,0
2/18/2007,0,0
2/19/2007,0,0
2/20/2007,0,0
2/21/2007,0,0
2/22/2007,0,0
2/23/2007,0,0
2/24/2007,0,0
2/25/2007,0,0
2/26/2007,0,0
2/27/2007,0,0
2/28/2007,0,0
3/1/2007,0,0
3/2/2007,0,0
3/3/2007,0,0
3/4/2007,0,0
3/5/2007,0,0
3/6/2007,0,0
3/7/2007,0,0
3/8/2007,0,0
3/9/2007,0,0
3/10/2007,0,0
3/11/2007,0,0
3/12/2007,0,0
3/13/2007,0,0
3/14/2007,0,0
3/15/2007,0.52,0.03
3/16/2007,160,1.86
3/17/2007,152,1.83
3/18/2007,118,1.49
3/19/2007,148,1.8
3/20/2007,149,1.81
3/21/2007,147,1.79
3/22/2007,149,1.81
3/23/2007,147,1.8
3/24/2007,147,1.79
3/25/2007,149,1.81
3/26/2007,152,1.83
3/27/2007,188,2.07
3/28/2007,203,2.19
3/29/2007,202,2.19
3/30/2007,201,2.18
3/31/2007,201,2.18
4/1/2007,201,2.18
4/2/2007,223,2.32
4/3/2007,242,2.45
4/4/2007,263,2.58
4/5/2007,271,2.63
4/6/2007,272,2.63
4/7/2007,271,2.63
4/8/2007,274,2.64
4/9/2007,254,2.52
4/10/2007,249,2.49
4/11/2007,248,2.48
4/12/2007,249,2.49
4/13/2007,191,2.1
4/14/2007,154,1.84
4/15/2007,154,1.85
4/16/2007,212,2.25
4/17/2007,246,2.47
4/18/2007,244,2.46
4/19/2007,246,2.47
4/20/2007,246,2.47
4/21/2007,246,2.47
4/22/2007,239,2.43
4/23/2007,217,2.28
4/24/2007,210,2.24
4/25/2007,189,2.1
4/26/2007,190,2.1
4/27/2007,189,2.1
4/28/2007,187,2.08
4/29/2007,187,2.08
4/30/2007,186,2.07
5/1/2007,186,2.08
5/2/2007,189,2.1
5/3/2007,207,2.22
5/4/2007,216,2.28
5/5/2007,217,2.29
5/6/2007,218,2.29
5/7/2007,215,2.27
5/8/2007,221,2.31
5/9/2007,254,2.52
5/10/2007,264,2.59
5/11/2007,255,2.53
5/12/2007,247,2.48
5/13/2007,260,2.56
5/14/2007,254,2.52
5/15/2007,248,2.48
5/16/2007,247,2.48
5/17/2007,250,2.5
5/18/2007,248,2.48
5/19/2007,253,2.5
5/20/2007,248,2.48
5/21/2007,247,2.47
5/22/2007,247,2.46
5/23/2007,251,2.48
5/24/2007,226,2.33
5/25/2007,202,2.17
5/26/2007,182,2.05
5/27/2007,183,2.06
5/28/2007,186,2.08
5/29/2007,190,2.1
5/30/2007,189,2.1
5/31/2007,183,2.06
6/1/2007,186,2.08
6/2/2007,189,2.1
6/3/2007,212,2.25
6/4/2007,211,2.24
6/5/2007,220,2.31
6/6/2007,227,2.35
6/7/2007,227,2.35
6/8/2007,227,2.35
6/9/2007,229,2.37
6/10/2007,263,2.57
6/11/2007,271,2.63
6/12/2007,258,2.55
6/13/2007,235,2.4
6/14/2007,212,2.25
6/15/2007,219,2.3
6/16/2007,235,2.4
6/17/2007,235,2.4
6/18/2007,236,2.41
6/19/2007,243,2.45
6/20/2007,270,2.62
6/21/2007,281,2.68
6/22/2007,259,2.55
6/23/2007,277,2.66
6/24/2007,275,2.65
6/25/2007,247,2.48
6/26/2007,205,2.11
6/27/2007,79,1.07
6/28/2007,138,1.71
6/29/2007,195,2.1
6/30/2007,219,2.29
7/1/2007,220,2.3
7/2/2007,221,2.3
7/3/2007,239,2.42
7/4/2007,247,2.48
7/5/2007,249,2.48
7/6/2007,250,2.49
7/7/2007,249,2.49
7/8/2007,249,2.49
7/9/2007,249,2.49
7/10/2007,246,2.48
7/11/2007,245,2.47
7/12/2007,247,2.48
7/13/2007,247,2.48
7/14/2007,247,2.48
7/15/2007,246,2.47
7/16/2007,246,2.47
7/17/2007,247,2.48
7/18/2007,246,2.47
7/19/2007,247,2.48
7/20/2007,248,2.48
7/21/2007,246,2.46
7/22/2007,277,2.64
7/23/2007,268,2.58
7/24/2007,248,2.48
7/25/2007,247,2.48
7/26/2007,246,2.47
7/27/2007,247,2.47
7/28/2007,248,2.49
7/29/2007,279,2.67
7/30/2007,296,2.77
7/31/2007,297,2.78
8/1/2007,298,2.78
8/2/2007,297,2.78
8/3/2007,297,2.78
8/4/2007,297,2.78
8/5/2007,296,2.78
8/6/2007,297,2.78
8/7/2007,296,2.78
8/8/2007,287,2.72
8/9/2007,270,2.62
8/10/2007,265,2.59
8/11/2007,282,2.69
8/12/2007,286,2.71
8/13/2007,282,2.69
8/14/2007,283,2.7
8/15/2007,282,2.69
8/16/2007,284,2.7
8/17/2007,277,2.66
8/18/2007,268,2.61
8/19/2007,244,2.46
8/20/2007,232,2.39
8/21/2007,241,2.44
8/22/2007,246,2.47
8/23/2007,246,2.47
8/24/2007,245,2.47
8/25/2007,245,2.47
8/26/2007,246,2.47
8/27/2007,246,2.47
8/28/2007,246,2.47
8/29/2007,245,2.47
8/30/2007,237,2.41
8/31/2007,231,2.38
9/1/2007,226,2.35
9/2/2007,226,2.35
9/3/2007,225,2.34
9/4/2007,227,2.35
9/5/2007,225,2.34
9/6/2007,226,2.35
9/7/2007,227,2.35
9/8/2007,225,2.34
9/9/2007,225,2.34
9/10/2007,226,2.35
9/11/2007,226,2.34
9/12/2007,224,2.33
9/13/2007,226,2.34
9/14/2007,226,2.34
9/15/2007,226,2.35
9/16/2007,209,2.23
9/17/2007,203,2.19
9/18/2007,206,2.21
9/19/2007,193,2.12
9/20/2007,185,2.07
9/21/2007,185,2.07
9/22/2007,184,2.06
9/23/2007,186,2.07
9/24/2007,177,2.01
9/25/2007,169,1.95
9/26/2007,167,1.94
9/27/2007,167,1.94
9/28/2007,181,2.04
9/29/2007,190,2.11
9/30/2007,192,2.12
10/1/2007,186,2.08
10/2/2007,184,2.06
10/3/2007,184,2.06
10/4/2007,184,2.06
10/5/2007,183,2.05
10/6/2007,179,2.02
10/7/2007,182,2.03
10/8/2007,184,2.04
10/9/2007,183,2.05
10/10/2007,189,2.09
10/11/2007,206,2.21
10/12/2007,210,2.24
10/13/2007,211,2.24
10/14/2007,207,2.22
10/15/2007,207,2.22
10/16/2007,198,2.16
10/17/2007,192,2.12
10/18/2007,193,2.13
10/19/2007,192,2.12
10/20/2007,190,2.11
10/21/2007,189,2.1
10/22/2007,191,2.11
10/23/2007,192,2.12
10/24/2007,192,2.12
10/25/2007,192,2.12
10/26/2007,193,2.13
10/27/2007,194,2.13
10/28/2007,194,2.13
10/29/2007,194,2.13
10/30/2007,194,2.13
10/31/2007,192,2.12
11/1/2007,192,2.12
11/2/2007,194,2.13
11/3/2007,193,2.12
11/4/2007,193,2.12
11/5/2007,192,2.12
11/6/2007,190,2.1
11/7/2007,191,2.11
11/8/2007,191,2.12
11/9/2007,191,2.11
11/10/2007,192,2.12
11/11/2007,191,2.11
11/12/2007,191,2.11
11/13/2007,191,2.11
11/14/2007,191,2.11
11/15/2007,5.3,0.08
11/16/2007,0,0
11/17/2007,0,0
11/18/2007,0,0
11/19/2007,0,0
11/20/2007,0,0
11/21/2007,0,0
11/22/2007,0,0
11/23/2007,0,0
11/24/2007,0,0
11/25/2007,0,0
11/26/2007,0,0
11/27/2007,0,0
11/28/2007,0,0
11/29/2007,0,0
11/30/2007,0,0
12/1/2007,0,0
12/2/2007,0,0
12/3/2007,0,0
12/4/2007,0,0
12/5/2007,0,0
12/6/2007,0,0
12/7/2007,0,0
12/8/2007,0,0
12/9/2007,0,0
12/10/2007,0,0
12/11/2007,0,0
12/12/2007,0,0
12/13/2007,0,0
12/14/2007,0,0
12/15/2007,0,0
12/16/2007,0,0
12/17/2007,0,0
12/18/2007,0,0
12/19/2007,0,0
12/20/2007,0,0
12/21/2007,0,0
12/22/2007,0,0
12/23/2007,0,0
12/24/2007,0,0
12/25/2007,0,0
12/26/2007,0,0
12/27/2007,0,0
12/28/2007,0,0
12/29/2007,0,0
12/30/2007,0,0
12/31/2007,0,0
1/1/2008,0,0
1/2/2008,0,0
1/3/2008,0,0
1/4/2008,0,0
1/5/2008,0,0
1/6/2008,0,0
1/7/2008,0,0
1/8/2008,0,0
1/9/2008,0,0
1/10/2008,0,0
1/11/2008,0,0
1/12/2008,0,0
1/13/2008,0,0
1/14/2008,0,0
1/15/2008,0,0
1/16/2008,0,0
1/17/2008,0,0
1/18/2008,0,0
1/19/2008,0,0
1/20/2008,0,0
1/21/2008,0,0
1/22/2008,0,0
1/23/2008,0,0
1/24/2008,0,0
1/25/2008,0,0
1/26/2008,0,0
1/27/2008,0,0
1/28/2008,0,0
1/29/2008,0,0
1/30/2008,0,0
1/31/2008,0,0
2/1/2008,0,0
2/2/2008,0,0
2/3/2008,0,0
2/4/2008,0,0
2/5/2008,0,0
2/6/2008,0,0
2/7/2008,0,0
2/8/2008,0,0
2/9/2008,0,0
2/10/2008,0,0
2/11/2008,0,0
2/12/2008,0,0
2/13/2008,0,0
2/14/2008,0,0
2/15/2008,0,0
2/16/2008,0,0
2/17/2008,0,0
2/18/2008,0,0
2/19/2008,0,0
2/20/2008,0,0
2/21/2008,0,0
2/22/2008,0,0
2/23/2008,0,0
2/24/2008,0,0
2/25/2008,0,0
2/26/2008,0,0
2/27/2008,0,0
2/28/2008,0,0
2/29/2008,0,0
3/1/2008,0,0
3/2/2008,0,0
3/3/2008,0,0
3/4/2008,0,0
3/5/2008,0,0
3/6/2008,0,0
3/7/2008,0,0
3/8/2008,0,0
3/9/2008,0,0
3/10/2008,0,0
3/11/2008,0,0
3/12/2008,0,0
3/13/2008,0,0
3/14/2008,0.34,0.02
3/15/2008,172,1.96
3/16/2008,167,1.94
3/17/2008,162,1.91
3/18/2008,180,2.04
3/19/2008,224,2.33
3/20/2008,257,2.54
3/21/2008,271,2.63
3/22/2008,273,2.64
3/23/2008,273,2.64
3/24/2008,285,2.71
3/25/2008,295,2.77
3/26/2008,296,2.77
3/27/2008,295,2.77
3/28/2008,305,2.83
3/29/2008,312,2.87
3/30/2008,322,2.92
3/31/2008,332,2.98
4/1/2008,333,2.99
4/2/2008,332,2.98
4/3/2008,333,2.98
4/4/2008,330,2.96
4/5/2008,326,2.92
4/6/2008,324,2.91
4/7/2008,323,2.91
4/8/2008,317,2.9
4/9/2008,306,2.84
4/10/2008,302,2.81
4/11/2008,294,2.77
4/12/2008,294,2.77
4/13/2008,292,2.76
4/14/2008,295,2.78
4/15/2008,308,2.85
4/16/2008,310,2.86
4/17/2008,281,2.69
4/18/2008,270,2.62
4/19/2008,269,2.61
4/20/2008,270,2.62
4/21/2008,272,2.63
4/22/2008,271,2.63
4/23/2008,270,2.62
4/24/2008,271,2.62
4/25/2008,270,2.62
4/26/2008,269,2.62
4/27/2008,268,2.61
4/28/2008,269,2.62
4/29/2008,278,2.67
4/30/2008,285,2.71
5/1/2008,285,2.71
5/2/2008,284,2.7
5/3/2008,285,2.71
5/4/2008,283,2.7
5/5/2008,284,2.71
5/6/2008,295,2.77
5/7/2008,302,2.81
5/8/2008,300,2.8
5/9/2008,301,2.81
5/10/2008,296,2.78
5/11/2008,281,2.69
5/12/2008,281,2.69
5/13/2008,280,2.68
5/14/2008,282,2.69
5/15/2008,282,2.69
5/16/2008,263,2.57
5/17/2008,246,2.47
5/18/2008,245,2.47
5/19/2008,247,2.48
5/20/2008,248,2.48
5/21/2008,247,2.48
5/22/2008,246,2.47
5/23/2008,266,2.6
5/24/2008,283,2.7
5/25/2008,283,2.7
5/26/2008,258,2.54
5/27/2008,246,2.47
5/28/2008,246,2.47
5/29/2008,247,2.46
5/30/2008,249,2.48
5/31/2008,248,2.49
6/1/2008,269,2.61
6/2/2008,285,2.71
6/3/2008,290,2.74
6/4/2008,289,2.73
6/5/2008,292,2.75
6/6/2008,288,2.73
6/7/2008,288,2.73
6/8/2008,276,2.65
6/9/2008,272,2.63
6/10/2008,254,2.52
6/11/2008,264,2.57
6/12/2008,290,2.71
6/13/2008,313,2.87
6/14/2008,334,3
6/15/2008,342,3.04
6/16/2008,342,3.04
6/17/2008,343,3.04
6/18/2008,342,3.04
6/19/2008,340,3.03
6/20/2008,341,3.03
6/21/2008,323,2.93
6/22/2008,320,2.92
6/23/2008,320,2.91
6/24/2008,321,2.92
6/25/2008,324,2.93
6/26/2008,332,2.95
6/27/2008,333,2.97
6/28/2008,332,2.98
6/29/2008,333,2.99
6/30/2008,323,2.93
7/1/2008,321,2.92
7/2/2008,324,2.94
7/3/2008,319,2.91
7/4/2008,327,2.96
7/5/2008,340,3.01
7/6/2008,330,2.96
7/7/2008,327,2.93
7/8/2008,328,2.94
7/9/2008,323,2.87
7/10/2008,321,2.9
7/11/2008,319,2.94
7/12/2008,276,2.77
7/13/2008,248,2.43
7/14/2008,246,2.47
7/15/2008,248,2.48
7/16/2008,243,2.46
7/17/2008,245,2.47
7/18/2008,246,2.47
7/19/2008,247,2.48
7/20/2008,246,2.47
7/21/2008,247,2.48
7/22/2008,248,2.48
7/23/2008,246,2.47
7/24/2008,247,2.48
7/25/2008,248,2.49
7/26/2008,249,2.49
7/27/2008,249,2.49
7/28/2008,249,2.49
7/29/2008,249,2.49
7/30/2008,249,2.49
7/31/2008,279,2.68
8/1/2008,295,2.77
8/2/2008,297,2.78
8/3/2008,298,2.79
8/4/2008,295,2.77
8/5/2008,297,2.78
8/6/2008,295,2.77
8/7/2008,295,2.77
8/8/2008,296,2.77
8/9/2008,296,2.78
8/10/2008,295,2.77
8/11/2008,284,2.7
8/12/2008,293,2.76
8/13/2008,296,2.77
8/14/2008,297,2.78
8/15/2008,272,2.63
8/16/2008,171,1.97
8/17/2008,173,1.98
8/18/2008,176,2
8/19/2008,194,2.13
8/20/2008,189,2.09
8/21/2008,204,2.2
8/22/2008,209,2.23
8/23/2008,210,2.24
8/24/2008,211,2.24
8/25/2008,210,2.24
8/26/2008,208,2.22
8/27/2008,222,2.32
8/28/2008,229,2.36
8/29/2008,230,2.37
8/30/2008,229,2.37
8/31/2008,230,2.37
9/1/2008,228,2.36
9/2/2008,227,2.36
9/3/2008,223,2.33
9/4/2008,219,2.3
9/5/2008,227,2.35
9/6/2008,232,2.39
9/7/2008,235,2.4
9/8/2008,235,2.41
9/9/2008,236,2.41
9/10/2008,236,2.41
9/11/2008,236,2.4
9/12/2008,238,2.4
9/13/2008,235,2.37
9/14/2008,237,2.38
9/15/2008,242,2.4
9/16/2008,236,2.39
9/17/2008,228,2.38
9/18/2008,220,2.32
9/19/2008,219,2.3
9/20/2008,185,2.06
9/21/2008,151,1.82
9/22/2008,159,1.88
9/23/2008,215,2.27
9/24/2008,232,2.38
9/25/2008,230,2.37
9/26/2008,213,2.26
9/27/2008,212,2.25
9/28/2008,205,2.2
9/29/2008,215,2.27
9/30/2008,206,2.21
10/1/2008,197,2.16
10/2/2008,180,2.03
10/3/2008,172,1.98
10/4/2008,156,1.86
10/5/2008,167,1.94
10/6/2008,169,1.96
10/7/2008,180,2.04
10/8/2008,180,2.03
10/9/2008,180,2.03
10/10/2008,175,1.99
10/11/2008,191,2.1
10/12/2008,189,2.08
10/13/2008,188,2.07
10/14/2008,189,2.09
10/15/2008,188,2.09
10/16/2008,187,2.08
10/17/2008,188,2.09
10/18/2008,188,2.09
10/19/2008,188,2.09
10/20/2008,188,2.09
10/21/2008,168,1.95
10/22/2008,156,1.86
10/23/2008,156,1.86
10/24/2008,156,1.86
10/25/2008,152,1.83
10/26/2008,151,1.82
10/27/2008,151,1.82
10/28/2008,151,1.82
10/29/2008,150,1.82
10/30/2008,151,1.82
10/31/2008,149,1.81
11/1/2008,150,1.82
11/2/2008,152,1.83
11/3/2008,155,1.85
11/4/2008,157,1.87
11/5/2008,160,1.86
11/6/2008,163,1.89
11/7/2008,162,1.91
11/8/2008,163,1.91
11/9/2008,164,1.92
11/10/2008,164,1.92
11/11/2008,163,1.91
11/12/2008,164,1.92
11/13/2008,162,1.91
11/14/2008,161,1.9
11/15/2008,3.9,0.1
11/16/2008,0,0
11/17/2008,0,0
11/18/2008,0,0
11/19/2008,0,0
11/20/2008,0,0
11/21/2008,0,0
11/22/2008,0,0
11/23/2008,0,0
11/24/2008,0,0
11/25/2008,0,0
11/26/2008,0,0
11/27/2008,0,0
11/28/2008,0,0
11/29/2008,0,0
11/30/2008,0,0
12/1/2008,0,0
12/2/2008,0,0
12/3/2008,0,0
12/4/2008,0,0
12/5/2008,0,0
12/6/2008,0,0
12/7/2008,0,0
12/8/2008,0,0
12/9/2008,0,0
12/10/2008,0,0
12/11/2008,0,0
12/12/2008,0,0
12/13/2008,0,0
12/14/2008,0,0
12/15/2008,0,0
12/16/2008,0,0
12/17/2008,0,0
12/18/2008,0,0
12/19/2008,0,0
12/20/2008,0,0
12/21/2008,0,0
12/22/2008,0,0
12/23/2008,0,0
12/24/2008,0,0
12/25/2008,0,0
12/26/2008,0,0
12/27/2008,0,0
12/28/2008,0,0
12/29/2008,0,0
12/30/2008,0,0
12/31/2008,0,0
1/1/2009,0,0
1/2/2009,0,0
1/3/2009,0,0
1/4/2009,0,0
1/5/2009,0,0
1/6/2009,0,0
1/7/2009,0,0
1/8/2009,0,0
1/9/2009,0,0
1/10/2009,0,0
1/11/2009,0,0
1/12/2009,0,0
1/13/2009,0,0
1/14/2009,0,0
1/15/2009,0,0
1/16/2009,0,0
1/17/2009,0,0
1/18/2009,0,0
1/19/2009,0,0
1/20/2009,0,0
1/21/2009,0,0
1/22/2009,0,0
1/23/2009,0,0
1/24/2009,0,0
1/25/2009,0,0
1/26/2009,0,0
1/27/2009,0,0
1/28/2009,0,0
1/29/2009,0,0
1/30/2009,0,0
1/31/2009,0,0
2/1/2009,0,0
2/2/2009,0,0
2/3/2009,0,0
2/4/2009,0,0
2/5/2009,0,0
2/6/2009,0,0
2/7/2009,0,0
2/8/2009,0,0
2/9/2009,0,0
2/10/2009,0,0
2/11/2009,0,0
2/12/2009,0,0
2/13/2009,0,0
2/14/2009,0,0
2/15/2009,0,0
2/16/2009,0,0
2/17/2009,0,0
2/18/2009,0,0
2/19/2009,0,0
2/20/2009,0,0
2/21/2009,0,0
2/22/2009,0,0
2/23/2009,0,0
2/24/2009,0,0
2/25/2009,0,0
2/26/2009,0,0
2/27/2009,0,0
2/28/2009,0,0
3/1/2009,0,0
3/2/2009,0,0
3/3/2009,0,0
3/4/2009,0,0
3/5/2009,0,0
3/6/2009,0,0
3/7/2009,0,0
3/8/2009,0,0
3/9/2009,0,0
3/10/2009,0,0
3/11/2009,0,0
3/12/2009,0,0
3/13/2009,0,0
3/14/2009,0,0
3/15/2009,141,1.53
3/16/2009,210,2.24
3/17/2009,217,2.29
3/18/2009,254,2.52
3/19/2009,265,2.59
3/20/2009,266,2.59
3/21/2009,265,2.59
3/22/2009,267,2.61
3/23/2009,266,2.59
3/24/2009,273,2.64
3/25/2009,278,2.67
3/26/2009,240,2.42
3/27/2009,157,1.87
3/28/2009,144,1.77
3/29/2009,137,1.71
3/30/2009,148,1.8
3/31/2009,186,2.07
4/1/2009,186,2.08
4/2/2009,205,2.2
4/3/2009,233,2.39
4/4/2009,230,2.37
4/5/2009,228,2.36
4/6/2009,231,2.38
4/7/2009,250,2.5
4/8/2009,277,2.66
4/9/2009,286,2.71
4/10/2009,285,2.71
4/11/2009,285,2.71
4/12/2009,275,2.65
4/13/2009,282,2.69
4/14/2009,294,2.76
4/15/2009,299,2.79
4/16/2009,286,2.71
4/17/2009,267,2.6
4/18/2009,265,2.59
4/19/2009,264,2.58
4/20/2009,263,2.58
4/21/2009,265,2.59
4/22/2009,265,2.59
4/23/2009,278,2.67
4/24/2009,283,2.7
4/25/2009,283,2.7
4/26/2009,283,2.7
4/27/2009,282,2.69
4/28/2009,278,2.67
4/29/2009,270,2.62
4/30/2009,282,2.69
5/1/2009,285,2.71
5/2/2009,271,2.63
5/3/2009,247,2.48
5/4/2009,249,2.49
5/5/2009,247,2.48
5/6/2009,245,2.47
5/7/2009,245,2.47
5/8/2009,246,2.47
5/9/2009,246,2.47
5/10/2009,246,2.47
5/11/2009,247,2.48
5/12/2009,246,2.47
5/13/2009,244,2.46
5/14/2009,247,2.48
5/15/2009,258,2.55
5/16/2009,280,2.68
5/17/2009,290,2.74
5/18/2009,296,2.77
5/19/2009,295,2.77
5/20/2009,293,2.76
5/21/2009,309,2.85
5/22/2009,300,2.8
5/23/2009,281,2.69
5/24/2009,256,2.53
5/25/2009,244,2.46
5/26/2009,237,2.41
5/27/2009,236,2.41
5/28/2009,223,2.33
5/29/2009,213,2.26
5/30/2009,214,2.27
5/31/2009,213,2.26
6/1/2009,212,2.25
6/2/2009,194,2.13
6/3/2009,172,1.98
6/4/2009,174,1.99
6/5/2009,176,2.01
6/6/2009,176,2
6/7/2009,198,2.15
6/8/2009,202,2.18
6/9/2009,212,2.25
6/10/2009,224,2.33
6/11/2009,224,2.33
6/12/2009,225,2.33
6/13/2009,225,2.33
6/14/2009,233,2.37
6/15/2009,250,2.48
6/16/2009,254,2.51
6/17/2009,254,2.52
6/18/2009,253,2.52
6/19/2009,252,2.52
6/20/2009,283,2.71
6/21/2009,302,2.83
6/22/2009,304,2.84
6/23/2009,297,2.79
6/24/2009,280,2.68
6/25/2009,279,2.68
6/26/2009,295,2.77
6/27/2009,304,2.82
6/28/2009,303,2.82
6/29/2009,304,2.82
6/30/2009,307,2.84
7/1/2009,308,2.85
7/2/2009,308,2.85
7/3/2009,302,2.83
7/4/2009,300,2.82
7/5/2009,294,2.8
7/6/2009,284,2.75
7/7/2009,272,2.65
7/8/2009,273,2.64
7/9/2009,278,2.67
7/10/2009,247,2.48
7/11/2009,247,2.48
7/12/2009,247,2.48
7/13/2009,248,2.49
7/14/2009,248,2.48
7/15/2009,248,2.48
7/16/2009,248,2.49
7/17/2009,246,2.47
7/18/2009,245,2.47
7/19/2009,247,2.48
7/20/2009,246,2.47
7/21/2009,247,2.48
7/22/2009,240,2.43
7/23/2009,246,2.47
7/24/2009,247,2.48
7/25/2009,246,2.47
7/26/2009,247,2.48
7/27/2009,243,2.45
7/28/2009,242,2.45
7/29/2009,231,2.37
7/30/2009,227,2.35
7/31/2009,247,2.48
8/1/2009,245,2.46
8/2/2009,246,2.47
8/3/2009,244,2.46
8/4/2009,248,2.48
8/5/2009,248,2.49
8/6/2009,262,2.57
8/7/2009,279,2.68
8/8/2009,276,2.66
8/9/2009,277,2.67
8/10/2009,277,2.67
8/11/2009,278,2.67
8/12/2009,248,2.49
8/13/2009,241,2.44
8/14/2009,221,2.31
8/15/2009,201,2.18
8/16/2009,202,2.18
8/17/2009,203,2.18
8/18/2009,203,2.18
8/19/2009,238,2.41
8/20/2009,252,2.5
8/21/2009,247,2.46
8/22/2009,246,2.45
8/23/2009,246,2.45
8/24/2009,246,2.46
8/25/2009,243,2.45
8/26/2009,218,2.29
8/27/2009,211,2.24
8/28/2009,255,2.53
8/29/2009,233,2.38
8/30/2009,156,1.86
8/31/2009,199,2.16
9/1/2009,229,2.36
9/2/2009,156,1.86
9/3/2009,137,1.71
9/4/2009,189,2.09
9/5/2009,143,1.76
9/6/2009,151,1.82
9/7/2009,148,1.8
9/8/2009,107,1.46
9/9/2009,22,0.41
9/10/2009,1.4,0.1
9/11/2009,1.4,0.1
9/12/2009,1.4,0.1
9/13/2009,1.3,0.09
9/14/2009,127,1.35
9/15/2009,225,2.34
9/16/2009,189,2.09
9/17/2009,234,2.39
9/18/2009,247,2.47
9/19/2009,243,2.45
9/20/2009,230,2.37
9/21/2009,206,2.21
9/22/2009,216,2.28
9/23/2009,205,2.2
9/24/2009,203,2.19
9/25/2009,201,2.18
9/26/2009,201,2.18
9/27/2009,202,2.18
9/28/2009,201,2.18
9/29/2009,200,2.17
9/30/2009,188,2.09
10/1/2009,181,2.04
10/2/2009,174,1.99
10/3/2009,170,1.96
10/4/2009,170,1.96
10/5/2009,170,1.96
10/6/2009,170,1.96
10/7/2009,171,1.97
10/8/2009,171,1.97
10/9/2009,170,1.96
10/10/2009,177,2.01
10/11/2009,181,2.04
10/12/2009,183,2.05
10/13/2009,183,2.05
10/14/2009,183,2.05
10/15/2009,182,2.05
10/16/2009,181,2.04
10/17/2009,182,2.05
10/18/2009,181,2.04
10/19/2009,181,2.04
10/20/2009,182,2.05
10/21/2009,173,1.99
10/22/2009,164,1.92
10/23/2009,162,1.9
10/24/2009,162,1.91
10/25/2009,163,1.91
10/26/2009,162,1.91
10/27/2009,162,1.9
10/28/2009,148,1.8
10/29/2009,127,1.64
10/30/2009,120,1.58
10/31/2009,121,1.59
11/1/2009,122,1.59
11/2/2009,121,1.59
11/3/2009,121,1.59
11/4/2009,121,1.59
11/5/2009,122,1.59
11/6/2009,122,1.59
11/7/2009,123,1.6
11/8/2009,122,1.59
11/9/2009,121,1.59
11/10/2009,121,1.59
11/11/2009,122,1.6
11/12/2009,122,1.6
11/13/2009,122,1.6
11/14/2009,93,1.24
11/15/2009,0,0
11/16/2009,0,-0.01
11/17/2009,0,-0.02
11/18/2009,0,-0.03
11/19/2009,0,-0.03
11/20/2009,0,-0.04
11/21/2009,0,-0.05
11/22/2009,0,-0.05
11/23/2009,0,-0.05
11/24/2009,0,-0.05
11/25/2009,0,-0.06
11/26/2009,0,-0.06
11/27/2009,0,-0.06
11/28/2009,0,-0.06
11/29/2009,0,-0.06
11/30/2009,0,-0.06
12/1/2009,0,-0.06
12/2/2009,0,-0.06
12/3/2009,0,-0.06
12/4/2009,0,-0.06
12/5/2009,0,-0.06
12/6/2009,0,-0.06
12/7/2009,0,-0.06
12/8/2009,0,-0.06
12/9/2009,0,-0.06
12/10/2009,0,-0.06
12/11/2009,0,-0.06
12/12/2009,0,-0.06
12/13/2009,0,-0.06
12/14/2009,0,-0.06
12/15/2009,0,-0.06
12/16/2009,0,-0.06
12/17/2009,0,-0.06
12/18/2009,0,-0.06
12/19/2009,0,-0.06
12/20/2009,0,-0.06
12/21/2009,0,-0.06
12/22/2009,0,-0.06
12/23/2009,0,-0.06
12/24/2009,0,-0.06
12/25/2009,0,-0.06
12/26/2009,0,-0.06
12/27/2009,0,-0.06
12/28/2009,0,-0.06
12/29/2009,0,-0.06
12/30/2009,0,-0.06
12/31/2009,0,-0.06
1/1/2010,0,-0.06
1/2/2010,0,-0.06
1/3/2010,0,-0.06
1/4/2010,0,-0.06
1/5/2010,0,-0.06
1/6/2010,0,-0.06
1/7/2010,0,-0.06
1/8/2010,0,-0.06
1/9/2010,0,-0.06
1/10/2010,0,-0.06
1/11/2010,0,-0.06
1/12/2010,0,-0.06
1/13/2010,0,-0.06
1/14/2010,0,-0.06
1/15/2010,0,-0.06
1/16/2010,0,-0.06
1/17/2010,0,-0.06
1/18/2010,0,-0.06
1/19/2010,0,-0.06
1/20/2010,0,-0.06
1/21/2010,0,-0.06
1/22/2010,0,-0.04
1/23/2010,0,0
1/24/2010,0,0
1/25/2010,0,0
1/26/2010,0,0
1/27/2010,0,0
1/28/2010,0,0
1/29/2010,0,0
1/30/2010,0,0
1/31/2010,0,0
2/1/2010,0,0
2/2/2010,0,0
2/3/2010,0,0
2/4/2010,0,0
2/5/2010,0,0
2/6/2010,0,0
2/7/2010,0,0
2/8/2010,0,0
2/9/2010,0,0
2/10/2010,0,0
2/11/2010,0,0
2/12/2010,0,0
2/13/2010,0,0
2/14/2010,0,0
2/15/2010,0,0
2/16/2010,0,0
2/17/2010,0,0
2/18/2010,0,0
2/19/2010,0,0
2/20/2010,0,0
2/21/2010,0,0
2/22/2010,0,0
2/23/2010,0,0
2/24/2010,0,0
2/25/2010,0,0
2/26/2010,0,0
2/27/2010,0,0
2/28/2010,0,0
3/1/2010,0,0
3/2/2010,0,0
3/3/2010,0,0
3/4/2010,0,0
3/5/2010,0,0
3/6/2010,0,0
3/7/2010,0,0
3/8/2010,0,0
3/9/2010,0,0
3/10/2010,0,0
3/11/2010,0,0
3/12/2010,0,0
3/13/2010,0,0
3/14/2010,0,0
3/15/2010,137,1.68
3/16/2010,146,1.78
3/17/2010,148,1.8
3/18/2010,148,1.8
3/19/2010,149,1.81
3/20/2010,148,1.8
3/21/2010,149,1.81
3/22/2010,149,1.81
3/23/2010,149,1.81
3/24/2010,131,1.66
3/25/2010,116,1.54
3/26/2010,118,1.56
3/27/2010,115,1.54
3/28/2010,118,1.56
3/29/2010,121,1.59
3/30/2010,120,1.58
3/31/2010,120,1.58
4/1/2010,120,1.58
4/2/2010,120,1.58
4/3/2010,120,1.58
4/4/2010,119,1.57
4/5/2010,143,1.76
4/6/2010,153,1.84
4/7/2010,153,1.84
4/8/2010,153,1.84
4/9/2010,173,1.99
4/10/2010,183,2.05
4/11/2010,209,2.24
4/12/2010,224,2.33
4/13/2010,249,2.49
4/14/2010,249,2.49
4/15/2010,248,2.48
4/16/2010,246,2.47
4/17/2010,245,2.47
4/18/2010,246,2.47
4/19/2010,246,2.47
4/20/2010,247,2.48
4/21/2010,246,2.47
4/22/2010,246,2.47
4/23/2010,247,2.48
4/24/2010,245,2.47
4/25/2010,243,2.45
4/26/2010,245,2.46
4/27/2010,247,2.47
4/28/2010,248,2.48
4/29/2010,250,2.49
4/30/2010,249,2.48
5/1/2010,248,2.48
5/2/2010,247,2.46
5/3/2010,248,2.47
5/4/2010,249,2.47
5/5/2010,249,2.47
5/6/2010,251,2.48
5/7/2010,248,2.47
5/8/2010,250,2.5
5/9/2010,248,2.49
5/10/2010,248,2.48
5/11/2010,247,2.48
5/12/2010,247,2.48
5/13/2010,247,2.48
5/14/2010,245,2.48
5/15/2010,245,2.48
5/16/2010,246,2.48
5/17/2010,245,2.48
5/18/2010,243,2.48
5/19/2010,245,2.48
5/20/2010,244,2.48
5/21/2010,245,2.46
5/22/2010,244,2.48
5/23/2010,245,2.49
5/24/2010,245,2.5
5/25/2010,246,2.5
5/26/2010,244,2.49
5/27/2010,246,2.51
5/28/2010,247,2.52
5/29/2010,247,2.52
5/30/2010,261,2.6
5/31/2010,272,2.67
6/1/2010,284,2.73
6/2/2010,292,2.75
6/3/2010,296,2.77
6/4/2010,303,2.82
6/5/2010,315,2.89
6/6/2010,319,2.91
6/7/2010,322,2.92
6/8/2010,322,2.93
6/9/2010,322,2.92
6/10/2010,322,2.93
6/11/2010,307,2.84
6/12/2010,301,2.8
6/13/2010,299,2.79
6/14/2010,285,2.7
6/15/2010,251,2.49
6/16/2010,251,2.5
6/17/2010,252,2.5
6/18/2010,250,2.49
6/19/2010,250,2.48
6/20/2010,257,2.52
6/21/2010,253,2.5
6/22/2010,249,2.47
6/23/2010,248,2.47
6/24/2010,251,2.48
6/25/2010,249,2.46
6/26/2010,250,2.47
6/27/2010,250,2.47
6/28/2010,249,2.46
6/29/2010,250,2.47
6/30/2010,252,2.47
7/1/2010,253,2.47
7/2/2010,253,2.48
7/3/2010,252,2.47
7/4/2010,252,2.47
7/5/2010,254,2.47
7/6/2010,253,2.47
7/7/2010,254,2.47
7/8/2010,253,2.47
7/9/2010,255,2.5
7/10/2010,252,2.51
7/11/2010,250,2.51
7/12/2010,248,2.5
7/13/2010,248,2.48
7/14/2010,248,2.49
7/15/2010,249,2.49
7/16/2010,246,2.47
7/17/2010,246,2.47
7/18/2010,247,2.47
7/19/2010,248,2.49
7/20/2010,233,2.39
7/21/2010,247,2.48
7/22/2010,250,2.5
7/23/2010,249,2.49
7/24/2010,250,2.5
7/25/2010,250,2.5
7/26/2010,250,2.5
7/27/2010,250,2.5
7/28/2010,250,2.5
7/29/2010,248,2.49
7/30/2010,248,2.49
7/31/2010,251,2.5
8/1/2010,250,2.5
8/2/2010,247,2.48
8/3/2010,247,2.48
8/4/2010,248,2.48
8/5/2010,195,2.13
8/6/2010,199,2.16
8/7/2010,201,2.17
8/8/2010,201,2.17
8/9/2010,200,2.16
8/10/2010,197,2.14
8/11/2010,227,2.35
8/12/2010,245,2.47
8/13/2010,247,2.48
8/14/2010,246,2.47
8/15/2010,246,2.47
8/16/2010,248,2.49
8/17/2010,246,2.47
8/18/2010,247,2.48
8/19/2010,247,2.48
8/20/2010,246,2.47
8/21/2010,247,2.48
8/22/2010,247,2.47
8/23/2010,247,2.48
8/24/2010,248,2.48
8/25/2010,249,2.49
8/26/2010,247,2.48
8/27/2010,249,2.49
8/28/2010,236,2.41
8/29/2010,208,2.22
8/30/2010,204,2.2
8/31/2010,227,2.35
9/1/2010,261,2.57
9/2/2010,253,2.52
9/3/2010,256,2.53
9/4/2010,238,2.42
9/5/2010,205,2.2
9/6/2010,189,2.09
9/7/2010,171,1.97
9/8/2010,171,1.97
9/9/2010,148,1.75
9/10/2010,2.4,0.13
9/11/2010,1.6,0.1
9/12/2010,1.4,0.1
9/13/2010,1.4,0.1
9/14/2010,1.3,0.09
9/15/2010,2.9,0.13
9/16/2010,31,0.68
9/17/2010,32,0.69
9/18/2010,18,0.43
9/19/2010,1.2,0.09
9/20/2010,1.2,0.09
9/21/2010,1.3,0.09
9/22/2010,1.4,0.1
9/23/2010,1.3,0.09
9/24/2010,1.3,0.1
9/25/2010,1.5,0.1
9/26/2010,1.6,0.11
9/27/2010,1.7,0.11
9/28/2010,1.6,0.1
9/29/2010,5.9,0.19
9/30/2010,30,0.66
10/1/2010,24,0.55
10/2/2010,0.821,0.07
10/3/2010,0.748,0.07
10/4/2010,0.641,0.06
10/5/2010,0.641,0.06
10/6/2010,96.8,1.25
10/7/2010,186,2.07
10/8/2010,189,2.1
10/9/2010,188,2.09
10/10/2010,189,2.1
10/11/2010,190,2.1
10/12/2010,189,2.1
10/13/2010,189,2.1
10/14/2010,200,2.17
10/15/2010,200,2.17
10/16/2010,56.3,0.96
10/17/2010,24.3,0.58
10/18/2010,34.4,0.72
10/19/2010,59.2,1.01
10/20/2010,67.3,1.1
10/21/2010,67,1.1
10/22/2010,77.1,1.2
10/23/2010,93.1,1.35
10/24/2010,97.8,1.39
10/25/2010,109,1.48
10/26/2010,125,1.62
10/27/2010,133,1.68
10/28/2010,180,2.03
10/29/2010,219,2.3
10/30/2010,222,2.32
10/31/2010,220,2.31
11/1/2010,221,2.31
11/2/2010,232,2.39
11/3/2010,239,2.43
11/4/2010,234,2.4
11/5/2010,232,2.39
11/6/2010,242,2.44
11/7/2010,245,2.46
11/8/2010,233,2.39
11/9/2010,228,2.36
11/10/2010,230,2.37
11/11/2010,218,2.29
11/12/2010,205,2.21
11/13/2010,201,2.18
11/14/2010,169,1.86
11/15/2010,0.254,0.01
11/16/2010,0,0
11/17/2010,0,0
11/18/2010,0,0
11/19/2010,0,0
11/20/2010,0,0
11/21/2010,0,0
11/22/2010,0,0
11/23/2010,0,0
11/24/2010,0,0
11/25/2010,0,0
11/26/2010,0,0
11/27/2010,0,0
11/28/2010,0,0
11/29/2010,0,0
11/30/2010,0,0
12/1/2010,0,0
12/2/2010,0,0
12/3/2010,0,0
12/4/2010,0,0
12/5/2010,0,0
12/6/2010,0,0
12/7/2010,0,0
12/8/2010,0,0
12/9/2010,0,0
12/10/2010,0,0
12/11/2010,0,0
12/12/2010,0,0
12/13/2010,0,0
12/14/2010,0,0
12/15/2010,0,0
12/16/2010,0,0
12/17/2010,0,0
12/18/2010,0,0
12/19/2010,0,0
12/20/2010,0,0
12/21/2010,0,0
12/22/2010,0,0
12/23/2010,0,0
12/24/2010,0,0
12/25/2010,0,0
12/26/2010,0,0
12/27/2010,0,0
12/28/2010,0,0
12/29/2010,0,0
12/30/2010,0,0
12/31/2010,0,0
1/1/2011,0,0
1/2/2011,0,0
1/3/2011,0,0
1/4/2011,0,0
1/5/2011,0,0
1/6/2011,0,0
1/7/2011,0,0
1/8/2011,0,0
1/9/2011,0,0
1/10/2011,0,0
1/11/2011,0,0
1/12/2011,0,0
1/13/2011,0,0
1/14/2011,0,0
1/15/2011,0,0
1/16/2011,0,0
1/17/2011,0,0
1/18/2011,0,0
1/19/2011,0,0
1/20/2011,0,0
1/21/2011,0,0
1/22/2011,0,0
1/23/2011,0,0
1/24/2011,0,0
1/25/2011,0,0
1/26/2011,0,0
1/27/2011,0,0
1/28/2011,0,0
1/29/2011,0,0
1/30/2011,0,0
1/31/2011,0,0
2/1/2011,0,0
2/2/2011,0,0
2/3/2011,0,0
2/4/2011,0,0
2/5/2011,0,0
2/6/2011,0,0
2/7/2011,0,0
2/8/2011,0,0
2/9/2011,0,0
2/10/2011,0,0
2/11/2011,0,0
2/12/2011,0,0
2/13/2011,0,0
2/14/2011,0,0
2/15/2011,0,0
2/16/2011,0,0
2/17/2011,0,0
2/18/2011,0,0
2/19/2011,0,0
2/20/2011,0,0
2/21/2011,0,0
2/22/2011,0,0
2/23/2011,0,0
2/24/2011,0,0
2/25/2011,0,0
2/26/2011,0,0
2/27/2011,0,0
2/28/2011,0,0
3/1/2011,0,0
3/2/2011,0,0
3/3/2011,0,0
3/4/2011,0,0
3/5/2011,0,0
3/6/2011,0,0
3/7/2011,0,0
3/8/2011,0,0
3/9/2011,0,0
3/10/2011,0,0
3/11/2011,0,0
3/12/2011,0,0
3/13/2011,0,0
3/14/2011,0,0
3/15/2011,0,0
3/16/2011,119,0.67
3/17/2011,191,2.11
3/18/2011,212,2.25
3/19/2011,216,2.28
3/20/2011,214,2.26
3/21/2011,225,2.34
3/22/2011,227,2.35
3/23/2011,218,2.29
3/24/2011,222,2.32
3/25/2011,193,2.13
3/26/2011,134,1.68
3/27/2011,107,1.47
3/28/2011,126,1.62
3/29/2011,141,1.75
3/30/2011,169,1.96
3/31/2011,159,1.88
4/1/2011,130,1.65
4/2/2011,96.9,1.37
4/3/2011,49.1,0.9
4/4/2011,56.7,0.98
4/5/2011,108,1.47
4/6/2011,148,1.8
4/7/2011,130,1.66
4/8/2011,21.1,0.4
4/9/2011,1.02,0.08
4/10/2011,1.02,0.08
4/11/2011,0.865,0.07
4/12/2011,0.436,0.04
4/13/2011,0,0
4/14/2011,0,0
4/15/2011,12.2,0.19
4/16/2011,136,1.7
4/17/2011,187,2.09
4/18/2011,192,2.12
4/19/2011,209,2.23
4/20/2011,214,2.26
4/21/2011,222,2.32
4/22/2011,218,2.29
4/23/2011,216,2.28
4/24/2011,214,2.27
4/25/2011,171,1.91
4/26/2011,7.15,0.2
4/27/2011,45.4,0.85
4/28/2011,14.7,0.37
4/29/2011,0.145,0.02
4/30/2011,0.111,0.02
5/1/2011,0.111,0.02
5/2/2011,0.047,0.01
5/3/2011,0.026,0.01
5/4/2011,0,0
5/5/2011,0,0
5/6/2011,0,-0.01
5/7/2011,0,-0.01
5/8/2011,0,-0.01
5/9/2011,3.6,0.06
5/10/2011,179,2
5/11/2011,201,2.18
5/12/2011,201,2.18
5/13/2011,228,2.36
5/14/2011,288,2.72
5/15/2011,296,2.78
5/16/2011,296,2.77
5/17/2011,296,2.77
5/18/2011,290,2.74
5/19/2011,295,2.77
5/20/2011,296,2.77
5/21/2011,294,2.76
5/22/2011,294,2.76
5/23/2011,297,2.78
5/24/2011,285,2.71
5/25/2011,223,2.32
5/26/2011,289,2.73
5/27/2011,243,2.43
5/28/2011,202,2.18
5/29/2011,211,2.25
5/30/2011,244,2.46
5/31/2011,248,2.48
6/1/2011,247,2.48
6/2/2011,245,2.47
6/3/2011,246,2.47
6/4/2011,248,2.48
6/5/2011,247,2.48
6/6/2011,278,2.67
6/7/2011,317,2.9
6/8/2011,338,3.01
6/9/2011,346,3.06
6/10/2011,343,3.05
6/11/2011,347,3.06
6/12/2011,344,3.05
6/13/2011,344,3.05
6/14/2011,343,3.04
6/15/2011,339,3.02
6/16/2011,344,3.05
6/17/2011,343,3.05
6/18/2011,344,3.05
6/19/2011,344,3.05
6/20/2011,312,2.87
6/21/2011,294,2.76
6/22/2011,290,2.74
6/23/2011,290,2.74
6/24/2011,292,2.75
6/25/2011,300,2.8
6/26/2011,305,2.83
6/27/2011,306,2.84
6/28/2011,307,2.84
6/29/2011,309,2.85
6/30/2011,315,2.89
7/1/2011,315,2.89
7/2/2011,315,2.89
7/3/2011,315,2.88
7/4/2011,314,2.88
7/5/2011,313,2.88
7/6/2011,322,2.92
7/7/2011,313,2.87
7/8/2011,280,2.68
7/9/2011,293,2.76
7/10/2011,301,2.8
7/11/2011,304,2.82
7/12/2011,307,2.84
7/13/2011,305,2.83
7/14/2011,305,2.83
7/15/2011,305,2.83
7/16/2011,267,2.6
7/17/2011,246,2.47
7/18/2011,244,2.46
7/19/2011,241,2.44
7/20/2011,245,2.47
7/21/2011,244,2.46
7/22/2011,245,2.46
7/23/2011,245,2.47
7/24/2011,246,2.47
7/25/2011,245,2.47
7/26/2011,247,2.48
7/27/2011,246,2.47
7/28/2011,232,2.59
7/29/2011,246,2.47
7/30/2011,247,2.48
7/31/2011,245,2.47
8/1/2011,253,2.51
8/2/2011,290,2.74
8/3/2011,297,2.78
8/4/2011,283,2.69
8/5/2011,281,2.68
8/6/2011,292,2.75
8/7/2011,291,2.74
8/8/2011,291,2.75
8/9/2011,291,2.75
8/10/2011,292,2.75
8/11/2011,291,2.75
8/12/2011,292,2.75
8/13/2011,290,2.74
8/14/2011,267,2.6
8/15/2011,256,2.53
8/16/2011,205,2.21
8/17/2011,235,2.4
8/18/2011,276,2.66
8/19/2011,275,2.65
8/20/2011,262,2.57
8/21/2011,242,2.45
8/22/2011,231,2.38
8/23/2011,237,2.42
8/24/2011,219,2.29
8/25/2011,160,1.89
8/26/2011,171,1.97
8/27/2011,232,2.38
8/28/2011,240,2.44
8/29/2011,239,2.43
8/30/2011,252,2.51
8/31/2011,272,2.63
9/1/2011,265,2.59
9/2/2011,256,2.54
9/3/2011,175,1.98
9/4/2011,91.2,1.28
9/5/2011,1.84,0.12
9/6/2011,1.26,0.09
9/7/2011,0.906,0.07
9/8/2011,0.617,0.06
9/9/2011,0.479,0.05
9/10/2011,0.479,0.05
9/11/2011,0.479,0.05
9/12/2011,0.368,0.04
9/13/2011,0.335,0.04
9/14/2011,0.335,0.04
9/15/2011,31.8,0.59
9/16/2011,238,2.37
9/17/2011,261,2.57
9/18/2011,253,2.51
9/19/2011,252,2.51
9/20/2011,251,2.51
9/21/2011,247,2.48
9/22/2011,243,2.45
9/23/2011,198,2.16
9/24/2011,191,2.1
9/25/2011,196,2.14
9/26/2011,190,2.11
9/27/2011,172,1.97
9/28/2011,111,1.51
9/29/2011,40.2,0.76
9/30/2011,1.78,0.11
10/1/2011,1.49,0.1
10/2/2011,0.789,0.07
10/3/2011,0.658,0.06
10/4/2011,0.967,0.08
10/5/2011,1.23,0.09
10/6/2011,1.21,0.09
10/7/2011,1.25,0.09
10/8/2011,1.48,0.1
10/9/2011,73.6,0.93
10/10/2011,187,2.08
10/11/2011,239,2.43
10/12/2011,247,2.48
10/13/2011,234,2.39
10/14/2011,162,1.9
10/15/2011,170,1.96
10/16/2011,135,1.7
10/17/2011,135,1.7
10/18/2011,133,1.68
10/19/2011,157,1.86
10/20/2011,129,1.65
10/21/2011,126,1.63
10/22/2011,123,1.61
10/23/2011,157,1.87
10/24/2011,191,2.11
10/25/2011,195,2.14
10/26/2011,195,2.14
10/27/2011,195,2.14
10/28/2011,196,2.14
10/29/2011,203,2.2
10/30/2011,216,2.28
10/31/2011,219,2.3
11/1/2011,220,2.3
11/2/2011,219,2.3
11/3/2011,221,2.31
11/4/2011,208,2.22
11/5/2011,186,2.08
11/6/2011,168,1.95
11/7/2011,162,1.9
11/8/2011,163,1.91
11/9/2011,147,1.79
11/10/2011,139,1.73
11/11/2011,138,1.72
11/12/2011,136,1.71
11/13/2011,138,1.72
11/14/2011,136,1.71
11/15/2011,2.92,0.09
11/16/2011,0,-0.01
11/17/2011,0,-0.02
11/18/2011,0,-0.02
11/19/2011,0,-0.02
11/20/2011,0,-0.02
11/21/2011,0,-0.03
11/22/2011,0,-0.04
11/23/2011,0,-0.04
11/24/2011,0,-0.04
11/25/2011,0,-0.04
11/26/2011,0,-0.05
11/27/2011,0,-0.05
11/28/2011,0,-0.05
11/29/2011,0,-0.05
11/30/2011,0,-0.05
12/1/2011,0,-0.05
12/2/2011,0,-0.06
12/3/2011,0,-0.06
12/4/2011,0,-0.06
12/5/2011,0,-0.06
12/6/2011,0,-0.06
12/7/2011,0,-0.07
12/8/2011,0,-0.07
12/9/2011,0,-0.07
12/10/2011,0,-0.07
12/11/2011,0,-0.07
12/12/2011,0,-0.07
12/13/2011,0,-0.07
12/14/2011,0,-0.07
12/15/2011,183,3.11
12/16/2011,80.4,0.87
12/17/2011,0,0
12/18/2011,0,0
12/19/2011,0.342,0.04
12/20/2011,0.479,0.05
12/21/2011,0.479,0.05
12/22/2011,0.482,0.05
12/23/2011,0.565,0.06
12/24/2011,0.629,0.06
12/25/2011,0.634,0.06
12/26/2011,0.638,0.06
12/27/2011,0.662,0.06
12/28/2011,0.638,0.06
12/29/2011,0.58,0.06
12/30/2011,0.479,0.05
12/31/2011,0.479,0.05
1/1/2012,0.419,0.05
1/2/2012,0.398,0.04
1/3/2012,0.404,0.04
1/4/2012,0.413,0.05
1/5/2012,0.335,0.04
1/6/2012,0.335,0.04
1/7/2012,0.335,0.04
1/8/2012,0.335,0.04
1/9/2012,0.22,0.03
1/10/2012,0.132,0.02
1/11/2012,0,0
1/12/2012,0,0
1/13/2012,0,-0.01
1/14/2012,0,-0.01
1/15/2012,0,-0.01
1/16/2012,0,-0.02
1/17/2012,0,-0.02
1/18/2012,0,-0.02
1/19/2012,0,-0.02
1/20/2012,0,-0.02
1/21/2012,0,-0.02
1/22/2012,0,-0.02
1/23/2012,0,-0.02
1/24/2012,0,-0.02
1/25/2012,0,-0.02
1/26/2012,0,-0.03
1/27/2012,0,-0.03
1/28/2012,0,-0.03
1/29/2012,0,-0.03
1/30/2012,0,-0.03
1/31/2012,0,-0.03
2/1/2012,0,-0.03
2/2/2012,0,-0.03
2/3/2012,0,-0.03
2/4/2012,0,-0.03
2/5/2012,0,-0.03
2/6/2012,0,-0.03
2/7/2012,0,-0.03
2/8/2012,0,-0.03
2/9/2012,0,-0.04
2/10/2012,0,-0.04
2/11/2012,0,-0.04
2/12/2012,0,-0.04
2/13/2012,0,-0.04
2/14/2012,0,-0.04
2/15/2012,0,-0.04
2/16/2012,0,-0.04
2/17/2012,0,-0.04
2/18/2012,0,-0.04
2/19/2012,0,-0.04
2/20/2012,0,-0.04
2/21/2012,0,-0.04
2/22/2012,0,-0.04
2/23/2012,0,-0.04
2/24/2012,0,-0.04
