POINT,DATE,SE,D,D2,D.5,DI,DI2,DI.5,AMYCANCO.Q,AMYCANCO.H,BUFDITCO.Q,BUFDITCO.H,JMRCADCO.E,JMRCADCO.S,LAMCANCO.Q,LAMCANCO.H,ARKCOOKS.Q,ARKCOOKS.TMEAN,ARKCOOKS.EC,ARKGRACO.Q,ARKJMRCO.ON,ARKJMRCO.Q,ARKJMRCO.TMAX,ARKJMRCO.TMIN,ARKJMRCO.EC,ARKLAMCO.Q,BIGLAMCO.Q,FRODITKS.Q,WILDHOCO.Q
D101C,5/5/2003,8.02,0.322580645,0.104058273,0.567961834,0.677419355,0.458896982,0.823054892,-712.7,77.1,NA,NA,108.26,40173,64.4,1.07,42,16.4,3.94,3.7,1,242,15.3,14.1,2.81,41,2,18,1.4
D102C,5/5/2003,8.34,0.438416422,0.192208959,0.662130216,0.561583578,0.315376115,0.749388803,-712.7,77.1,NA,NA,108.26,40173,64.4,1.07,42,16.4,3.94,3.7,1,242,15.3,14.1,2.81,41,2,18,1.4
D104C,5/5/2003,14.8,0.580645161,0.337148803,0.762000762,0.419354839,0.175858481,0.647576126,-712.7,77.1,NA,NA,108.26,40173,64.4,1.07,42,16.4,3.94,3.7,1,242,15.3,14.1,2.81,41,2,18,1.4
D106C,5/5/2003,,0.686217009,0.470893783,0.828382164,0.313782991,0.098459766,0.560163361,-712.7,77.1,NA,NA,108.26,40173,64.4,1.07,42,16.4,3.94,3.7,1,242,15.3,14.1,2.81,41,2,18,1.4
D101C,6/4/2003,7.59,0.322580645,0.104058273,0.567961834,0.677419355,0.458896982,0.823054892,499,3.24,NA,NA,104.07,27928,122,1.59,38,18.4,NA,25,1,815,21.1,20.7,2.81,77,13,30,34
D102C,6/10/2003,7.88,0.438416422,0.192208959,0.662130216,0.561583578,0.315376115,0.749388803,284,2.27,NA,NA,104.26,28454,91.1,1.33,142,22.9,3.06,95,1,454,19.7,18.9,2.53,19,13,0,40
D104C,6/4/2003,9.18,0.580645161,0.337148803,0.762000762,0.419354839,0.175858481,0.647576126,499,3.24,NA,NA,104.07,27928,122,1.59,38,18.4,NA,25,1,815,21.1,20.7,2.81,77,13,30,34
D106C,6/10/2003,12.2,0.686217009,0.470893783,0.828382164,0.313782991,0.098459766,0.560163361,284,2.27,NA,NA,104.26,28454,91.1,1.33,142,22.9,3.06,95,1,454,19.7,18.9,2.53,19,13,0,40
D104C,7/1/2003,10.5,0.580645161,0.337148803,0.762000762,0.419354839,0.175858481,0.647576126,489,3.19,NA,NA,104.25,28426,174,1.99,39,23.6,3.8,11,1,862,22.1,21.3,1.74,33,2,18,0.55
D104C,7/28/2003,12.2,0.580645161,0.337148803,0.762000762,0.419354839,0.175858481,0.647576126,-156.1,15.62,NA,NA,102.93,24914,17.3,0.47,5,23.7,4.48,3.2,1,60,24.8,23.6,1.64,30,1.4,16,0.81
D101C,10/25/2003,7.66,0.322580645,0.104058273,0.567961834,0.677419355,0.458896982,0.823054892,NA,99.75,NA,NA,100.78,19522,16.5,0.46,23,10.7,4.38,3.2,0,28,14.2,12.8,1.87,13,0.74,8.2,6.8
D102C,10/25/2003,8.8,0.438416422,0.192208959,0.662130216,0.561583578,0.315376115,0.749388803,NA,99.75,NA,NA,100.78,19522,16.5,0.46,23,10.7,4.38,3.2,0,28,14.2,12.8,1.87,13,0.74,8.2,6.8
D103C,10/25/2003,9.31,0.780058651,0.608491499,0.883209291,0.219941349,0.048374197,0.46897905,NA,99.75,NA,NA,100.78,19522,16.5,0.46,23,10.7,4.38,3.2,0,28,14.2,12.8,1.87,13,0.74,8.2,6.8
D104C,10/25/2003,13.8,0.580645161,0.337148803,0.762000762,0.419354839,0.175858481,0.647576126,NA,99.75,NA,NA,100.78,19522,16.5,0.46,23,10.7,4.38,3.2,0,28,14.2,12.8,1.87,13,0.74,8.2,6.8
D105C,10/25/2003,17.8,0.894428152,0.80000172,0.945742117,0.105571848,0.011145415,0.324918217,NA,99.75,NA,NA,100.78,19522,16.5,0.46,23,10.7,4.38,3.2,0,28,14.2,12.8,1.87,13,0.74,8.2,6.8
D106C,10/25/2003,23,0.686217009,0.470893783,0.828382164,0.313782991,0.098459766,0.560163361,NA,99.75,NA,NA,100.78,19522,16.5,0.46,23,10.7,4.38,3.2,0,28,14.2,12.8,1.87,13,0.74,8.2,6.8
D101C,1/13/2004,13.6,0.322580645,0.104058273,0.567961834,0.677419355,0.458896982,0.823054892,NA,99.45,NA,NA,104.42,28863,1.91,0.12,41,3.5,NA,30,0,1,4.6,3.1,2.27,7.3,2.8,0,0
D102C,1/13/2004,11,0.438416422,0.192208959,0.662130216,0.561583578,0.315376115,0.749388803,NA,99.45,NA,NA,104.42,28863,1.91,0.12,41,3.5,NA,30,0,1,4.6,3.1,2.27,7.3,2.8,0,0
D103C,1/12/2004,5.41,0.780058651,0.608491499,0.883209291,0.219941349,0.048374197,0.46897905,NA,99.46,NA,NA,104.35,28681,2.15,0.13,41,3.3,NA,30,0,0.98,4,2.8,2.27,7.2,2.8,0,0
D104C,1/12/2004,5.96,0.580645161,0.337148803,0.762000762,0.419354839,0.175858481,0.647576126,NA,99.46,NA,NA,104.35,28681,2.15,0.13,41,3.3,NA,30,0,0.98,4,2.8,2.27,7.2,2.8,0,0
D105C,1/13/2004,14.6,0.894428152,0.80000172,0.945742117,0.105571848,0.011145415,0.324918217,NA,99.45,NA,NA,104.42,28863,1.91,0.12,41,3.5,NA,30,0,1,4.6,3.1,2.27,7.3,2.8,0,0
D106C,1/12/2004,17,0.686217009,0.470893783,0.828382164,0.313782991,0.098459766,0.560163361,NA,99.46,NA,NA,104.35,28681,2.15,0.13,41,3.3,NA,30,0,0.98,4,2.8,2.27,7.2,2.8,0,0
D101C,3/17/2004,12.6,0.322580645,0.104058273,0.567961834,0.677419355,0.458896982,0.823054892,NA,99.31,NA,NA,107.86,38869,-8.95,1.13,31,12.1,4.71,6.3,0,1,17.4,9.1,2.41,5.6,2.1,0,0
D102C,3/17/2004,10.4,0.438416422,0.192208959,0.662130216,0.561583578,0.315376115,0.749388803,NA,99.31,NA,NA,107.86,38869,-8.95,1.13,31,12.1,4.71,6.3,0,1,17.4,9.1,2.41,5.6,2.1,0,0
D103C,3/17/2004,13.5,0.780058651,0.608491499,0.883209291,0.219941349,0.048374197,0.46897905,NA,99.31,NA,NA,107.86,38869,-8.95,1.13,31,12.1,4.71,6.3,0,1,17.4,9.1,2.41,5.6,2.1,0,0
D104C,3/17/2004,15.5,0.580645161,0.337148803,0.762000762,0.419354839,0.175858481,0.647576126,NA,99.31,NA,NA,107.86,38869,-8.95,1.13,31,12.1,4.71,6.3,0,1,17.4,9.1,2.41,5.6,2.1,0,0
D105C,3/17/2004,15.8,0.894428152,0.80000172,0.945742117,0.105571848,0.011145415,0.324918217,NA,99.31,NA,NA,107.86,38869,-8.95,1.13,31,12.1,4.71,6.3,0,1,17.4,9.1,2.41,5.6,2.1,0,0
D106C,3/17/2004,20.8,0.686217009,0.470893783,0.828382164,0.313782991,0.098459766,0.560163361,NA,99.31,NA,NA,107.86,38869,-8.95,1.13,31,12.1,4.71,6.3,0,1,17.4,9.1,2.41,5.6,2.1,0,0
D101C,5/1/2004,7.86,0.322580645,0.104058273,0.567961834,0.677419355,0.458896982,0.823054892,390,2.77,NA,NA,96.99,11890,18.1,0.45,142,11.9,3.51,144,1,522,12.1,9.7,2.04,67,7.1,0,4.1
D102C,5/1/2004,7.72,0.438416422,0.192208959,0.662130216,0.561583578,0.315376115,0.749388803,390,2.77,NA,NA,96.99,11890,18.1,0.45,142,11.9,3.51,144,1,522,12.1,9.7,2.04,67,7.1,0,4.1
D103C,5/1/2004,8.38,0.780058651,0.608491499,0.883209291,0.219941349,0.048374197,0.46897905,390,2.77,NA,NA,96.99,11890,18.1,0.45,142,11.9,3.51,144,1,522,12.1,9.7,2.04,67,7.1,0,4.1
D104C,5/1/2004,8.7,0.580645161,0.337148803,0.762000762,0.419354839,0.175858481,0.647576126,390,2.77,NA,NA,96.99,11890,18.1,0.45,142,11.9,3.51,144,1,522,12.1,9.7,2.04,67,7.1,0,4.1
D105C,5/1/2004,9.42,0.894428152,0.80000172,0.945742117,0.105571848,0.011145415,0.324918217,390,2.77,NA,NA,96.99,11890,18.1,0.45,142,11.9,3.51,144,1,522,12.1,9.7,2.04,67,7.1,0,4.1
D106C,5/1/2004,11.6,0.686217009,0.470893783,0.828382164,0.313782991,0.098459766,0.560163361,390,2.77,NA,NA,96.99,11890,18.1,0.45,142,11.9,3.51,144,1,522,12.1,9.7,2.04,67,7.1,0,4.1
D101C,6/3/2004,8.79,0.322580645,0.104058273,0.567961834,0.677419355,0.458896982,0.823054892,301,2.34,NA,NA,93.39,5957,91.5,1.33,14,20.1,4.45,2.5,1,479,21.2,18.9,1.24,20,4.3,19,0.25
D102C,6/3/2004,10.8,0.438416422,0.192208959,0.662130216,0.561583578,0.315376115,0.749388803,301,2.34,NA,NA,93.39,5957,91.5,1.33,14,20.1,4.45,2.5,1,479,21.2,18.9,1.24,20,4.3,19,0.25
D103C,6/3/2004,11.4,0.780058651,0.608491499,0.883209291,0.219941349,0.048374197,0.46897905,301,2.34,NA,NA,93.39,5957,91.5,1.33,14,20.1,4.45,2.5,1,479,21.2,18.9,1.24,20,4.3,19,0.25
D104C,6/3/2004,14.3,0.580645161,0.337148803,0.762000762,0.419354839,0.175858481,0.647576126,301,2.34,NA,NA,93.39,5957,91.5,1.33,14,20.1,4.45,2.5,1,479,21.2,18.9,1.24,20,4.3,19,0.25
D105C,6/4/2004,14,0.894428152,0.80000172,0.945742117,0.105571848,0.011145415,0.324918217,196,1.8,NA,NA,93.35,5901,96.8,1.38,15,21.9,4.37,2.6,1,416,21.2,20.4,1.24,42,4.3,20,0.15
D106C,6/4/2004,17.3,0.686217009,0.470893783,0.828382164,0.313782991,0.098459766,0.560163361,196,1.8,NA,NA,93.35,5901,96.8,1.38,15,21.9,4.37,2.6,1,416,21.2,20.4,1.24,42,4.3,20,0.15
D101C,6/30/2004,7.66,0.322580645,0.104058273,0.567961834,0.677419355,0.458896982,0.823054892,396,2.79,NA,NA,93.12,5626,174,1.99,171,20.7,3.65,124,1,658,22.1,21.3,1.32,30,6.6,0,4.5
D102C,6/29/2004,8.27,0.438416422,0.192208959,0.662130216,0.561583578,0.315376115,0.749388803,318,2.43,NA,NA,93.22,5746,136,1.7,179,21.5,3.62,112,1,633,21.9,20.6,1.3,11,5.9,0,5.2
D103C,6/29/2004,8.47,0.780058651,0.608491499,0.883209291,0.219941349,0.048374197,0.46897905,318,2.43,NA,NA,93.22,5746,136,1.7,179,21.5,3.62,112,1,633,21.9,20.6,1.3,11,5.9,0,5.2
D104C,6/29/2004,9.35,0.580645161,0.337148803,0.762000762,0.419354839,0.175858481,0.647576126,318,2.43,NA,NA,93.22,5746,136,1.7,179,21.5,3.62,112,1,633,21.9,20.6,1.3,11,5.9,0,5.2
D105C,6/29/2004,9.39,0.894428152,0.80000172,0.945742117,0.105571848,0.011145415,0.324918217,318,2.43,NA,NA,93.22,5746,136,1.7,179,21.5,3.62,112,1,633,21.9,20.6,1.3,11,5.9,0,5.2
D106C,6/29/2004,10.8,0.686217009,0.470893783,0.828382164,0.313782991,0.098459766,0.560163361,318,2.43,NA,NA,93.22,5746,136,1.7,179,21.5,3.62,112,1,633,21.9,20.6,1.3,11,5.9,0,5.2
D101C,8/4/2004,6.59,0.322580645,0.104058273,0.567961834,0.677419355,0.458896982,0.823054892,264,2.17,NA,NA,94.91,8163,37.7,0.76,73,24.8,NA,45,1,342,25.6,24.3,1.17,22,6.5,37,0.8
D102C,8/4/2004,6.75,0.438416422,0.192208959,0.662130216,0.561583578,0.315376115,0.749388803,264,2.17,NA,NA,94.91,8163,37.7,0.76,73,24.8,NA,45,1,342,25.6,24.3,1.17,22,6.5,37,0.8
D103C,8/4/2004,8.32,0.780058651,0.608491499,0.883209291,0.219941349,0.048374197,0.46897905,264,2.17,NA,NA,94.91,8163,37.7,0.76,73,24.8,NA,45,1,342,25.6,24.3,1.17,22,6.5,37,0.8
D104C,8/4/2004,7.59,0.580645161,0.337148803,0.762000762,0.419354839,0.175858481,0.647576126,264,2.17,NA,NA,94.91,8163,37.7,0.76,73,24.8,NA,45,1,342,25.6,24.3,1.17,22,6.5,37,0.8
D105C,8/4/2004,9.8,0.894428152,0.80000172,0.945742117,0.105571848,0.011145415,0.324918217,264,2.17,NA,NA,94.91,8163,37.7,0.76,73,24.8,NA,45,1,342,25.6,24.3,1.17,22,6.5,37,0.8
D106C,8/4/2004,13.4,0.686217009,0.470893783,0.828382164,0.313782991,0.098459766,0.560163361,264,2.17,NA,NA,94.91,8163,37.7,0.76,73,24.8,NA,45,1,342,25.6,24.3,1.17,22,6.5,37,0.8
D101C,11/6/2004,10.2,0.322580645,0.104058273,0.567961834,0.677419355,0.458896982,0.823054892,NA,99.77,NA,NA,99.86,17512,13.3,0.4,66,9,NA,36,0,1.3,11.8,6.2,1.92,10,7.2,0,0.05
D102C,11/6/2004,8.84,0.438416422,0.192208959,0.662130216,0.561583578,0.315376115,0.749388803,NA,99.77,NA,NA,99.86,17512,13.3,0.4,66,9,NA,36,0,1.3,11.8,6.2,1.92,10,7.2,0,0.05
D103C,11/6/2004,11.1,0.780058651,0.608491499,0.883209291,0.219941349,0.048374197,0.46897905,NA,99.77,NA,NA,99.86,17512,13.3,0.4,66,9,NA,36,0,1.3,11.8,6.2,1.92,10,7.2,0,0.05
D104C,11/7/2004,12.2,0.580645161,0.337148803,0.762000762,0.419354839,0.175858481,0.647576126,NA,99.77,NA,NA,99.93,17653,13.7,0.41,63,9.4,NA,36,0,1.3,10.2,5.7,1.93,9.8,7.2,0,0.04
D105C,11/7/2004,12.2,0.894428152,0.80000172,0.945742117,0.105571848,0.011145415,0.324918217,NA,99.77,NA,NA,99.93,17653,13.7,0.41,63,9.4,NA,36,0,1.3,10.2,5.7,1.93,9.8,7.2,0,0.04
D106C,11/6/2004,15.9,0.686217009,0.470893783,0.828382164,0.313782991,0.098459766,0.560163361,NA,99.77,NA,NA,99.86,17512,13.3,0.4,66,9,NA,36,0,1.3,11.8,6.2,1.92,10,7.2,0,0.05
D101C,1/12/2005,12.3,0.322580645,0.104058273,0.567961834,0.677419355,0.458896982,0.823054892,NA,99.61,NA,NA,108.96,42538,2.23,0.13,75,3,4.47,48,0,1.3,3.4,2.4,2.24,17,6.5,0,0
D102C,1/12/2005,10.6,0.438416422,0.192208959,0.662130216,0.561583578,0.315376115,0.749388803,NA,99.61,NA,NA,108.96,42538,2.23,0.13,75,3,4.47,48,0,1.3,3.4,2.4,2.24,17,6.5,0,0
D103C,1/12/2005,12.2,0.780058651,0.608491499,0.883209291,0.219941349,0.048374197,0.46897905,NA,99.61,NA,NA,108.96,42538,2.23,0.13,75,3,4.47,48,0,1.3,3.4,2.4,2.24,17,6.5,0,0
D104C,1/12/2005,13,0.580645161,0.337148803,0.762000762,0.419354839,0.175858481,0.647576126,NA,99.61,NA,NA,108.96,42538,2.23,0.13,75,3,4.47,48,0,1.3,3.4,2.4,2.24,17,6.5,0,0
D105C,1/12/2005,13.4,0.894428152,0.80000172,0.945742117,0.105571848,0.011145415,0.324918217,NA,99.61,NA,NA,108.96,42538,2.23,0.13,75,3,4.47,48,0,1.3,3.4,2.4,2.24,17,6.5,0,0
D106C,1/12/2005,16.4,0.686217009,0.470893783,0.828382164,0.313782991,0.098459766,0.560163361,NA,99.61,NA,NA,108.96,42538,2.23,0.13,75,3,4.47,48,0,1.3,3.4,2.4,2.24,17,6.5,0,0
D101C,3/18/2005,13.5,0.322580645,0.104058273,0.567961834,0.677419355,0.458896982,0.823054892,NA,99.47,NA,NA,114.58,63146,NA,NA,61,9.9,4.35,44,0,1.3,13,7.1,2.32,8.6,5,0,0
D102C,3/18/2005,11.9,0.438416422,0.192208959,0.662130216,0.561583578,0.315376115,0.749388803,NA,99.47,NA,NA,114.58,63146,NA,NA,61,9.9,4.35,44,0,1.3,13,7.1,2.32,8.6,5,0,0
D103C,3/18/2005,13.8,0.780058651,0.608491499,0.883209291,0.219941349,0.048374197,0.46897905,NA,99.47,NA,NA,114.58,63146,NA,NA,61,9.9,4.35,44,0,1.3,13,7.1,2.32,8.6,5,0,0
D104C,3/18/2005,14.4,0.580645161,0.337148803,0.762000762,0.419354839,0.175858481,0.647576126,NA,99.47,NA,NA,114.58,63146,NA,NA,61,9.9,4.35,44,0,1.3,13,7.1,2.32,8.6,5,0,0
D105C,3/18/2005,13.6,0.894428152,0.80000172,0.945742117,0.105571848,0.011145415,0.324918217,NA,99.47,NA,NA,114.58,63146,NA,NA,61,9.9,4.35,44,0,1.3,13,7.1,2.32,8.6,5,0,0
D106C,3/18/2005,16.8,0.686217009,0.470893783,0.828382164,0.313782991,0.098459766,0.560163361,NA,99.47,NA,NA,114.58,63146,NA,NA,61,9.9,4.35,44,0,1.3,13,7.1,2.32,8.6,5,0,0
D101C,6/30/2005,4.22,0.322580645,0.104058273,0.567961834,0.677419355,0.458896982,0.823054892,302,2.36,66.2,1.71,107.26,36963,89.9,1.32,541,24.8,1.92,644,1,1050,23.5,23,1.47,609,11,22,1.1
D102C,6/30/2005,4.48,0.438416422,0.192208959,0.662130216,0.561583578,0.315376115,0.749388803,302,2.36,66.2,1.71,107.26,36963,89.9,1.32,541,24.8,1.92,644,1,1050,23.5,23,1.47,609,11,22,1.1
D103C,6/30/2005,4.88,0.780058651,0.608491499,0.883209291,0.219941349,0.048374197,0.46897905,302,2.36,66.2,1.71,107.26,36963,89.9,1.32,541,24.8,1.92,644,1,1050,23.5,23,1.47,609,11,22,1.1
D104C,7/1/2005,5.01,0.580645161,0.337148803,0.762000762,0.419354839,0.175858481,0.647576126,311,2.41,66,1.71,106.87,35782,108,1.46,542,24.9,1.94,605,1,1060,23.4,22.9,1.44,667,16,23,1.2
D105C,6/30/2005,5.3,0.894428152,0.80000172,0.945742117,0.105571848,0.011145415,0.324918217,302,2.36,66.2,1.71,107.26,36963,89.9,1.32,541,24.8,1.92,644,1,1050,23.5,23,1.47,609,11,22,1.1
D106C,7/1/2005,5.85,0.686217009,0.470893783,0.828382164,0.313782991,0.098459766,0.560163361,311,2.41,66,1.71,106.87,35782,108,1.46,542,24.9,1.94,605,1,1060,23.4,22.9,1.44,667,16,23,1.2
D101C,7/21/2005,5.08,0.322580645,0.104058273,0.567961834,0.677419355,0.458896982,0.823054892,17.8,0.21,73.3,1.82,95.96,9972,107,1.46,309,26.2,2.49,162,1,167,25,23.7,1.43,51,4.4,29,1.3
D102C,7/21/2005,5.7,0.438416422,0.192208959,0.662130216,0.561583578,0.315376115,0.749388803,17.8,0.21,73.3,1.82,95.96,9972,107,1.46,309,26.2,2.49,162,1,167,25,23.7,1.43,51,4.4,29,1.3
D103C,7/21/2005,5.5,0.780058651,0.608491499,0.883209291,0.219941349,0.048374197,0.46897905,17.8,0.21,73.3,1.82,95.96,9972,107,1.46,309,26.2,2.49,162,1,167,25,23.7,1.43,51,4.4,29,1.3
D104C,7/21/2005,5.7,0.580645161,0.337148803,0.762000762,0.419354839,0.175858481,0.647576126,17.8,0.21,73.3,1.82,95.96,9972,107,1.46,309,26.2,2.49,162,1,167,25,23.7,1.43,51,4.4,29,1.3
D105C,7/21/2005,5.74,0.894428152,0.80000172,0.945742117,0.105571848,0.011145415,0.324918217,17.8,0.21,73.3,1.82,95.96,9972,107,1.46,309,26.2,2.49,162,1,167,25,23.7,1.43,51,4.4,29,1.3
D106C,7/21/2005,6.7,0.686217009,0.470893783,0.828382164,0.313782991,0.098459766,0.560163361,17.8,0.21,73.3,1.82,95.96,9972,107,1.46,309,26.2,2.49,162,1,167,25,23.7,1.43,51,4.4,29,1.3
D101C,8/19/2005,8.66,0.322580645,0.104058273,0.567961834,0.677419355,0.458896982,0.823054892,79,1.02,66.3,1.71,94.98,8266,96.6,1.38,20,23.3,4,6.9,1,210,23.5,22.1,1.36,16,2.8,23,0.6
D102C,8/19/2005,7.81,0.438416422,0.192208959,0.662130216,0.561583578,0.315376115,0.749388803,79,1.02,66.3,1.71,94.98,8266,96.6,1.38,20,23.3,4,6.9,1,210,23.5,22.1,1.36,16,2.8,23,0.6
D103C,8/19/2005,7.86,0.780058651,0.608491499,0.883209291,0.219941349,0.048374197,0.46897905,79,1.02,66.3,1.71,94.98,8266,96.6,1.38,20,23.3,4,6.9,1,210,23.5,22.1,1.36,16,2.8,23,0.6
D104C,8/19/2005,10.9,0.580645161,0.337148803,0.762000762,0.419354839,0.175858481,0.647576126,79,1.02,66.3,1.71,94.98,8266,96.6,1.38,20,23.3,4,6.9,1,210,23.5,22.1,1.36,16,2.8,23,0.6
D105C,8/19/2005,11,0.894428152,0.80000172,0.945742117,0.105571848,0.011145415,0.324918217,79,1.02,66.3,1.71,94.98,8266,96.6,1.38,20,23.3,4,6.9,1,210,23.5,22.1,1.36,16,2.8,23,0.6
D106C,8/19/2005,15.4,0.686217009,0.470893783,0.828382164,0.313782991,0.098459766,0.560163361,79,1.02,66.3,1.71,94.98,8266,96.6,1.38,20,23.3,4,6.9,1,210,23.5,22.1,1.36,16,2.8,23,0.6
D101C,12/3/2005,10,0.322580645,0.104058273,0.567961834,0.677419355,0.458896982,0.823054892,NA,99.86,45,1.35,98.76,15305,7.55,0.28,58,3.6,4.37,4.2,0,1.1,3.7,2.1,2.14,9.2,5.7,0,0
D102C,12/3/2005,9.32,0.438416422,0.192208959,0.662130216,0.561583578,0.315376115,0.749388803,NA,99.86,45,1.35,98.76,15305,7.55,0.28,58,3.6,4.37,4.2,0,1.1,3.7,2.1,2.14,9.2,5.7,0,0
D103C,12/3/2005,10.8,0.780058651,0.608491499,0.883209291,0.219941349,0.048374197,0.46897905,NA,99.86,45,1.35,98.76,15305,7.55,0.28,58,3.6,4.37,4.2,0,1.1,3.7,2.1,2.14,9.2,5.7,0,0
D104C,12/3/2005,13.2,0.580645161,0.337148803,0.762000762,0.419354839,0.175858481,0.647576126,NA,99.86,45,1.35,98.76,15305,7.55,0.28,58,3.6,4.37,4.2,0,1.1,3.7,2.1,2.14,9.2,5.7,0,0
D105C,12/3/2005,14.2,0.894428152,0.80000172,0.945742117,0.105571848,0.011145415,0.324918217,NA,99.86,45,1.35,98.76,15305,7.55,0.28,58,3.6,4.37,4.2,0,1.1,3.7,2.1,2.14,9.2,5.7,0,0
D106C,12/3/2005,16.1,0.686217009,0.470893783,0.828382164,0.313782991,0.098459766,0.560163361,NA,99.86,45,1.35,98.76,15305,7.55,0.28,58,3.6,4.37,4.2,0,1.1,3.7,2.1,2.14,9.2,5.7,0,0
D101C,1/14/2006,12,0.322580645,0.104058273,0.567961834,0.677419355,0.458896982,0.823054892,NA,99.76,1.93,0.19,103.01,25119,0,-0.07,68,3.9,4.24,52,0,1.3,4.3,1.4,2.33,13,5.2,0,0
D102C,1/14/2006,10.6,0.438416422,0.192208959,0.662130216,0.561583578,0.315376115,0.749388803,NA,99.76,1.93,0.19,103.01,25119,0,-0.07,68,3.9,4.24,52,0,1.3,4.3,1.4,2.33,13,5.2,0,0
D103C,1/14/2006,11.6,0.780058651,0.608491499,0.883209291,0.219941349,0.048374197,0.46897905,NA,99.76,1.93,0.19,103.01,25119,0,-0.07,68,3.9,4.24,52,0,1.3,4.3,1.4,2.33,13,5.2,0,0
D104C,1/14/2006,12.8,0.580645161,0.337148803,0.762000762,0.419354839,0.175858481,0.647576126,NA,99.76,1.93,0.19,103.01,25119,0,-0.07,68,3.9,4.24,52,0,1.3,4.3,1.4,2.33,13,5.2,0,0
D105C,1/14/2006,12.3,0.894428152,0.80000172,0.945742117,0.105571848,0.011145415,0.324918217,NA,99.76,1.93,0.19,103.01,25119,0,-0.07,68,3.9,4.24,52,0,1.3,4.3,1.4,2.33,13,5.2,0,0
D106C,1/14/2006,15.4,0.686217009,0.470893783,0.828382164,0.313782991,0.098459766,0.560163361,NA,99.76,1.93,0.19,103.01,25119,0,-0.07,68,3.9,4.24,52,0,1.3,4.3,1.4,2.33,13,5.2,0,0
D101C,3/15/2006,12.7,0.322580645,0.104058273,0.567961834,0.677419355,0.458896982,0.823054892,NA,NA,25.2,0.94,107.71,38386,0.007,0,42,9.8,4.59,18,0,2.1,10.6,6.1,2.42,9.5,6.5,0,0
D102C,3/15/2006,10.8,0.438416422,0.192208959,0.662130216,0.561583578,0.315376115,0.749388803,NA,NA,25.2,0.94,107.71,38386,0.007,0,42,9.8,4.59,18,0,2.1,10.6,6.1,2.42,9.5,6.5,0,0
D103C,3/15/2006,11.4,0.780058651,0.608491499,0.883209291,0.219941349,0.048374197,0.46897905,NA,NA,25.2,0.94,107.71,38386,0.007,0,42,9.8,4.59,18,0,2.1,10.6,6.1,2.42,9.5,6.5,0,0
D104C,3/15/2006,13.8,0.580645161,0.337148803,0.762000762,0.419354839,0.175858481,0.647576126,NA,NA,25.2,0.94,107.71,38386,0.007,0,42,9.8,4.59,18,0,2.1,10.6,6.1,2.42,9.5,6.5,0,0
D105C,3/15/2006,13.8,0.894428152,0.80000172,0.945742117,0.105571848,0.011145415,0.324918217,NA,NA,25.2,0.94,107.71,38386,0.007,0,42,9.8,4.59,18,0,2.1,10.6,6.1,2.42,9.5,6.5,0,0
D106C,3/15/2006,17.9,0.686217009,0.470893783,0.828382164,0.313782991,0.098459766,0.560163361,NA,NA,25.2,0.94,107.71,38386,0.007,0,42,9.8,4.59,18,0,2.1,10.6,6.1,2.42,9.5,6.5,0,0
D101C,5/16/2006,6.99,0.322580645,0.104058273,0.567961834,0.677419355,0.458896982,0.823054892,0.055,0.01,58.5,1.58,101.98,22470,26.9,0.61,18,18.6,4.23,6,1,112,17.6,15.5,2.57,72,5,17,0.27
D102C,5/16/2006,8.96,0.438416422,0.192208959,0.662130216,0.561583578,0.315376115,0.749388803,0.055,0.01,58.5,1.58,101.98,22470,26.9,0.61,18,18.6,4.23,6,1,112,17.6,15.5,2.57,72,5,17,0.27
D103C,5/16/2006,7.78,0.780058651,0.608491499,0.883209291,0.219941349,0.048374197,0.46897905,0.055,0.01,58.5,1.58,101.98,22470,26.9,0.61,18,18.6,4.23,6,1,112,17.6,15.5,2.57,72,5,17,0.27
D104C,5/16/2006,13.9,0.580645161,0.337148803,0.762000762,0.419354839,0.175858481,0.647576126,0.055,0.01,58.5,1.58,101.98,22470,26.9,0.61,18,18.6,4.23,6,1,112,17.6,15.5,2.57,72,5,17,0.27
D105C,5/16/2006,13.8,0.894428152,0.80000172,0.945742117,0.105571848,0.011145415,0.324918217,0.055,0.01,58.5,1.58,101.98,22470,26.9,0.61,18,18.6,4.23,6,1,112,17.6,15.5,2.57,72,5,17,0.27
D106C,5/16/2006,18,0.686217009,0.470893783,0.828382164,0.313782991,0.098459766,0.560163361,0.055,0.01,58.5,1.58,101.98,22470,26.9,0.61,18,18.6,4.23,6,1,112,17.6,15.5,2.57,72,5,17,0.27
D101C,6/16/2006,6.3,0.322580645,0.104058273,0.567961834,0.677419355,0.458896982,0.823054892,285,2.28,68.3,1.74,102.02,22567,90.2,1.32,25,18.9,3.9,22,1,485,22.6,21.2,1.41,14,2.6,24,0.23
D102C,6/16/2006,10.1,0.438416422,0.192208959,0.662130216,0.561583578,0.315376115,0.749388803,285,2.28,68.3,1.74,102.02,22567,90.2,1.32,25,18.9,3.9,22,1,485,22.6,21.2,1.41,14,2.6,24,0.23
D103C,6/16/2006,8.88,0.780058651,0.608491499,0.883209291,0.219941349,0.048374197,0.46897905,285,2.28,68.3,1.74,102.02,22567,90.2,1.32,25,18.9,3.9,22,1,485,22.6,21.2,1.41,14,2.6,24,0.23
D104C,6/16/2006,12.7,0.580645161,0.337148803,0.762000762,0.419354839,0.175858481,0.647576126,285,2.28,68.3,1.74,102.02,22567,90.2,1.32,25,18.9,3.9,22,1,485,22.6,21.2,1.41,14,2.6,24,0.23
D105C,6/16/2006,10.4,0.894428152,0.80000172,0.945742117,0.105571848,0.011145415,0.324918217,285,2.28,68.3,1.74,102.02,22567,90.2,1.32,25,18.9,3.9,22,1,485,22.6,21.2,1.41,14,2.6,24,0.23
D106C,6/16/2006,11.8,0.686217009,0.470893783,0.828382164,0.313782991,0.098459766,0.560163361,285,2.28,68.3,1.74,102.02,22567,90.2,1.32,25,18.9,3.9,22,1,485,22.6,21.2,1.41,14,2.6,24,0.23
D101C,7/13/2006,4.65,0.322580645,0.104058273,0.567961834,0.677419355,0.458896982,0.823054892,499,3.23,61.4,1.63,95.22,8665,192,2.12,570,28,1.38,598,1,1300,27.7,24.7,1.15,554,6.5,22,0.55
D102C,7/13/2006,4.51,0.438416422,0.192208959,0.662130216,0.561583578,0.315376115,0.749388803,499,3.23,61.4,1.63,95.22,8665,192,2.12,570,28,1.38,598,1,1300,27.7,24.7,1.15,554,6.5,22,0.55
D103C,7/13/2006,4.88,0.780058651,0.608491499,0.883209291,0.219941349,0.048374197,0.46897905,499,3.23,61.4,1.63,95.22,8665,192,2.12,570,28,1.38,598,1,1300,27.7,24.7,1.15,554,6.5,22,0.55
D104C,7/13/2006,4.28,0.580645161,0.337148803,0.762000762,0.419354839,0.175858481,0.647576126,499,3.23,61.4,1.63,95.22,8665,192,2.12,570,28,1.38,598,1,1300,27.7,24.7,1.15,554,6.5,22,0.55
D105C,7/13/2006,4.6,0.894428152,0.80000172,0.945742117,0.105571848,0.011145415,0.324918217,499,3.23,61.4,1.63,95.22,8665,192,2.12,570,28,1.38,598,1,1300,27.7,24.7,1.15,554,6.5,22,0.55
D106C,7/13/2006,5.46,0.686217009,0.470893783,0.828382164,0.313782991,0.098459766,0.560163361,499,3.23,61.4,1.63,95.22,8665,192,2.12,570,28,1.38,598,1,1300,27.7,24.7,1.15,554,6.5,22,0.55
D101C,8/10/2006,9.28,0.322580645,0.104058273,0.567961834,0.677419355,0.458896982,0.823054892,58.4,0.84,63.6,1.67,90.41,2754,84,1.26,19,23.4,4.32,8.3,1,176,26.2,24.2,1.51,13,1.6,28,0.89
D102C,8/10/2006,7.66,0.438416422,0.192208959,0.662130216,0.561583578,0.315376115,0.749388803,58.4,0.84,63.6,1.67,90.41,2754,84,1.26,19,23.4,4.32,8.3,1,176,26.2,24.2,1.51,13,1.6,28,0.89
D103C,8/10/2006,7.68,0.780058651,0.608491499,0.883209291,0.219941349,0.048374197,0.46897905,58.4,0.84,63.6,1.67,90.41,2754,84,1.26,19,23.4,4.32,8.3,1,176,26.2,24.2,1.51,13,1.6,28,0.89
D104C,8/10/2006,12.4,0.580645161,0.337148803,0.762000762,0.419354839,0.175858481,0.647576126,58.4,0.84,63.6,1.67,90.41,2754,84,1.26,19,23.4,4.32,8.3,1,176,26.2,24.2,1.51,13,1.6,28,0.89
D105C,8/10/2006,10.8,0.894428152,0.80000172,0.945742117,0.105571848,0.011145415,0.324918217,58.4,0.84,63.6,1.67,90.41,2754,84,1.26,19,23.4,4.32,8.3,1,176,26.2,24.2,1.51,13,1.6,28,0.89
D106C,8/10/2006,13.2,0.686217009,0.470893783,0.828382164,0.313782991,0.098459766,0.560163361,58.4,0.84,63.6,1.67,90.41,2754,84,1.26,19,23.4,4.32,8.3,1,176,26.2,24.2,1.51,13,1.6,28,0.89
D101C,11/20/2006,6.4,0.322580645,0.104058273,0.567961834,0.677419355,0.458896982,0.823054892,0,-0.04,1.74,0.18,98.96,15688,0,-0.02,113,6.9,3.88,86,0,0.77,8.3,4.7,1.77,32,9,0,0
D102C,11/20/2006,8.32,0.438416422,0.192208959,0.662130216,0.561583578,0.315376115,0.749388803,0,-0.04,1.74,0.18,98.96,15688,0,-0.02,113,6.9,3.88,86,0,0.77,8.3,4.7,1.77,32,9,0,0
D103C,11/20/2006,,0.780058651,0.608491499,0.883209291,0.219941349,0.048374197,0.46897905,0,-0.04,1.74,0.18,98.96,15688,0,-0.02,113,6.9,3.88,86,0,0.77,8.3,4.7,1.77,32,9,0,0
D104C,11/20/2006,8.88,0.580645161,0.337148803,0.762000762,0.419354839,0.175858481,0.647576126,0,-0.04,1.74,0.18,98.96,15688,0,-0.02,113,6.9,3.88,86,0,0.77,8.3,4.7,1.77,32,9,0,0
D105C,11/20/2006,10.3,0.894428152,0.80000172,0.945742117,0.105571848,0.011145415,0.324918217,0,-0.04,1.74,0.18,98.96,15688,0,-0.02,113,6.9,3.88,86,0,0.77,8.3,4.7,1.77,32,9,0,0
D106C,11/20/2006,10,0.686217009,0.470893783,0.828382164,0.313782991,0.098459766,0.560163361,0,-0.04,1.74,0.18,98.96,15688,0,-0.02,113,6.9,3.88,86,0,0.77,8.3,4.7,1.77,32,9,0,0
D101C,3/12/2007,18.2,0.322580645,0.104058273,0.567961834,0.677419355,0.458896982,0.823054892,0,0,0,-1.49,114.08,61197,0,-0.9,268,11.3,3.97,153,0,1.3,12.8,7.7,2.39,48,24,0,0
D102C,3/12/2007,15.8,0.438416422,0.192208959,0.662130216,0.561583578,0.315376115,0.749388803,0,0,0,-1.49,114.08,61197,0,-0.9,268,11.3,3.97,153,0,1.3,12.8,7.7,2.39,48,24,0,0
D103C,3/12/2007,14.1,0.780058651,0.608491499,0.883209291,0.219941349,0.048374197,0.46897905,0,0,0,-1.49,114.08,61197,0,-0.9,268,11.3,3.97,153,0,1.3,12.8,7.7,2.39,48,24,0,0
D104C,3/12/2007,15.2,0.580645161,0.337148803,0.762000762,0.419354839,0.175858481,0.647576126,0,0,0,-1.49,114.08,61197,0,-0.9,268,11.3,3.97,153,0,1.3,12.8,7.7,2.39,48,24,0,0
D105C,3/12/2007,15.4,0.894428152,0.80000172,0.945742117,0.105571848,0.011145415,0.324918217,0,0,0,-1.49,114.08,61197,0,-0.9,268,11.3,3.97,153,0,1.3,12.8,7.7,2.39,48,24,0,0
D106C,3/12/2007,17.1,0.686217009,0.470893783,0.828382164,0.313782991,0.098459766,0.560163361,0,0,0,-1.49,114.08,61197,0,-0.9,268,11.3,3.97,153,0,1.3,12.8,7.7,2.39,48,24,0,0
D101C,5/18/2007,8.22,0.322580645,0.104058273,0.567961834,0.677419355,0.458896982,0.823054892,436,2.96,45.9,1.36,117.17,73758,224,2.33,191,18.6,3.44,121,1,739,17.7,17.1,2.19,47,13,21,16
D102C,5/18/2007,9.32,0.438416422,0.192208959,0.662130216,0.561583578,0.315376115,0.749388803,436,2.96,45.9,1.36,117.17,73758,224,2.33,191,18.6,3.44,121,1,739,17.7,17.1,2.19,47,13,21,16
D103C,5/18/2007,9.7,0.780058651,0.608491499,0.883209291,0.219941349,0.048374197,0.46897905,436,2.96,45.9,1.36,117.17,73758,224,2.33,191,18.6,3.44,121,1,739,17.7,17.1,2.19,47,13,21,16
D104C,5/18/2007,10.9,0.580645161,0.337148803,0.762000762,0.419354839,0.175858481,0.647576126,436,2.96,45.9,1.36,117.17,73758,224,2.33,191,18.6,3.44,121,1,739,17.7,17.1,2.19,47,13,21,16
D105C,5/18/2007,10.6,0.894428152,0.80000172,0.945742117,0.105571848,0.011145415,0.324918217,436,2.96,45.9,1.36,117.17,73758,224,2.33,191,18.6,3.44,121,1,739,17.7,17.1,2.19,47,13,21,16
D106C,5/18/2007,13.2,0.686217009,0.470893783,0.828382164,0.313782991,0.098459766,0.560163361,436,2.96,45.9,1.36,117.17,73758,224,2.33,191,18.6,3.44,121,1,739,17.7,17.1,2.19,47,13,21,16
D101C,6/22/2007,11,0.322580645,0.104058273,0.567961834,0.677419355,0.458896982,0.823054892,350,2.59,61.4,1.63,120.48,88732,214,2.27,141,23.9,3.43,82,1,675,21.1,20.1,1.75,14,7.5,21,1.2
D102C,6/22/2007,10.4,0.438416422,0.192208959,0.662130216,0.561583578,0.315376115,0.749388803,350,2.59,61.4,1.63,120.48,88732,214,2.27,141,23.9,3.43,82,1,675,21.1,20.1,1.75,14,7.5,21,1.2
D103C,6/22/2007,8.94,0.780058651,0.608491499,0.883209291,0.219941349,0.048374197,0.46897905,350,2.59,61.4,1.63,120.48,88732,214,2.27,141,23.9,3.43,82,1,675,21.1,20.1,1.75,14,7.5,21,1.2
D104C,6/22/2007,10.2,0.580645161,0.337148803,0.762000762,0.419354839,0.175858481,0.647576126,350,2.59,61.4,1.63,120.48,88732,214,2.27,141,23.9,3.43,82,1,675,21.1,20.1,1.75,14,7.5,21,1.2
D105C,6/22/2007,10.6,0.894428152,0.80000172,0.945742117,0.105571848,0.011145415,0.324918217,350,2.59,61.4,1.63,120.48,88732,214,2.27,141,23.9,3.43,82,1,675,21.1,20.1,1.75,14,7.5,21,1.2
D106C,6/22/2007,11.9,0.686217009,0.470893783,0.828382164,0.313782991,0.098459766,0.560163361,350,2.59,61.4,1.63,120.48,88732,214,2.27,141,23.9,3.43,82,1,675,21.1,20.1,1.75,14,7.5,21,1.2
D101C,7/24/2007,4.56,0.322580645,0.104058273,0.567961834,0.677419355,0.458896982,0.823054892,370,2.69,62.6,1.65,111.09,50047,152,1.83,556,26.7,1.94,561,1,1240,25.3,24.8,1.47,645,7,34,0.54
D102C,7/24/2007,4.79,0.438416422,0.192208959,0.662130216,0.561583578,0.315376115,0.749388803,370,2.69,62.6,1.65,111.09,50047,152,1.83,556,26.7,1.94,561,1,1240,25.3,24.8,1.47,645,7,34,0.54
D103C,7/24/2007,5.28,0.780058651,0.608491499,0.883209291,0.219941349,0.048374197,0.46897905,370,2.69,62.6,1.65,111.09,50047,152,1.83,556,26.7,1.94,561,1,1240,25.3,24.8,1.47,645,7,34,0.54
D104C,7/24/2007,,0.580645161,0.337148803,0.762000762,0.419354839,0.175858481,0.647576126,370,2.69,62.6,1.65,111.09,50047,152,1.83,556,26.7,1.94,561,1,1240,25.3,24.8,1.47,645,7,34,0.54
D105C,7/24/2007,5.43,0.894428152,0.80000172,0.945742117,0.105571848,0.011145415,0.324918217,370,2.69,62.6,1.65,111.09,50047,152,1.83,556,26.7,1.94,561,1,1240,25.3,24.8,1.47,645,7,34,0.54
D106C,7/24/2007,6.26,0.686217009,0.470893783,0.828382164,0.313782991,0.098459766,0.560163361,370,2.69,62.6,1.65,111.09,50047,152,1.83,556,26.7,1.94,561,1,1240,25.3,24.8,1.47,645,7,34,0.54
D101C,8/15/2007,9.3,0.322580645,0.104058273,0.567961834,0.677419355,0.458896982,0.823054892,372,2.69,57.1,1.56,107.85,38834,87.7,1.3,81,25.3,NA,58,1,534,26.4,25.6,1.47,21,10,30,0.19
D102C,8/15/2007,9.66,0.438416422,0.192208959,0.662130216,0.561583578,0.315376115,0.749388803,372,2.69,57.1,1.56,107.85,38834,87.7,1.3,81,25.3,NA,58,1,534,26.4,25.6,1.47,21,10,30,0.19
D103C,8/15/2007,10.2,0.780058651,0.608491499,0.883209291,0.219941349,0.048374197,0.46897905,372,2.69,57.1,1.56,107.85,38834,87.7,1.3,81,25.3,NA,58,1,534,26.4,25.6,1.47,21,10,30,0.19
D104C,8/15/2007,12,0.580645161,0.337148803,0.762000762,0.419354839,0.175858481,0.647576126,372,2.69,57.1,1.56,107.85,38834,87.7,1.3,81,25.3,NA,58,1,534,26.4,25.6,1.47,21,10,30,0.19
D105C,8/15/2007,11,0.894428152,0.80000172,0.945742117,0.105571848,0.011145415,0.324918217,372,2.69,57.1,1.56,107.85,38834,87.7,1.3,81,25.3,NA,58,1,534,26.4,25.6,1.47,21,10,30,0.19
D106C,8/15/2007,13.4,0.686217009,0.470893783,0.828382164,0.313782991,0.098459766,0.560163361,372,2.69,57.1,1.56,107.85,38834,87.7,1.3,81,25.3,NA,58,1,534,26.4,25.6,1.47,21,10,30,0.19
D101C,11/18/2007,11.2,0.322580645,0.104058273,0.567961834,0.677419355,0.458896982,0.823054892,0,-0.04,50.9,1.45,103.25,25757,15.6,0.44,104,9.1,4.27,39,0,0.7,10.3,6.1,1.94,16,17,0,30
D102C,11/18/2007,11.8,0.438416422,0.192208959,0.662130216,0.561583578,0.315376115,0.749388803,0,-0.04,50.9,1.45,103.25,25757,15.6,0.44,104,9.1,4.27,39,0,0.7,10.3,6.1,1.94,16,17,0,30
D103C,11/18/2007,13.9,0.780058651,0.608491499,0.883209291,0.219941349,0.048374197,0.46897905,0,-0.04,50.9,1.45,103.25,25757,15.6,0.44,104,9.1,4.27,39,0,0.7,10.3,6.1,1.94,16,17,0,30
D104C,11/18/2007,15.2,0.580645161,0.337148803,0.762000762,0.419354839,0.175858481,0.647576126,0,-0.04,50.9,1.45,103.25,25757,15.6,0.44,104,9.1,4.27,39,0,0.7,10.3,6.1,1.94,16,17,0,30
D105C,11/18/2007,14.4,0.894428152,0.80000172,0.945742117,0.105571848,0.011145415,0.324918217,0,-0.04,50.9,1.45,103.25,25757,15.6,0.44,104,9.1,4.27,39,0,0.7,10.3,6.1,1.94,16,17,0,30
D106C,11/18/2007,16.2,0.686217009,0.470893783,0.828382164,0.313782991,0.098459766,0.560163361,0,-0.04,50.9,1.45,103.25,25757,15.6,0.44,104,9.1,4.27,39,0,0.7,10.3,6.1,1.94,16,17,0,30
D101C,1/16/2008,13.6,0.322580645,0.104058273,0.567961834,0.677419355,0.458896982,0.823054892,0,-0.16,3.65,0.28,110.11,46559,0,-0.05,114,1.5,4.27,89,0,0.89,3,0.1,2.21,25,15,0,0
D102C,1/16/2008,13.3,0.438416422,0.192208959,0.662130216,0.561583578,0.315376115,0.749388803,0,-0.16,3.65,0.28,110.11,46559,0,-0.05,114,1.5,4.27,89,0,0.89,3,0.1,2.21,25,15,0,0
D103C,1/16/2008,14.4,0.780058651,0.608491499,0.883209291,0.219941349,0.048374197,0.46897905,0,-0.16,3.65,0.28,110.11,46559,0,-0.05,114,1.5,4.27,89,0,0.89,3,0.1,2.21,25,15,0,0
D104C,1/16/2008,15.2,0.580645161,0.337148803,0.762000762,0.419354839,0.175858481,0.647576126,0,-0.16,3.65,0.28,110.11,46559,0,-0.05,114,1.5,4.27,89,0,0.89,3,0.1,2.21,25,15,0,0
D105C,1/16/2008,15.8,0.894428152,0.80000172,0.945742117,0.105571848,0.011145415,0.324918217,0,-0.16,3.65,0.28,110.11,46559,0,-0.05,114,1.5,4.27,89,0,0.89,3,0.1,2.21,25,15,0,0
D106C,1/16/2008,17.3,0.686217009,0.470893783,0.828382164,0.313782991,0.098459766,0.560163361,0,-0.16,3.65,0.28,110.11,46559,0,-0.05,114,1.5,4.27,89,0,0.89,3,0.1,2.21,25,15,0,0
D101C,5/21/2008,13,0.322580645,0.104058273,0.567961834,0.677419355,0.458896982,0.823054892,351,2.6,61.6,1.32,111.73,52385,92.5,1.34,53,19.1,4.25,23,1,496,17.4,14.9,2.2,18,10,22,0.55
D102C,5/21/2008,10.9,0.438416422,0.192208959,0.662130216,0.561583578,0.315376115,0.749388803,351,2.6,61.6,1.32,111.73,52385,92.5,1.34,53,19.1,4.25,23,1,496,17.4,14.9,2.2,18,10,22,0.55
D103C,5/21/2008,11.6,0.780058651,0.608491499,0.883209291,0.219941349,0.048374197,0.46897905,351,2.6,61.6,1.32,111.73,52385,92.5,1.34,53,19.1,4.25,23,1,496,17.4,14.9,2.2,18,10,22,0.55
D104C,5/21/2008,14,0.580645161,0.337148803,0.762000762,0.419354839,0.175858481,0.647576126,351,2.6,61.6,1.32,111.73,52385,92.5,1.34,53,19.1,4.25,23,1,496,17.4,14.9,2.2,18,10,22,0.55
D105C,5/21/2008,14.2,0.894428152,0.80000172,0.945742117,0.105571848,0.011145415,0.324918217,351,2.6,61.6,1.32,111.73,52385,92.5,1.34,53,19.1,4.25,23,1,496,17.4,14.9,2.2,18,10,22,0.55
D106C,5/21/2008,16.6,0.686217009,0.470893783,0.828382164,0.313782991,0.098459766,0.560163361,351,2.6,61.6,1.32,111.73,52385,92.5,1.34,53,19.1,4.25,23,1,496,17.4,14.9,2.2,18,10,22,0.55
D101C,7/16/2008,4.59,0.322580645,0.104058273,0.567961834,0.677419355,0.458896982,0.823054892,349,2.59,72.5,1.46,102.52,23846,88,1.3,605,25.7,1.72,549,1,1050,23.2,22.4,1.21,592,9.3,35,4.3
D102C,7/16/2008,4.54,0.438416422,0.192208959,0.662130216,0.561583578,0.315376115,0.749388803,349,2.59,72.5,1.46,102.52,23846,88,1.3,605,25.7,1.72,549,1,1050,23.2,22.4,1.21,592,9.3,35,4.3
D103C,7/16/2008,4.5,0.780058651,0.608491499,0.883209291,0.219941349,0.048374197,0.46897905,349,2.59,72.5,1.46,102.52,23846,88,1.3,605,25.7,1.72,549,1,1050,23.2,22.4,1.21,592,9.3,35,4.3
D104C,7/16/2008,5.28,0.580645161,0.337148803,0.762000762,0.419354839,0.175858481,0.647576126,349,2.59,72.5,1.46,102.52,23846,88,1.3,605,25.7,1.72,549,1,1050,23.2,22.4,1.21,592,9.3,35,4.3
D105C,7/16/2008,5.38,0.894428152,0.80000172,0.945742117,0.105571848,0.011145415,0.324918217,349,2.59,72.5,1.46,102.52,23846,88,1.3,605,25.7,1.72,549,1,1050,23.2,22.4,1.21,592,9.3,35,4.3
D106C,7/16/2008,5.96,0.686217009,0.470893783,0.828382164,0.313782991,0.098459766,0.560163361,349,2.59,72.5,1.46,102.52,23846,88,1.3,605,25.7,1.72,549,1,1050,23.2,22.4,1.21,592,9.3,35,4.3
D101C,11/21/2008,11.2,0.322580645,0.104058273,0.567961834,0.677419355,0.458896982,0.823054892,0,-0.04,51.6,1.18,108.3,40315,0,-0.11,105,5,4.2,30,0,0.91,6.7,3.8,1.92,25,7,0,47
D102C,11/21/2008,11.3,0.438416422,0.192208959,0.662130216,0.561583578,0.315376115,0.749388803,0,-0.04,51.6,1.18,108.3,40315,0,-0.11,105,5,4.2,30,0,0.91,6.7,3.8,1.92,25,7,0,47
D103C,11/21/2008,11.8,0.780058651,0.608491499,0.883209291,0.219941349,0.048374197,0.46897905,0,-0.04,51.6,1.18,108.3,40315,0,-0.11,105,5,4.2,30,0,0.91,6.7,3.8,1.92,25,7,0,47
D104C,11/21/2008,12.5,0.580645161,0.337148803,0.762000762,0.419354839,0.175858481,0.647576126,0,-0.04,51.6,1.18,108.3,40315,0,-0.11,105,5,4.2,30,0,0.91,6.7,3.8,1.92,25,7,0,47
D105C,11/21/2008,13.4,0.894428152,0.80000172,0.945742117,0.105571848,0.011145415,0.324918217,0,-0.04,51.6,1.18,108.3,40315,0,-0.11,105,5,4.2,30,0,0.91,6.7,3.8,1.92,25,7,0,47
D106C,11/21/2008,15.2,0.686217009,0.470893783,0.828382164,0.313782991,0.098459766,0.560163361,0,-0.04,51.6,1.18,108.3,40315,0,-0.11,105,5,4.2,30,0,0.91,6.7,3.8,1.92,25,7,0,47
D101C,3/12/2009,15,0.322580645,0.104058273,0.567961834,0.677419355,0.458896982,0.823054892,0,-0.25,0,-0.19,117.65,75819,5.38,0.23,84,4.6,4.22,59,0,2.5,10.1,4.3,2.31,11,6.1,0,0
D102C,3/12/2009,13.8,0.438416422,0.192208959,0.662130216,0.561583578,0.315376115,0.749388803,0,-0.25,0,-0.19,117.65,75819,5.38,0.23,84,4.6,4.22,59,0,2.5,10.1,4.3,2.31,11,6.1,0,0
D103C,3/12/2009,13.8,0.780058651,0.608491499,0.883209291,0.219941349,0.048374197,0.46897905,0,-0.25,0,-0.19,117.65,75819,5.38,0.23,84,4.6,4.22,59,0,2.5,10.1,4.3,2.31,11,6.1,0,0
D104C,3/12/2009,15.4,0.580645161,0.337148803,0.762000762,0.419354839,0.175858481,0.647576126,0,-0.25,0,-0.19,117.65,75819,5.38,0.23,84,4.6,4.22,59,0,2.5,10.1,4.3,2.31,11,6.1,0,0
D105C,3/12/2009,14.6,0.894428152,0.80000172,0.945742117,0.105571848,0.011145415,0.324918217,0,-0.25,0,-0.19,117.65,75819,5.38,0.23,84,4.6,4.22,59,0,2.5,10.1,4.3,2.31,11,6.1,0,0
D106C,3/12/2009,16,0.686217009,0.470893783,0.828382164,0.313782991,0.098459766,0.560163361,0,-0.25,0,-0.19,117.65,75819,5.38,0.23,84,4.6,4.22,59,0,2.5,10.1,4.3,2.31,11,6.1,0,0
D101C,6/25/2009,12,0.322580645,0.104058273,0.567961834,0.677419355,0.458896982,0.823054892,315,2.42,64.6,1.36,117.99,77304,186,2.08,74,25,4.08,21,1,623,21.2,20.7,1.83,15,7.6,29,5.2
D102C,6/25/2009,9.27,0.438416422,0.192208959,0.662130216,0.561583578,0.315376115,0.749388803,315,2.42,64.6,1.36,117.99,77304,186,2.08,74,25,4.08,21,1,623,21.2,20.7,1.83,15,7.6,29,5.2
D103C,6/25/2009,10.2,0.780058651,0.608491499,0.883209291,0.219941349,0.048374197,0.46897905,315,2.42,64.6,1.36,117.99,77304,186,2.08,74,25,4.08,21,1,623,21.2,20.7,1.83,15,7.6,29,5.2
D104C,6/25/2009,10.6,0.580645161,0.337148803,0.762000762,0.419354839,0.175858481,0.647576126,315,2.42,64.6,1.36,117.99,77304,186,2.08,74,25,4.08,21,1,623,21.2,20.7,1.83,15,7.6,29,5.2
D105C,6/25/2009,11.8,0.894428152,0.80000172,0.945742117,0.105571848,0.011145415,0.324918217,315,2.42,64.6,1.36,117.99,77304,186,2.08,74,25,4.08,21,1,623,21.2,20.7,1.83,15,7.6,29,5.2
D106C,6/25/2009,13.8,0.686217009,0.470893783,0.828382164,0.313782991,0.098459766,0.560163361,315,2.42,64.6,1.36,117.99,77304,186,2.08,74,25,4.08,21,1,623,21.2,20.7,1.83,15,7.6,29,5.2
D101C,8/28/2009,10.4,0.322580645,0.104058273,0.567961834,0.677419355,0.458896982,0.823054892,0,0,50.5,1.17,102.59,24035,84,1.26,96,22.6,3.87,38,1,82,23.7,22,1.61,12,11,25,29
D102C,8/28/2009,8.96,0.438416422,0.192208959,0.662130216,0.561583578,0.315376115,0.749388803,0,0,50.5,1.17,102.59,24035,84,1.26,96,22.6,3.87,38,1,82,23.7,22,1.61,12,11,25,29
D103C,8/28/2009,10.1,0.780058651,0.608491499,0.883209291,0.219941349,0.048374197,0.46897905,0,0,50.5,1.17,102.59,24035,84,1.26,96,22.6,3.87,38,1,82,23.7,22,1.61,12,11,25,29
D104C,8/28/2009,10.4,0.580645161,0.337148803,0.762000762,0.419354839,0.175858481,0.647576126,0,0,50.5,1.17,102.59,24035,84,1.26,96,22.6,3.87,38,1,82,23.7,22,1.61,12,11,25,29
D105C,8/28/2009,10.6,0.894428152,0.80000172,0.945742117,0.105571848,0.011145415,0.324918217,0,0,50.5,1.17,102.59,24035,84,1.26,96,22.6,3.87,38,1,82,23.7,22,1.61,12,11,25,29
D106C,8/28/2009,14.2,0.686217009,0.470893783,0.828382164,0.313782991,0.098459766,0.560163361,0,0,50.5,1.17,102.59,24035,84,1.26,96,22.6,3.87,38,1,82,23.7,22,1.61,12,11,25,29
D101C,1/6/2010,,0.322580645,0.104058273,0.567961834,0.677419355,0.458896982,0.823054892,0,-0.05,0,0,111.24,50594,0,-0.19,131,2.3,4.21,97,0,0.93,3.4,1.8,2.28,22,27,0,0
D102C,1/6/2010,,0.438416422,0.192208959,0.662130216,0.561583578,0.315376115,0.749388803,0,-0.05,0,0,111.24,50594,0,-0.19,131,2.3,4.21,97,0,0.93,3.4,1.8,2.28,22,27,0,0
D103C,1/6/2010,,0.780058651,0.608491499,0.883209291,0.219941349,0.048374197,0.46897905,0,-0.05,0,0,111.24,50594,0,-0.19,131,2.3,4.21,97,0,0.93,3.4,1.8,2.28,22,27,0,0
D104C,1/6/2010,,0.580645161,0.337148803,0.762000762,0.419354839,0.175858481,0.647576126,0,-0.05,0,0,111.24,50594,0,-0.19,131,2.3,4.21,97,0,0.93,3.4,1.8,2.28,22,27,0,0
D105C,1/6/2010,,0.894428152,0.80000172,0.945742117,0.105571848,0.011145415,0.324918217,0,-0.05,0,0,111.24,50594,0,-0.19,131,2.3,4.21,97,0,0.93,3.4,1.8,2.28,22,27,0,0
D106C,1/6/2010,5.1,0.686217009,0.470893783,0.828382164,0.313782991,0.098459766,0.560163361,0,-0.05,0,0,111.24,50594,0,-0.19,131,2.3,4.21,97,0,0.93,3.4,1.8,2.28,22,27,0,0
D101C,3/19/2010,14.9,0.322580645,0.104058273,0.567961834,0.677419355,0.458896982,0.823054892,0,-0.1,0,-0.04,118.21,78292,6.66,0.26,120,7.6,4.23,83,0,0.9,9.5,5.6,2.26,11,11,0,0
D102C,3/19/2010,12.2,0.438416422,0.192208959,0.662130216,0.561583578,0.315376115,0.749388803,0,-0.1,0,-0.04,118.21,78292,6.66,0.26,120,7.6,4.23,83,0,0.9,9.5,5.6,2.26,11,11,0,0
D103C,3/19/2010,12.7,0.780058651,0.608491499,0.883209291,0.219941349,0.048374197,0.46897905,0,-0.1,0,-0.04,118.21,78292,6.66,0.26,120,7.6,4.23,83,0,0.9,9.5,5.6,2.26,11,11,0,0
D104C,3/19/2010,13.6,0.580645161,0.337148803,0.762000762,0.419354839,0.175858481,0.647576126,0,-0.1,0,-0.04,118.21,78292,6.66,0.26,120,7.6,4.23,83,0,0.9,9.5,5.6,2.26,11,11,0,0
D105C,3/19/2010,13.4,0.894428152,0.80000172,0.945742117,0.105571848,0.011145415,0.324918217,0,-0.1,0,-0.04,118.21,78292,6.66,0.26,120,7.6,4.23,83,0,0.9,9.5,5.6,2.26,11,11,0,0
D106C,3/19/2010,16.2,0.686217009,0.470893783,0.828382164,0.313782991,0.098459766,0.560163361,0,-0.1,0,-0.04,118.21,78292,6.66,0.26,120,7.6,4.23,83,0,0.9,9.5,5.6,2.26,11,11,0,0
D101C,6/10/2010,11.6,0.322580645,0.104058273,0.567961834,0.677419355,0.458896982,0.823054892,499,3.23,66.4,1.39,118.77,80763,228,2.36,46,23.6,4.17,39,1,922,21.6,20.5,2.06,18,11,32,0.02
D102C,6/10/2010,9.18,0.438416422,0.192208959,0.662130216,0.561583578,0.315376115,0.749388803,499,3.23,66.4,1.39,118.77,80763,228,2.36,46,23.6,4.17,39,1,922,21.6,20.5,2.06,18,11,32,0.02
D103C,6/10/2010,8.94,0.780058651,0.608491499,0.883209291,0.219941349,0.048374197,0.46897905,499,3.23,66.4,1.39,118.77,80763,228,2.36,46,23.6,4.17,39,1,922,21.6,20.5,2.06,18,11,32,0.02
D104C,6/10/2010,,0.580645161,0.337148803,0.762000762,0.419354839,0.175858481,0.647576126,499,3.23,66.4,1.39,118.77,80763,228,2.36,46,23.6,4.17,39,1,922,21.6,20.5,2.06,18,11,32,0.02
D105C,6/10/2010,11.2,0.894428152,0.80000172,0.945742117,0.105571848,0.011145415,0.324918217,499,3.23,66.4,1.39,118.77,80763,228,2.36,46,23.6,4.17,39,1,922,21.6,20.5,2.06,18,11,32,0.02
D106C,6/10/2010,14.4,0.686217009,0.470893783,0.828382164,0.313782991,0.098459766,0.560163361,499,3.23,66.4,1.39,118.77,80763,228,2.36,46,23.6,4.17,39,1,922,21.6,20.5,2.06,18,11,32,0.02
D101C,8/12/2010,10.7,0.322580645,0.104058273,0.567961834,0.677419355,0.458896982,0.823054892,347,2.58,62.2,1.33,105.53,31922,99,1.4,159,25.8,3.22,74,1,468,26.4,25.6,1.54,14,13,21,2.6
D102C,8/12/2010,7.85,0.438416422,0.192208959,0.662130216,0.561583578,0.315376115,0.749388803,347,2.58,62.2,1.33,105.53,31922,99,1.4,159,25.8,3.22,74,1,468,26.4,25.6,1.54,14,13,21,2.6
D103C,8/12/2010,9.2,0.780058651,0.608491499,0.883209291,0.219941349,0.048374197,0.46897905,347,2.58,62.2,1.33,105.53,31922,99,1.4,159,25.8,3.22,74,1,468,26.4,25.6,1.54,14,13,21,2.6
D104C,8/12/2010,9.34,0.580645161,0.337148803,0.762000762,0.419354839,0.175858481,0.647576126,347,2.58,62.2,1.33,105.53,31922,99,1.4,159,25.8,3.22,74,1,468,26.4,25.6,1.54,14,13,21,2.6
D105C,8/12/2010,9.41,0.894428152,0.80000172,0.945742117,0.105571848,0.011145415,0.324918217,347,2.58,62.2,1.33,105.53,31922,99,1.4,159,25.8,3.22,74,1,468,26.4,25.6,1.54,14,13,21,2.6
D106C,8/11/2010,9.76,0.686217009,0.470893783,0.828382164,0.313782991,0.098459766,0.560163361,346,2.58,64.8,1.37,105.58,32039,158,1.87,178,26.3,3.06,91,1,490,26.5,25.7,1.49,17,15,21,2.7
D101C,11/21/2010,15.7,0.322580645,0.104058273,0.567961834,0.677419355,0.458896982,0.823054892,0,-0.31,35.1,0.93,105.03,30537,13.9,0.41,65,7.6,4.38,19,0,0.81,7.1,4.9,2.05,3.5,5.7,0,3.1
D102C,11/18/2010,12.2,0.438416422,0.192208959,0.662130216,0.561583578,0.315376115,0.749388803,0,-0.3,36.4,0.95,104.7,29630,18.7,0.49,59,6.7,4.44,19,0,1.1,8.4,4.6,2.03,4.2,8.1,0,4.2
D103C,11/18/2010,12.7,0.780058651,0.608491499,0.883209291,0.219941349,0.048374197,0.46897905,0,-0.3,36.4,0.95,104.7,29630,18.7,0.49,59,6.7,4.44,19,0,1.1,8.4,4.6,2.03,4.2,8.1,0,4.2
D104C,11/21/2010,14.3,0.580645161,0.337148803,0.762000762,0.419354839,0.175858481,0.647576126,0,-0.31,35.1,0.93,105.03,30537,13.9,0.41,65,7.6,4.38,19,0,0.81,7.1,4.9,2.05,3.5,5.7,0,3.1
D105C,11/18/2010,15.1,0.894428152,0.80000172,0.945742117,0.105571848,0.011145415,0.324918217,0,-0.3,36.4,0.95,104.7,29630,18.7,0.49,59,6.7,4.44,19,0,1.1,8.4,4.6,2.03,4.2,8.1,0,4.2
D106C,11/21/2010,17.3,0.686217009,0.470893783,0.828382164,0.313782991,0.098459766,0.560163361,0,-0.31,35.1,0.93,105.03,30537,13.9,0.41,65,7.6,4.38,19,0,0.81,7.1,4.9,2.05,3.5,5.7,0,3.1
ARKCOOKS,3/8/2011,15.1,1,1,1,0,0,0,0,-0.58,0,-0.12,113.69,59703,8.7,0.31,81,4.2,4.19,62,0,0.94,6.7,3.5,2.23,7.8,5.5,0,0
ARKJMRCO,3/9/2011,1.44,0,0,0,1,1,1,0,-0.58,0,-0.12,113.78,60049,9,0.31,81,6,4.21,62,0,0.78,9.5,3.2,2.23,7.3,4.9,0,0
D101C,3/8/2011,17.5,0.322580645,0.104058273,0.567961834,0.677419355,0.458896982,0.823054892,0,-0.58,0,-0.12,113.69,59703,8.7,0.31,81,4.2,4.19,62,0,0.94,6.7,3.5,2.23,7.8,5.5,0,0
D102C,3/8/2011,13.6,0.438416422,0.192208959,0.662130216,0.561583578,0.315376115,0.749388803,0,-0.58,0,-0.12,113.69,59703,8.7,0.31,81,4.2,4.19,62,0,0.94,6.7,3.5,2.23,7.8,5.5,0,0
D103C,3/8/2011,13.1,0.780058651,0.608491499,0.883209291,0.219941349,0.048374197,0.46897905,0,-0.58,0,-0.12,113.69,59703,8.7,0.31,81,4.2,4.19,62,0,0.94,6.7,3.5,2.23,7.8,5.5,0,0
D104C,3/8/2011,14.1,0.580645161,0.337148803,0.762000762,0.419354839,0.175858481,0.647576126,0,-0.58,0,-0.12,113.69,59703,8.7,0.31,81,4.2,4.19,62,0,0.94,6.7,3.5,2.23,7.8,5.5,0,0
D105C,3/8/2011,14.4,0.894428152,0.80000172,0.945742117,0.105571848,0.011145415,0.324918217,0,-0.58,0,-0.12,113.69,59703,8.7,0.31,81,4.2,4.19,62,0,0.94,6.7,3.5,2.23,7.8,5.5,0,0
D106C,3/8/2011,15,0.686217009,0.470893783,0.828382164,0.313782991,0.098459766,0.560163361,0,-0.58,0,-0.12,113.69,59703,8.7,0.31,81,4.2,4.19,62,0,0.94,6.7,3.5,2.23,7.8,5.5,0,0
ARKCOOKS,5/21/2011,15.4,1,1,1,0,0,0,0,0,55.8,1.24,107.38,37352,44.5,0.85,25,18.8,4.39,5.9,1,68,16.8,14.4,2.4,11,5.8,20,0.32
ARKJMRCO,5/21/2011,6.45,0,0,0,1,1,1,0,0,55.8,1.24,107.38,37352,44.5,0.85,25,18.8,4.39,5.9,1,68,16.8,14.4,2.4,11,5.8,20,0.32
D101C,5/21/2011,16.2,0.322580645,0.104058273,0.567961834,0.677419355,0.458896982,0.823054892,0,0,55.8,1.24,107.38,37352,44.5,0.85,25,18.8,4.39,5.9,1,68,16.8,14.4,2.4,11,5.8,20,0.32
D102C,5/21/2011,14.9,0.438416422,0.192208959,0.662130216,0.561583578,0.315376115,0.749388803,0,0,55.8,1.24,107.38,37352,44.5,0.85,25,18.8,4.39,5.9,1,68,16.8,14.4,2.4,11,5.8,20,0.32
D103C,5/21/2011,13.2,0.780058651,0.608491499,0.883209291,0.219941349,0.048374197,0.46897905,0,0,55.8,1.24,107.38,37352,44.5,0.85,25,18.8,4.39,5.9,1,68,16.8,14.4,2.4,11,5.8,20,0.32
D104C,5/21/2011,15.4,0.580645161,0.337148803,0.762000762,0.419354839,0.175858481,0.647576126,0,0,55.8,1.24,107.38,37352,44.5,0.85,25,18.8,4.39,5.9,1,68,16.8,14.4,2.4,11,5.8,20,0.32
D105C,5/21/2011,15.1,0.894428152,0.80000172,0.945742117,0.105571848,0.011145415,0.324918217,0,0,55.8,1.24,107.38,37352,44.5,0.85,25,18.8,4.39,5.9,1,68,16.8,14.4,2.4,11,5.8,20,0.32
D106C,5/21/2011,18.4,0.686217009,0.470893783,0.828382164,0.313782991,0.098459766,0.560163361,0,0,55.8,1.24,107.38,37352,44.5,0.85,25,18.8,4.39,5.9,1,68,16.8,14.4,2.4,11,5.8,20,0.32
ARKCOOKS,8/16/2011,13.3,1,1,1,0,0,0,0.012,0,59.7,1.29,96.2,10417,56.5,0.98,59,25,3.94,17,0,48,25.9,23.8,1.21,19,3.9,25,0.17
ARKJMRCO,8/16/2011,6.08,0,0,0,1,1,1,0.012,0,59.7,1.29,96.2,10417,56.5,0.98,59,25,3.94,17,0,48,25.9,23.8,1.21,19,3.9,25,0.17
D101C,8/16/2011,10.9,0.322580645,0.104058273,0.567961834,0.677419355,0.458896982,0.823054892,0.012,0,59.7,1.29,96.2,10417,56.5,0.98,59,25,3.94,17,0,48,25.9,23.8,1.21,19,3.9,25,0.17
D102C,8/16/2011,10.8,0.438416422,0.192208959,0.662130216,0.561583578,0.315376115,0.749388803,0.012,0,59.7,1.29,96.2,10417,56.5,0.98,59,25,3.94,17,0,48,25.9,23.8,1.21,19,3.9,25,0.17
D103C,8/16/2011,11.4,0.780058651,0.608491499,0.883209291,0.219941349,0.048374197,0.46897905,0.012,0,59.7,1.29,96.2,10417,56.5,0.98,59,25,3.94,17,0,48,25.9,23.8,1.21,19,3.9,25,0.17
D104C,8/16/2011,12.4,0.580645161,0.337148803,0.762000762,0.419354839,0.175858481,0.647576126,0.012,0,59.7,1.29,96.2,10417,56.5,0.98,59,25,3.94,17,0,48,25.9,23.8,1.21,19,3.9,25,0.17
D105C,8/16/2011,12,0.894428152,0.80000172,0.945742117,0.105571848,0.011145415,0.324918217,0.012,0,59.7,1.29,96.2,10417,56.5,0.98,59,25,3.94,17,0,48,25.9,23.8,1.21,19,3.9,25,0.17
D106C,8/16/2011,13.7,0.686217009,0.470893783,0.828382164,0.313782991,0.098459766,0.560163361,0.012,0,59.7,1.29,96.2,10417,56.5,0.98,59,25,3.94,17,0,48,25.9,23.8,1.21,19,3.9,25,0.17
