"date","cse","q.x"
"1/1/2006",NA,1.01
"1/2/2006",NA,1.21
"1/3/2006",16,1.39
"1/4/2006",NA,1.28
"1/5/2006",NA,1.34
"1/6/2006",NA,1.22
"1/7/2006",NA,1.32
"1/8/2006",NA,1.13
"1/9/2006",NA,1.27
"1/10/2006",NA,1.29
"1/11/2006",NA,1.37
"1/12/2006",NA,1.51
"1/13/2006",NA,1.46
"1/14/2006",NA,1.15
"1/15/2006",NA,1.11
"1/16/2006",NA,1.38
"1/17/2006",NA,1.14
"1/18/2006",NA,1.39
"1/19/2006",NA,1.46
"1/20/2006",NA,1.23
"1/21/2006",NA,1.02
"1/22/2006",NA,1.11
"1/23/2006",NA,1.53
"1/24/2006",NA,1.44
"1/25/2006",NA,1.37
"1/26/2006",NA,1.25
"1/27/2006",NA,1.3
"1/28/2006",NA,1.1
"1/29/2006",NA,1.08
"1/30/2006",NA,1.32
"1/31/2006",NA,1.35
"2/1/2006",NA,1.36
"2/2/2006",NA,1.41
"2/3/2006",NA,1.34
"2/4/2006",NA,1.25
"2/5/2006",NA,1.23
"2/6/2006",NA,1.38
"2/7/2006",16,1.48
"2/8/2006",NA,1.46
"2/9/2006",NA,1.47
"2/10/2006",NA,1.25
"2/11/2006",NA,1.21
"2/12/2006",NA,1.17
"2/13/2006",NA,1.25
"2/14/2006",NA,1.3
"2/15/2006",NA,1.21
"2/16/2006",NA,1.24
"2/17/2006",NA,1.37
"2/18/2006",NA,1.31
"2/19/2006",NA,1.2
"2/20/2006",NA,1.42
"2/21/2006",NA,1.3
"2/22/2006",NA,1.36
"2/23/2006",NA,1.36
"2/24/2006",NA,1.3
"2/25/2006",NA,1.33
"2/26/2006",NA,1.33
"2/27/2006",NA,1.53
"2/28/2006",NA,1.57
"3/1/2006",NA,1.69
"3/2/2006",NA,1.68
"3/3/2006",NA,1.14
"3/4/2006",NA,1.45
"3/5/2006",NA,1.57
"3/6/2006",NA,1.81
"3/7/2006",13,1.56
"3/8/2006",NA,1.31
"3/9/2006",NA,1.4
"3/10/2006",NA,1.38
"3/11/2006",NA,1.53
"3/12/2006",NA,1.3
"3/13/2006",NA,1.53
"3/14/2006",NA,1.58
"3/15/2006",NA,1.42
"3/16/2006",NA,1.69
"3/17/2006",NA,1.72
"3/18/2006",NA,1.48
"3/19/2006",NA,1.18
"3/20/2006",NA,1.37
"3/21/2006",NA,1.34
"3/22/2006",NA,1.38
"3/23/2006",NA,1.21
"3/24/2006",NA,1.41
"3/25/2006",NA,1.25
"3/26/2006",NA,1.3
"3/27/2006",NA,1.44
"3/28/2006",NA,1.65
"3/29/2006",NA,1.64
"3/30/2006",NA,1.31
"3/31/2006",NA,1.57
"4/1/2006",NA,1.61
"4/2/2006",NA,1.42
"4/3/2006",NA,1.64
"4/4/2006",17,2.17
"4/5/2006",NA,2
"4/6/2006",NA,1.83
"4/7/2006",NA,1.69
"4/8/2006",NA,2.02
"4/9/2006",NA,2.03
"4/10/2006",NA,2.14
"4/11/2006",NA,1.99
"4/12/2006",NA,2.23
"4/13/2006",NA,2.09
"4/14/2006",NA,2
"4/15/2006",NA,1.64
"4/16/2006",NA,1.8
"4/17/2006",NA,2.2
"4/18/2006",NA,2.05
"4/19/2006",NA,2.4
"4/20/2006",NA,2.27
"4/21/2006",NA,2.31
"4/22/2006",NA,1.96
"4/23/2006",NA,2.23
"4/24/2006",NA,1.97
"4/25/2006",NA,1.87
"4/26/2006",NA,1.87
"4/27/2006",NA,1.82
"4/28/2006",NA,1.64
"4/29/2006",NA,1.53
"4/30/2006",NA,1.67
"5/1/2006",NA,1.83
"5/2/2006",19,2.47
"5/3/2006",NA,2.12
"5/4/2006",NA,2.04
"5/5/2006",NA,1.77
"5/6/2006",NA,1.87
"5/7/2006",NA,1.81
"5/8/2006",NA,1.84
"5/9/2006",NA,1.7
"5/10/2006",NA,1.56
"5/11/2006",NA,1.6
"5/12/2006",NA,1.76
"5/13/2006",NA,1.9
"5/14/2006",NA,1.82
"5/15/2006",NA,2.25
"5/16/2006",NA,2.31
"5/17/2006",NA,2.34
"5/18/2006",NA,2.24
"5/19/2006",NA,2.18
"5/20/2006",NA,1.92
"5/21/2006",NA,1.98
"5/22/2006",NA,1.83
"5/23/2006",NA,1.76
"5/24/2006",NA,2.01
"5/25/2006",NA,2.25
"5/26/2006",NA,2.26
"5/27/2006",NA,2.12
"5/28/2006",NA,2.28
"5/29/2006",NA,2.42
"5/30/2006",NA,2.2
"5/31/2006",NA,1.91
"6/1/2006",NA,1.96
"6/2/2006",NA,2.26
"6/3/2006",NA,2.2
"6/4/2006",NA,2.2
"6/5/2006",NA,2.52
"6/6/2006",25,2.85
"6/7/2006",NA,2.4
"6/8/2006",NA,2.61
"6/9/2006",NA,2.48
"6/10/2006",NA,2.26
"6/11/2006",NA,2.26
"6/12/2006",NA,2.46
"6/13/2006",NA,2.51
"6/14/2006",NA,2.58
"6/15/2006",NA,2.24
"6/16/2006",NA,2.17
"6/17/2006",NA,2.32
"6/18/2006",NA,2.23
"6/19/2006",NA,2.42
"6/20/2006",NA,2.61
"6/21/2006",NA,2.1
"6/22/2006",NA,2.03
"6/23/2006",NA,1.94
"6/24/2006",NA,2.07
"6/25/2006",NA,2.1
"6/26/2006",NA,2.24
"6/27/2006",NA,2.32
"6/28/2006",NA,2.33
"6/29/2006",NA,2.3
"6/30/2006",NA,2.45
"7/1/2006",NA,2.1
"7/2/2006",NA,3.21
"7/3/2006",NA,2.33
"7/4/2006",NA,1.92
"7/5/2006",NA,1.81
"7/6/2006",NA,1.84
"7/7/2006",NA,2.15
"7/8/2006",NA,2.11
"7/9/2006",NA,1.52
"7/10/2006",NA,1.78
"7/11/2006",17,1.9
"7/12/2006",NA,2.02
"7/13/2006",NA,2.14
"7/14/2006",NA,2.26
"7/15/2006",NA,2.16
"7/16/2006",NA,2.45
"7/17/2006",NA,2.61
"7/18/2006",NA,2.53
"7/19/2006",NA,2.51
"7/20/2006",NA,2.6
"7/21/2006",NA,2.32
"7/22/2006",NA,2.13
"7/23/2006",NA,2.21
"7/24/2006",NA,2.34
"7/25/2006",NA,2.39
"7/26/2006",NA,1.78
"7/27/2006",NA,1.96
"7/28/2006",NA,2.39
"7/29/2006",NA,2.38
"7/30/2006",NA,2.43
"7/31/2006",NA,2.43
"8/1/2006",NA,2.45
"8/2/2006",NA,2.35
"8/3/2006",NA,2.17
"8/4/2006",NA,2.29
"8/5/2006",NA,2.21
"8/6/2006",NA,2.12
"8/7/2006",NA,2.3
"8/8/2006",25,2.49
"8/9/2006",NA,2.48
"8/10/2006",NA,2.16
"8/11/2006",NA,2.18
"8/12/2006",NA,1.99
"8/13/2006",NA,2
"8/14/2006",NA,1.65
"8/15/2006",NA,1.4
"8/16/2006",NA,1.59
"8/17/2006",NA,1.86
"8/18/2006",NA,2.12
"8/19/2006",NA,1.66
"8/20/2006",NA,1.54
"8/21/2006",NA,1.87
"8/22/2006",NA,2.01
"8/23/2006",NA,2.02
"8/24/2006",NA,1.96
"8/25/2006",NA,1.9
"8/26/2006",NA,1.8
"8/27/2006",NA,1.68
"8/28/2006",NA,1.59
"8/29/2006",NA,1.98
"8/30/2006",NA,1.96
"8/31/2006",NA,1.9
"9/1/2006",NA,1.82
"9/2/2006",NA,1.7
"9/3/2006",NA,1.73
"9/4/2006",NA,1.94
"9/5/2006",16,1.73
"9/6/2006",NA,1.66
"9/7/2006",NA,1.79
"9/8/2006",NA,1.49
"9/9/2006",NA,1.47
"9/10/2006",NA,1.59
"9/11/2006",NA,1.46
"9/12/2006",NA,1.47
"9/13/2006",NA,1.55
"9/14/2006",NA,1.92
"9/15/2006",NA,1.8
"9/16/2006",NA,1.87
"9/17/2006",NA,1.72
"9/18/2006",NA,1.77
"9/19/2006",NA,1.77
"9/20/2006",NA,1.8
"9/21/2006",NA,1.51
"9/22/2006",NA,1.25
"9/23/2006",NA,1.41
"9/24/2006",NA,1.44
"9/25/2006",NA,1.51
"9/26/2006",NA,1.77
"9/27/2006",NA,1.97
"9/28/2006",NA,1.86
"9/29/2006",NA,1.85
"9/30/2006",NA,1.93
"10/1/2006",NA,1.67
"10/2/2006",NA,1.81
"10/3/2006",21,1.76
"10/4/2006",NA,1.36
"10/5/2006",NA,1.63
"10/6/2006",NA,1.45
"10/7/2006",NA,1.54
"10/8/2006",NA,1.39
"10/9/2006",NA,1.46
"10/10/2006",NA,1.32
"10/11/2006",NA,1.34
"10/12/2006",NA,1.27
"10/13/2006",NA,1.45
"10/14/2006",NA,1.4
"10/15/2006",NA,1.38
"10/16/2006",NA,1.22
"10/17/2006",NA,1.22
"10/18/2006",NA,1.24
"10/19/2006",NA,1.19
"10/20/2006",NA,1.44
"10/21/2006",NA,1.28
"10/22/2006",NA,1.3
"10/23/2006",NA,1.34
"10/24/2006",NA,1.37
"10/25/2006",NA,1.35
"10/26/2006",NA,1.63
"10/27/2006",NA,1.72
"10/28/2006",NA,1.44
"10/29/2006",NA,1.38
"10/30/2006",NA,1.38
"10/31/2006",NA,1.23
"11/1/2006",NA,1.42
"11/2/2006",NA,1.23
"11/3/2006",NA,1.26
"11/4/2006",NA,1.24
"11/5/2006",NA,1.35
"11/6/2006",NA,1.26
"11/7/2006",15,1.45
"11/8/2006",NA,1.31
"11/9/2006",NA,1.28
"11/10/2006",NA,1.14
"11/11/2006",NA,1.28
"11/12/2006",NA,1.2
"11/13/2006",NA,1.26
"11/14/2006",NA,1.25
"11/15/2006",NA,1.23
"11/16/2006",NA,1.26
"11/17/2006",NA,1.26
"11/18/2006",NA,1.24
"11/19/2006",NA,1.25
"11/20/2006",NA,1.35
"11/21/2006",NA,1.31
"11/22/2006",NA,1.27
"11/23/2006",NA,1.12
"11/24/2006",NA,1.13
"11/25/2006",NA,1.25
"11/26/2006",NA,1.28
"11/27/2006",NA,1.16
"11/28/2006",NA,1.22
"11/29/2006",NA,1.25
"11/30/2006",NA,1.13
"1/1/2007",NA,1.24
"1/2/2007",NA,1.39
"1/3/2007",NA,1.36
"1/4/2007",NA,1.38
"1/5/2007",NA,1.36
"1/6/2007",NA,1.37
"1/7/2007",NA,1.35
"1/8/2007",NA,1.45
"1/9/2007",NA,1.52
"1/10/2007",NA,1.31
"1/11/2007",NA,1.58
"1/12/2007",NA,1.28
"1/13/2007",NA,1.41
"1/14/2007",NA,1.38
"1/15/2007",NA,1.43
"1/16/2007",16,1.45
"1/17/2007",NA,1.46
"1/18/2007",NA,1.41
"1/19/2007",NA,1.42
"1/20/2007",NA,1.42
"1/21/2007",NA,1.38
"1/22/2007",NA,1.39
"1/23/2007",NA,1.39
"1/24/2007",NA,1.39
"1/25/2007",NA,1.48
"1/26/2007",NA,1.49
"1/27/2007",NA,1.41
"1/28/2007",NA,1.45
"1/29/2007",NA,1.48
"1/30/2007",NA,1.57
"1/31/2007",NA,1.49
"2/1/2007",NA,1.45
"2/2/2007",NA,1.42
"2/3/2007",NA,1.4
"2/4/2007",NA,1.4
"2/5/2007",NA,1.39
"2/6/2007",16,1.51
"2/7/2007",NA,1.51
"2/8/2007",NA,1.48
"2/9/2007",NA,1.54
"2/10/2007",NA,1.41
"2/11/2007",NA,1.49
"2/12/2007",NA,1.42
"2/13/2007",NA,1.46
"2/14/2007",NA,1.34
"2/15/2007",NA,1.4
"2/16/2007",NA,1.43
"2/17/2007",NA,1.41
"2/18/2007",NA,1.54
"2/19/2007",NA,1.71
"2/20/2007",NA,1.66
"2/21/2007",NA,1.79
"2/22/2007",NA,1.77
"2/23/2007",NA,1.65
"2/24/2007",NA,1.73
"2/25/2007",NA,1.6
"2/26/2007",NA,1.62
"2/27/2007",NA,1.67
"2/28/2007",NA,1.74
"3/1/2007",NA,1.49
"3/2/2007",NA,1.76
"3/3/2007",NA,1.52
"3/4/2007",NA,1.49
"3/5/2007",NA,1.59
"3/6/2007",26,1.47
"3/7/2007",NA,1.57
"3/8/2007",NA,1.57
"3/9/2007",NA,1.5
"3/10/2007",NA,1.44
"3/11/2007",NA,1.43
"3/12/2007",NA,1.55
"3/13/2007",NA,1.49
"3/14/2007",NA,1.48
"3/15/2007",NA,1.37
"3/16/2007",NA,1.57
"3/17/2007",NA,1.56
"3/18/2007",NA,1.57
"3/19/2007",NA,1.55
"3/20/2007",NA,1.51
"3/21/2007",NA,1.52
"3/22/2007",NA,1.5
"3/23/2007",NA,1.37
"3/24/2007",NA,1.41
"3/25/2007",NA,1.55
"3/26/2007",NA,1.47
"3/27/2007",NA,1.53
"3/28/2007",NA,1.56
"3/29/2007",NA,1.47
"3/30/2007",NA,1.49
"3/31/2007",NA,1.6
"4/1/2007",NA,1.73
"4/2/2007",NA,1.73
"4/3/2007",NA,1.77
"4/4/2007",23,1.63
"4/5/2007",NA,1.61
"4/6/2007",NA,1.46
"4/7/2007",NA,1.38
"4/8/2007",NA,1.43
"4/9/2007",NA,1.44
"4/10/2007",NA,1.48
"4/11/2007",NA,1.44
"4/12/2007",NA,1.35
"4/13/2007",NA,1.49
"4/14/2007",NA,1.51
"4/15/2007",NA,1.55
"4/16/2007",NA,1.45
"4/17/2007",NA,1.6
"4/18/2007",NA,1.54
"4/19/2007",NA,1.56
"4/20/2007",NA,1.58
"4/21/2007",NA,1.65
"4/22/2007",NA,1.62
"4/23/2007",NA,1.61
"4/24/2007",NA,1.55
"4/25/2007",NA,1.42
"4/26/2007",NA,1.63
"4/27/2007",NA,1.6
"4/28/2007",NA,1.63
"4/29/2007",NA,1.77
"4/30/2007",NA,1.58
"5/1/2007",NA,1.53
"5/2/2007",NA,1.63
"5/3/2007",NA,1.86
"5/4/2007",NA,1.74
"5/5/2007",NA,1.66
"5/6/2007",NA,1.74
"5/7/2007",NA,1.69
"5/8/2007",19,3
"5/9/2007",NA,1.78
"5/10/2007",NA,1.89
"5/11/2007",NA,1.95
"5/12/2007",NA,1.91
"5/13/2007",NA,1.94
"5/14/2007",NA,1.81
"5/15/2007",22,1.79
"5/16/2007",NA,1.77
"5/17/2007",NA,1.87
"5/18/2007",NA,2.26
"5/19/2007",NA,1.88
"5/20/2007",NA,1.99
"5/21/2007",NA,2.24
"5/22/2007",25,1.93
"5/23/2007",NA,0.76
"5/24/2007",NA,1.68
"5/25/2007",NA,1.57
"5/26/2007",NA,1.76
"5/27/2007",NA,1.81
"5/28/2007",NA,1.97
"5/29/2007",20,1.83
"5/30/2007",NA,2.04
"5/31/2007",NA,1.89
"6/1/2007",NA,1.91
"6/2/2007",NA,1.77
"6/3/2007",NA,1.84
"6/4/2007",NA,1.69
"6/5/2007",23,2.01
"6/6/2007",NA,1.88
"6/7/2007",NA,1.89
"6/8/2007",NA,1.9
"6/9/2007",NA,1.92
"6/10/2007",NA,2.26
"6/11/2007",NA,2.08
"6/12/2007",23,1.84
"6/13/2007",NA,1.68
"6/14/2007",NA,1.67
"6/15/2007",NA,1.89
"6/16/2007",NA,1.88
"6/17/2007",NA,1.91
"6/18/2007",NA,2.05
"6/19/2007",27,2.07
"6/20/2007",NA,2.21
"6/21/2007",NA,2.21
"6/22/2007",NA,1.97
"6/23/2007",NA,2.06
"6/24/2007",NA,2.2
"6/25/2007",NA,2.37
"6/26/2007",29,2.06
"6/27/2007",NA,1.65
"6/28/2007",NA,1.83
"6/29/2007",NA,1.85
"6/30/2007",NA,1.77
"7/1/2007",NA,1.78
"7/2/2007",NA,2.37
"7/3/2007",26,2.37
"7/4/2007",NA,2.01
"7/5/2007",NA,2.1
"7/6/2007",NA,2.32
"7/7/2007",NA,2.05
"7/8/2007",NA,2.15
"7/9/2007",NA,2.29
"7/10/2007",30,2.13
"7/11/2007",NA,2.12
"7/12/2007",NA,2.09
"7/13/2007",NA,1.93
"7/14/2007",NA,2.17
"7/15/2007",NA,2.38
"7/16/2007",NA,2.38
"7/17/2007",31,2.54
"7/18/2007",NA,2.4
"7/19/2007",NA,2.58
"7/20/2007",NA,2.28
"7/21/2007",NA,2.34
"7/22/2007",NA,2.34
"7/23/2007",NA,2.68
"7/24/2007",33,2.67
"7/25/2007",NA,2.47
"7/26/2007",NA,2.34
"7/27/2007",NA,2.52
"7/28/2007",NA,2.09
"7/29/2007",NA,2.09
"7/30/2007",NA,2.4
"7/31/2007",29,2.64
"8/1/2007",NA,2.46
"8/2/2007",NA,2.36
"8/3/2007",NA,2.29
"8/4/2007",NA,2.28
"8/5/2007",NA,2.36
"8/6/2007",NA,2.28
"8/7/2007",31,2.16
"8/8/2007",NA,2.12
"8/9/2007",NA,2.28
"8/10/2007",NA,2.25
"8/11/2007",NA,2.23
"8/12/2007",NA,2.53
"8/13/2007",NA,2.48
"8/14/2007",34,2.6
"8/15/2007",NA,2.65
"8/16/2007",NA,1.86
"8/17/2007",NA,1.73
"8/18/2007",NA,1.88
"8/19/2007",NA,1.82
"8/20/2007",NA,2.09
"8/21/2007",28,2.44
"8/22/2007",NA,3.05
"8/23/2007",NA,2.63
"8/24/2007",NA,2.28
"8/25/2007",NA,2.32
"8/26/2007",NA,2.5
"8/27/2007",NA,2.75
"8/28/2007",21,3.43
"8/29/2007",NA,2.17
"8/30/2007",NA,2.72
"8/31/2007",NA,2.57
"9/1/2007",NA,2.43
"9/2/2007",NA,2.37
"9/3/2007",NA,2.5
"9/4/2007",25,2.67
"9/5/2007",NA,2.74
"9/6/2007",NA,2.53
"9/7/2007",NA,2.7
"9/8/2007",NA,2.44
"9/9/2007",NA,1.97
"9/10/2007",NA,2.12
"9/11/2007",24,2.03
"9/12/2007",NA,2.33
"9/13/2007",NA,2.53
"9/14/2007",NA,2.18
"9/15/2007",NA,2.23
"9/16/2007",NA,2.24
"9/17/2007",NA,2.02
"9/18/2007",24,1.92
"9/19/2007",NA,2.03
"9/20/2007",NA,2.26
"9/21/2007",NA,2.33
"9/22/2007",NA,2.23
"9/23/2007",NA,2.32
"9/24/2007",NA,2
"9/25/2007",NA,2.29
"9/26/2007",NA,2.13
"9/27/2007",NA,2.17
"9/28/2007",NA,2.19
"9/29/2007",NA,2.05
"9/30/2007",NA,1.99
"10/1/2007",NA,1.77
"10/2/2007",27,1.96
"10/3/2007",NA,2.19
"10/4/2007",NA,2.17
"10/5/2007",NA,2.32
"10/6/2007",NA,1.89
"10/7/2007",NA,2.05
"10/8/2007",NA,2.18
"10/9/2007",NA,2.26
"10/10/2007",NA,2.23
"10/11/2007",NA,1.94
"10/12/2007",NA,2.02
"10/13/2007",NA,1.83
"10/14/2007",NA,1.61
"10/15/2007",NA,1.85
"10/16/2007",NA,1.69
"10/17/2007",NA,1.89
"10/18/2007",NA,1.7
"10/19/2007",NA,1.76
"10/20/2007",NA,1.75
"10/21/2007",NA,1.59
"10/22/2007",NA,1.55
"10/23/2007",NA,1.61
"10/24/2007",NA,1.51
"10/25/2007",NA,1.56
"10/26/2007",NA,1.64
"10/27/2007",NA,1.63
"10/28/2007",NA,1.65
"10/29/2007",NA,1.79
"10/30/2007",NA,2
"10/31/2007",NA,1.68
"11/1/2007",NA,1.78
"11/2/2007",NA,1.84
"11/3/2007",NA,1.6
"11/4/2007",NA,1.59
"11/5/2007",NA,1.49
"11/6/2007",23,1.47
"11/7/2007",NA,1.61
"11/8/2007",NA,1.77
"11/9/2007",NA,1.78
"11/10/2007",NA,1.71
"11/11/2007",NA,1.66
"11/12/2007",NA,1.68
"11/13/2007",NA,1.55
"11/14/2007",NA,1.57
"11/15/2007",NA,1.43
"11/16/2007",NA,1.48
"11/17/2007",NA,1.47
"11/18/2007",NA,1.38
"11/19/2007",NA,1.58
"11/20/2007",NA,1.66
"11/21/2007",NA,1.5
"11/22/2007",NA,1.25
"11/23/2007",NA,1.46
"11/24/2007",NA,1.39
"11/25/2007",NA,1.51
"11/26/2007",NA,1.37
"11/27/2007",NA,1.46
"11/28/2007",NA,1.33
"11/29/2007",NA,1.4
"11/30/2007",NA,1.35
"12/1/2007",NA,1.4
"12/2/2007",NA,1.51
"12/3/2007",NA,1.7
"12/4/2007",NA,1.66
"12/5/2007",NA,1.46
"12/6/2007",21,1.38
"12/7/2007",NA,1.44
"12/8/2007",NA,1.39
"12/9/2007",NA,1.35
"12/10/2007",NA,1.38
"12/11/2007",NA,1.35
"12/12/2007",NA,1.45
"12/13/2007",NA,1.27
"12/14/2007",NA,1.41
"12/15/2007",NA,1.38
"12/16/2007",NA,1.48
"12/17/2007",NA,1.47
"12/18/2007",NA,1.51
"12/19/2007",NA,1.45
"12/20/2007",NA,1.51
"12/21/2007",NA,1.44
"12/22/2007",NA,1.42
"12/23/2007",NA,1.38
"12/24/2007",NA,1.43
"12/25/2007",NA,1.24
"12/26/2007",NA,1.43
"12/27/2007",NA,1.48
"12/28/2007",NA,1.38
"12/29/2007",NA,1.57
"12/30/2007",NA,1.39
"12/31/2007",NA,1.63
"1/1/2008",NA,1.34
"1/2/2008",NA,1.58
"1/3/2008",NA,1.5
"1/4/2008",NA,1.35
"1/5/2008",NA,1.54
"1/6/2008",NA,1.67
"1/7/2008",NA,1.65
"1/8/2008",16,1.47
"1/9/2008",NA,1.48
"1/10/2008",NA,1.47
"1/11/2008",NA,1.45
"1/12/2008",NA,1.43
"1/13/2008",NA,1.53
"1/14/2008",NA,1.4
"1/15/2008",NA,1.5
"1/16/2008",NA,1.37
"1/17/2008",NA,1.47
"1/18/2008",NA,1.39
"1/19/2008",NA,1.37
"1/20/2008",NA,1.47
"1/21/2008",NA,1.58
"1/22/2008",NA,1.44
"1/23/2008",NA,1.46
"1/24/2008",NA,1.46
"1/25/2008",NA,1.67
"1/26/2008",NA,1.62
"1/27/2008",NA,1.52
"1/28/2008",NA,1.48
"1/29/2008",NA,1.44
"1/30/2008",NA,1.43
"1/31/2008",NA,1.58
"2/1/2008",NA,1.47
"2/2/2008",NA,1.49
"2/3/2008",NA,1.48
"2/4/2008",NA,1.49
"2/5/2008",11,1.53
"2/6/2008",NA,1.56
"2/7/2008",NA,1.48
"2/8/2008",NA,1.43
"2/9/2008",NA,1.36
"2/10/2008",NA,1.4
"2/11/2008",NA,1.41
"2/12/2008",NA,1.49
"2/13/2008",NA,1.51
"2/14/2008",NA,1.54
"2/15/2008",NA,1.41
"2/16/2008",NA,1.7
"2/17/2008",NA,1.37
"2/18/2008",NA,1.48
"2/19/2008",NA,2
"2/20/2008",NA,1.3
"2/21/2008",NA,1.4
"2/22/2008",NA,1.39
"2/23/2008",NA,1.4
"2/24/2008",NA,1.52
"2/25/2008",NA,1.46
"2/26/2008",NA,1.41
"2/27/2008",NA,1.51
"2/28/2008",NA,1.62
"2/29/2008",NA,1.51
"3/1/2008",NA,1.84
"3/2/2008",NA,1.68
"3/3/2008",NA,1.36
"3/4/2008",19,1.5
"3/5/2008",NA,1.51
"3/6/2008",NA,1.52
"3/7/2008",NA,1.57
"3/8/2008",NA,1.71
"3/9/2008",NA,1.38
"3/10/2008",NA,1.6
"3/11/2008",NA,1.63
"3/12/2008",NA,1.77
"3/13/2008",NA,1.72
"3/14/2008",NA,1.69
"3/15/2008",NA,1.66
"3/16/2008",NA,1.44
"3/17/2008",NA,1.44
"3/18/2008",NA,1.38
"3/19/2008",NA,1.67
"3/20/2008",NA,1.71
"3/21/2008",NA,1.76
"3/22/2008",NA,1.64
"3/23/2008",NA,1.28
"3/24/2008",NA,1.76
"3/25/2008",NA,1.76
"3/26/2008",NA,1.84
"3/27/2008",NA,1.97
"3/28/2008",NA,1.77
"3/29/2008",NA,1.77
"3/30/2008",NA,1.7
"3/31/2008",NA,1.94
"4/1/2008",19,1.8
"4/2/2008",NA,1.93
"4/3/2008",NA,3.18
"4/4/2008",NA,2.06
"4/5/2008",NA,2.03
"4/6/2008",NA,2.19
"4/7/2008",NA,1.68
"4/8/2008",NA,1.94
"4/9/2008",NA,1.68
"4/10/2008",NA,1.53
"4/11/2008",NA,1.52
"4/12/2008",NA,1.67
"4/13/2008",NA,2.16
"4/14/2008",NA,2.23
"4/15/2008",NA,2.13
"4/16/2008",NA,2.1
"4/17/2008",NA,1.76
"4/18/2008",NA,1.85
"4/19/2008",NA,1.94
"4/20/2008",NA,2.36
"4/21/2008",NA,2.21
"4/22/2008",NA,2.13
"4/23/2008",NA,2.05
"4/24/2008",NA,2.3
"4/25/2008",NA,2.32
"4/26/2008",NA,2.04
"4/27/2008",NA,2.32
"4/28/2008",NA,2.44
"4/29/2008",NA,2.37
"4/30/2008",NA,2.58
"5/1/2008",NA,2.34
"5/2/2008",NA,1.97
"5/3/2008",NA,1.91
"5/4/2008",NA,2.4
"5/5/2008",NA,2.44
"5/6/2008",33,2.54
"5/7/2008",NA,2.09
"5/8/2008",NA,2.01
"5/9/2008",NA,1.9
"5/10/2008",NA,2.04
"5/11/2008",NA,1
"5/12/2008",NA,2.48
"5/13/2008",NA,2.28
"5/14/2008",NA,2.3
"5/15/2008",NA,2.29
"5/16/2008",NA,2.03
"5/17/2008",NA,1.98
"5/18/2008",NA,2.62
"5/19/2008",NA,2.74
"5/20/2008",23,2.63
"5/21/2008",NA,2.52
"5/22/2008",NA,2.76
"5/23/2008",NA,2.49
"5/24/2008",NA,2.54
"5/25/2008",NA,2.47
"5/26/2008",NA,2.38
"5/27/2008",NA,2.3
"5/28/2008",NA,2.27
"5/29/2008",NA,2.68
"5/30/2008",NA,2.84
"5/31/2008",NA,2.82
"6/1/2008",NA,2.68
"6/2/2008",NA,2.88
"6/3/2008",21,2.83
"6/4/2008",NA,2.85
"6/5/2008",NA,2.31
"6/6/2008",NA,1.8
"6/7/2008",NA,2.35
"6/8/2008",NA,2.29
"6/9/2008",NA,2.46
"6/10/2008",NA,2.61
"6/11/2008",NA,2.68
"6/12/2008",NA,2.78
"6/13/2008",NA,2.69
"6/14/2008",NA,2.69
"6/15/2008",NA,2.81
"6/16/2008",NA,2.47
"6/17/2008",NA,2.64
"6/18/2008",NA,2.86
"6/19/2008",NA,2.78
"6/20/2008",NA,2.73
"6/21/2008",NA,2.64
"6/22/2008",NA,2.69
"6/23/2008",NA,3.09
"6/24/2008",NA,2.83
"6/25/2008",NA,2.8
"6/26/2008",NA,3.03
"6/27/2008",NA,2.91
"6/28/2008",NA,2.99
"6/29/2008",NA,3.17
"6/30/2008",NA,3.03
"7/1/2008",22,3.13
"7/2/2008",NA,3.14
"7/3/2008",NA,2.5
"7/4/2008",NA,2.71
"7/5/2008",NA,2.45
"7/6/2008",NA,2.55
"7/7/2008",NA,2.82
"7/8/2008",NA,2.74
"7/9/2008",NA,3.05
"7/10/2008",NA,3.25
"7/11/2008",NA,3.12
"7/12/2008",NA,2.93
"7/13/2008",NA,2.35
"7/14/2008",NA,3.61
"7/15/2008",NA,3.03
"7/16/2008",NA,3.09
"7/17/2008",NA,3.14
"7/18/2008",NA,2.83
"7/19/2008",NA,2.64
"7/20/2008",NA,2.63
"7/21/2008",NA,2.89
"7/22/2008",NA,2.86
"7/23/2008",NA,3.09
"7/24/2008",NA,2.41
"7/25/2008",NA,2.54
"7/26/2008",NA,3.19
"7/27/2008",NA,2.93
"7/28/2008",NA,2.61
"7/29/2008",NA,2.68
"7/30/2008",NA,2.45
"7/31/2008",NA,2.72
"8/1/2008",NA,2.32
"8/2/2008",NA,2.27
"8/3/2008",NA,2.34
"8/4/2008",21,2.45
"8/5/2008",NA,2.34
"8/6/2008",NA,2
"8/7/2008",NA,1.8
"8/8/2008",NA,1.94
"8/9/2008",NA,1.81
"8/10/2008",NA,2.06
"8/11/2008",NA,2.1
"8/12/2008",NA,2.62
"8/13/2008",NA,2.16
"8/14/2008",NA,1.91
"8/15/2008",NA,2.11
"8/16/2008",NA,2.09
"8/17/2008",NA,1.55
"8/18/2008",NA,1.94
"8/19/2008",NA,1.97
"8/20/2008",NA,1.94
"8/21/2008",NA,2.19
"8/22/2008",NA,2.19
"8/23/2008",NA,1.93
"8/24/2008",NA,2.01
"8/25/2008",NA,2.43
"8/26/2008",NA,2.53
"8/27/2008",NA,2.6
"8/28/2008",NA,2.47
"8/29/2008",NA,2.37
"8/30/2008",NA,2.19
"8/31/2008",NA,1.9
"9/1/2008",NA,2.44
"9/2/2008",21,2.29
"9/3/2008",NA,1.98
"9/4/2008",NA,2.51
"9/5/2008",NA,1.96
"9/6/2008",NA,2.15
"9/7/2008",NA,2.39
"9/8/2008",NA,1.6
"9/9/2008",NA,2.12
"9/10/2008",NA,2.23
"9/11/2008",NA,1.97
"9/12/2008",NA,1.94
"9/13/2008",NA,2.08
"9/14/2008",NA,2.08
"9/15/2008",NA,1.83
"9/16/2008",NA,1.95
"9/17/2008",NA,2.36
"9/18/2008",NA,2.08
"9/19/2008",NA,2.06
"9/20/2008",NA,1.98
"9/21/2008",NA,2.05
"9/22/2008",NA,2
"9/23/2008",NA,2.02
"9/24/2008",NA,2.18
"9/25/2008",NA,2.49
"9/26/2008",NA,2.18
"9/27/2008",NA,1.99
"9/28/2008",NA,2.08
"9/29/2008",NA,2.14
"9/30/2008",NA,1.92
"10/1/2008",16,2.01
"10/2/2008",NA,2.02
"10/3/2008",NA,2.17
"10/4/2008",NA,1.7
"10/5/2008",NA,2.03
"10/6/2008",NA,1.83
"10/7/2008",NA,1.9
"10/8/2008",NA,1.93
"10/9/2008",NA,1.78
"10/10/2008",NA,1.78
"10/11/2008",NA,1.95
"10/12/2008",NA,1.69
"10/13/2008",NA,1.53
"10/14/2008",NA,1.61
"10/15/2008",NA,1.53
"10/16/2008",NA,1.57
"10/17/2008",NA,1.53
"10/18/2008",NA,1.47
"10/19/2008",NA,1.69
"10/20/2008",NA,1.72
"10/21/2008",NA,1.58
"10/22/2008",NA,1.45
"10/23/2008",NA,1.38
"10/24/2008",NA,1.43
"10/25/2008",NA,1.57
"10/26/2008",NA,1.49
"10/27/2008",NA,1.44
"10/28/2008",NA,1.29
"10/29/2008",NA,1.46
"10/30/2008",NA,1.49
"10/31/2008",NA,1.31
"11/1/2008",NA,1.63
"11/2/2008",NA,1.65
"11/3/2008",NA,1.87
"11/4/2008",17,1.37
"11/5/2008",NA,1.27
"11/6/2008",NA,1.42
"11/7/2008",NA,1.23
"11/8/2008",NA,1.44
"11/9/2008",NA,1.37
"11/10/2008",NA,1.34
"11/11/2008",NA,1.28
"11/12/2008",NA,1.38
"11/13/2008",NA,1.41
"11/14/2008",NA,1.24
"11/15/2008",NA,1.35
"11/16/2008",NA,1.38
"11/17/2008",NA,1.31
"11/18/2008",NA,1.36
"11/19/2008",NA,1.41
"11/20/2008",NA,1.36
"11/21/2008",NA,1.32
"11/22/2008",NA,1.34
"11/23/2008",NA,1.32
"11/24/2008",NA,1.35
"11/25/2008",NA,1.34
"11/26/2008",NA,1.35
"11/27/2008",NA,1.26
"11/28/2008",NA,1.27
"11/29/2008",NA,1.38
"11/30/2008",NA,1.35
"12/1/2008",NA,1.34
"12/2/2008",16,1.35
"12/3/2008",NA,1.27
"12/4/2008",NA,1.21
"12/5/2008",NA,0.92
"12/6/2008",NA,1.31
"12/7/2008",NA,1.39
"12/8/2008",NA,1.41
"12/9/2008",NA,1.37
"12/10/2008",NA,1.4
"12/11/2008",NA,1.44
"12/12/2008",NA,1.39
"12/13/2008",NA,1.39
"12/14/2008",NA,1.3
"12/15/2008",NA,1.37
"12/16/2008",NA,1.39
"12/17/2008",NA,1.57
"12/18/2008",NA,1.62
"12/19/2008",NA,1.45
"12/20/2008",NA,1.39
"12/21/2008",NA,1.66
"12/22/2008",NA,2.22
"12/23/2008",NA,1.38
"12/24/2008",NA,1.38
"12/25/2008",NA,1.26
"12/26/2008",NA,1.32
"12/27/2008",NA,1.25
"12/28/2008",NA,1.34
"12/29/2008",NA,1.35
"12/30/2008",NA,1.35
"12/31/2008",NA,1.32
"1/1/2009",NA,1.33
"1/2/2009",NA,1.39
"1/3/2009",NA,1.31
"1/4/2009",NA,1.26
"1/5/2009",NA,0.91
"1/6/2009",16,1.26
"1/7/2009",NA,1.31
"1/8/2009",NA,1.3
"1/9/2009",NA,1.28
"1/10/2009",NA,1.27
"1/11/2009",NA,1.29
"1/12/2009",NA,1.33
"1/13/2009",NA,1.39
"1/14/2009",NA,1.38
"1/15/2009",NA,1.39
"1/16/2009",NA,1.1
"1/17/2009",NA,1.32
"1/18/2009",NA,1.41
"1/19/2009",NA,1.39
"1/20/2009",NA,1.42
"1/21/2009",NA,1.36
"1/22/2009",NA,1.43
"1/23/2009",NA,1.4
"1/24/2009",NA,1.41
"1/25/2009",NA,1.39
"1/26/2009",NA,1.31
"1/27/2009",NA,1.38
"1/28/2009",NA,1.4
"1/29/2009",NA,1.34
"1/30/2009",NA,1.43
"1/31/2009",NA,0.93
"2/1/2009",NA,1.38
"2/2/2009",NA,1.32
"2/3/2009",15,1.34
"2/4/2009",NA,1.43
"2/5/2009",NA,1.43
"2/6/2009",NA,1.39
"2/7/2009",NA,1.46
"2/8/2009",NA,1.44
"2/9/2009",NA,1.35
"2/10/2009",NA,1.33
"2/11/2009",NA,1.39
"2/12/2009",NA,1.48
"2/13/2009",NA,1.33
"2/14/2009",NA,1.28
"2/15/2009",NA,1.3
"2/16/2009",NA,1.39
"2/17/2009",NA,1.37
"2/18/2009",NA,1.5
"2/19/2009",NA,1.52
"2/20/2009",NA,1.41
"2/21/2009",NA,1.41
"2/22/2009",NA,1.43
"2/23/2009",NA,1.45
"2/24/2009",NA,1.52
"2/25/2009",NA,1.52
"2/26/2009",NA,1.49
"2/27/2009",NA,1.43
"2/28/2009",NA,1.43
"3/1/2009",NA,1.47
"3/2/2009",NA,1.61
"3/3/2009",15,1.67
"3/4/2009",NA,1.71
"3/5/2009",NA,1.59
"3/6/2009",NA,1.59
"3/7/2009",NA,1.59
"3/8/2009",NA,1.76
"3/9/2009",NA,1.62
"3/10/2009",NA,1.53
"3/11/2009",NA,1.89
"3/12/2009",NA,2.13
"3/13/2009",NA,1.51
"3/14/2009",NA,1.59
"3/15/2009",NA,1.64
"3/16/2009",NA,1.84
"3/17/2009",NA,1.9
"3/18/2009",NA,1.77
"3/19/2009",NA,1.87
"3/20/2009",NA,1.77
"3/21/2009",NA,1.93
"3/22/2009",NA,1.78
"3/23/2009",NA,1.6
"3/24/2009",NA,1.5
"3/25/2009",NA,1.55
"3/26/2009",NA,1.47
"3/27/2009",NA,1.49
"3/28/2009",NA,1.58
"3/29/2009",NA,1.54
"3/30/2009",NA,1.47
"3/31/2009",NA,1.44
"4/1/2009",16,1.43
"4/2/2009",NA,1.46
"4/3/2009",NA,1.38
"4/4/2009",NA,1.36
"4/5/2009",NA,1.34
"4/6/2009",NA,1.44
"4/7/2009",NA,1.67
"4/8/2009",NA,1.78
"4/9/2009",NA,1.6
"4/10/2009",NA,1.55
"4/11/2009",NA,1.5
"4/12/2009",NA,1.5
"4/13/2009",NA,1.54
"4/14/2009",NA,1.65
"4/15/2009",NA,1.62
"4/16/2009",NA,1.47
"4/17/2009",NA,1.44
"4/18/2009",NA,1.45
"4/19/2009",NA,1.49
"4/20/2009",NA,1.63
"4/21/2009",NA,1.99
"4/22/2009",NA,1.89
"4/23/2009",NA,2.06
"4/24/2009",NA,2.05
"4/25/2009",NA,1.89
"4/26/2009",NA,1.98
"4/27/2009",NA,1.72
"4/28/2009",NA,1.88
"4/29/2009",NA,2.25
"4/30/2009",NA,1.81
"5/1/2009",NA,1.83
"5/2/2009",NA,1.62
"5/3/2009",NA,1.93
"5/4/2009",NA,2.08
"5/5/2009",19,2.03
"5/6/2009",NA,2.23
"5/7/2009",NA,2.46
"5/8/2009",NA,2.04
"5/9/2009",NA,2.12
"5/10/2009",NA,1.98
"5/11/2009",NA,2.36
"5/12/2009",NA,2.38
"5/13/2009",NA,2.23
"5/14/2009",NA,2.27
"5/15/2009",NA,2.39
"5/16/2009",NA,2.21
"5/17/2009",NA,2.51
"5/18/2009",NA,2.64
"5/19/2009",NA,3
"5/20/2009",NA,3.35
"5/21/2009",NA,3.1
"5/22/2009",NA,3.32
"5/23/2009",NA,2.01
"5/24/2009",NA,1.73
"5/25/2009",NA,1.86
"5/26/2009",NA,2.77
"5/27/2009",NA,3.42
"5/28/2009",NA,2.34
"5/29/2009",NA,2.2
"5/30/2009",NA,2.5
"5/31/2009",NA,2.16
"6/1/2009",NA,1.93
"6/2/2009",18,1.78
"6/3/2009",NA,1.73
"6/4/2009",NA,1.83
"6/5/2009",NA,2.06
"6/6/2009",NA,2.11
"6/7/2009",NA,2.18
"6/8/2009",NA,2.32
"6/9/2009",NA,2.37
"6/10/2009",NA,2.14
"6/11/2009",NA,2.24
"6/12/2009",NA,1.94
"6/13/2009",NA,2.02
"6/14/2009",NA,1.76
"6/15/2009",NA,2.15
"6/16/2009",NA,2.36
"6/17/2009",NA,2.36
"6/18/2009",NA,2.42
"6/19/2009",NA,2.24
"6/20/2009",NA,2.22
"6/21/2009",NA,2.3
"6/22/2009",NA,2.54
"6/23/2009",NA,2.56
"6/24/2009",NA,2.55
"6/25/2009",NA,2.71
"6/26/2009",NA,2.42
"6/27/2009",NA,2.37
"6/28/2009",NA,2.44
"6/29/2009",NA,2.78
"6/30/2009",NA,2.55
"7/1/2009",NA,2.73
"7/2/2009",NA,2.7
"7/3/2009",NA,2.24
"7/4/2009",NA,2.16
"7/5/2009",NA,2.03
"7/6/2009",NA,2.04
"7/7/2009",23,2.59
"7/8/2009",NA,2.85
"7/9/2009",NA,2.63
"7/10/2009",NA,2.54
"7/11/2009",NA,2.45
"7/12/2009",NA,2.56
"7/13/2009",NA,2.57
"7/14/2009",NA,2.81
"7/15/2009",NA,2.61
"7/16/2009",NA,2.8
"7/17/2009",NA,2.66
"7/18/2009",NA,2.58
"7/19/2009",NA,2.63
"7/20/2009",NA,2.53
"7/21/2009",NA,2.34
"7/22/2009",NA,2.3
"7/23/2009",NA,2.37
"7/24/2009",NA,2.45
"7/25/2009",NA,2.52
"7/26/2009",NA,1.98
"7/27/2009",NA,1.88
"7/28/2009",NA,1.89
"7/29/2009",NA,2.38
"7/30/2009",NA,1.43
"7/31/2009",NA,1.9
"8/1/2009",NA,1.88
"8/2/2009",NA,1.92
"8/3/2009",NA,2.24
"8/4/2009",21,2.29
"8/5/2009",NA,2.48
"8/6/2009",NA,2.5
"8/7/2009",NA,2.51
"8/8/2009",NA,2.54
"8/9/2009",NA,2.48
"8/10/2009",NA,2.59
"8/11/2009",NA,2.23
"8/12/2009",NA,2.39
"8/13/2009",NA,2.47
"8/14/2009",NA,2.18
"8/15/2009",NA,2.28
"8/16/2009",NA,2.17
"8/17/2009",NA,2.48
"8/18/2009",NA,2.46
"8/19/2009",NA,2.02
"8/20/2009",NA,2.2
"8/21/2009",NA,2.39
"8/22/2009",NA,2.34
"8/23/2009",NA,2.25
"8/24/2009",NA,2.36
"8/25/2009",NA,1.89
"8/26/2009",NA,2.15
"8/27/2009",NA,1.92
"8/28/2009",NA,1.96
"8/29/2009",NA,2.01
"8/30/2009",NA,2.23
"8/31/2009",NA,2.49
"9/1/2009",23,2.5
"9/2/2009",NA,2.24
"9/3/2009",NA,2.35
"9/4/2009",NA,1.84
"9/5/2009",NA,1.76
"9/6/2009",NA,1.89
"9/7/2009",NA,2.18
"9/8/2009",NA,2.25
"9/9/2009",NA,2.08
"9/10/2009",NA,2.04
"9/11/2009",NA,2.32
"9/12/2009",NA,1.85
"9/13/2009",NA,2.1
"9/14/2009",NA,2.36
"9/15/2009",NA,2.29
"9/16/2009",NA,2.15
"9/17/2009",NA,2
"9/18/2009",NA,2.22
"9/19/2009",NA,1.88
"9/20/2009",NA,2.12
"9/21/2009",NA,1.55
"9/22/2009",NA,1.73
"9/23/2009",NA,1.51
"9/24/2009",NA,1.67
"9/25/2009",NA,1.55
"9/26/2009",NA,1.71
"9/27/2009",NA,1.71
"9/28/2009",NA,1.58
"9/29/2009",NA,2.02
"9/30/2009",NA,2.05
"10/1/2009",NA,1.77
"10/2/2009",NA,1.45
"10/3/2009",NA,0.84
"10/4/2009",NA,1.95
"10/5/2009",NA,1.82
"10/6/2009",17,2.05
"10/7/2009",NA,2.39
"10/8/2009",NA,1.59
"10/9/2009",NA,1.47
"10/10/2009",NA,1.28
"10/11/2009",NA,1.35
"10/12/2009",NA,1.41
"10/13/2009",NA,1.33
"10/14/2009",NA,1.29
"10/15/2009",NA,1.44
"10/16/2009",NA,1.35
"10/17/2009",NA,1.42
"10/18/2009",NA,1.5
"10/19/2009",NA,1.65
"10/20/2009",NA,1.64
"10/21/2009",NA,1.74
"10/22/2009",NA,1.54
"10/23/2009",NA,1.43
"10/24/2009",NA,1.41
"10/25/2009",NA,1.38
"10/26/2009",NA,1.47
"10/27/2009",NA,1.35
"10/28/2009",NA,1.34
"10/29/2009",NA,1.34
"10/30/2009",NA,1.4
"10/31/2009",NA,1.47
"11/1/2009",NA,1.47
"11/2/2009",NA,1.43
"11/3/2009",NA,1.36
"11/4/2009",NA,1.51
"11/5/2009",NA,1.55
"11/6/2009",NA,1.55
"11/7/2009",NA,1.37
"11/8/2009",NA,1.27
"11/9/2009",NA,1.35
"11/10/2009",14,1.32
"11/11/2009",NA,1.4
"11/12/2009",NA,1.75
"11/13/2009",NA,1.34
"11/14/2009",NA,1.26
"11/15/2009",NA,1.34
"11/16/2009",NA,1.37
"11/17/2009",NA,1.64
"11/18/2009",NA,1.33
"11/19/2009",NA,1.27
"11/20/2009",NA,1.26
"11/21/2009",NA,1.31
"11/22/2009",NA,1.7
"11/23/2009",NA,2.47
"11/24/2009",NA,2.1
"11/25/2009",NA,1.61
"11/26/2009",NA,1.25
"11/27/2009",NA,1.31
"11/28/2009",NA,1.24
"11/29/2009",NA,1.35
"11/30/2009",NA,1.33
"12/1/2009",NA,1.53
"12/2/2009",NA,2.31
"12/3/2009",NA,2.19
"12/4/2009",NA,1.27
"12/5/2009",NA,1.36
"12/6/2009",NA,1.32
"12/7/2009",NA,1.65
"12/8/2009",18,1.83
"12/9/2009",NA,1.27
"12/10/2009",NA,1.41
"12/11/2009",NA,1.53
"12/12/2009",NA,1.51
"12/13/2009",NA,1.42
"12/14/2009",NA,1.41
"12/15/2009",NA,1.43
"12/16/2009",NA,1.32
"12/17/2009",NA,1.4
"12/18/2009",NA,1.34
"12/19/2009",NA,1.33
"12/20/2009",NA,1.31
"12/21/2009",NA,1.36
"12/22/2009",NA,1.23
"12/23/2009",NA,1.35
"12/24/2009",NA,1.26
"12/25/2009",NA,1.16
"12/26/2009",NA,1.28
"12/27/2009",NA,1.3
"12/28/2009",NA,1.3
"12/29/2009",NA,1.29
"12/30/2009",NA,1.31
"12/31/2009",NA,1.33
"1/1/2010",NA,1.2
"1/2/2010",NA,1.34
"1/3/2010",NA,1.17
"1/4/2010",NA,1.38
"1/5/2010",17,1.22
"1/6/2010",NA,1.24
"1/7/2010",NA,1.19
"1/8/2010",NA,1.23
"1/9/2010",NA,1.32
"1/10/2010",NA,1.33
"1/11/2010",NA,1.39
"1/12/2010",NA,1.25
"1/13/2010",NA,1.83
"1/14/2010",NA,1.25
"1/15/2010",NA,1.14
"1/16/2010",NA,1.4
"1/17/2010",NA,1.31
"1/18/2010",NA,1.35
"1/19/2010",NA,1.21
"1/20/2010",NA,1.26
"1/21/2010",NA,1.2
"1/22/2010",NA,1.29
"1/23/2010",NA,1.31
"1/24/2010",NA,1.33
"1/25/2010",NA,1.33
"1/26/2010",NA,1.24
"1/27/2010",NA,1.22
"1/28/2010",NA,1.26
"1/29/2010",NA,1.29
"1/30/2010",NA,1.22
"1/31/2010",NA,1.39
"2/1/2010",NA,1.63
"2/2/2010",NA,2.51
"2/3/2010",NA,2.45
"2/4/2010",NA,2.26
"2/5/2010",NA,1.58
"2/6/2010",NA,1.26
"2/7/2010",NA,1.58
"2/8/2010",NA,1.99
"2/9/2010",16,1.36
"2/10/2010",NA,1.55
"2/11/2010",NA,2.37
"2/12/2010",NA,1.93
"2/13/2010",NA,1.28
"2/14/2010",NA,1.54
"2/15/2010",NA,2.17
"2/16/2010",NA,1.67
"2/17/2010",NA,1.61
"2/18/2010",NA,1.5
"2/19/2010",NA,1.29
"2/20/2010",NA,1.4
"2/21/2010",NA,1.53
"2/22/2010",NA,1.78
"2/23/2010",NA,1.23
"2/24/2010",NA,2.56
"2/25/2010",NA,1.26
"2/26/2010",NA,1.37
"2/27/2010",NA,1.25
"2/28/2010",NA,1.62
"3/1/2010",NA,1.52
"3/2/2010",18,1.39
"3/3/2010",NA,1.38
"3/4/2010",NA,1.35
"3/5/2010",NA,1.54
"3/6/2010",NA,1.46
"3/7/2010",NA,1.62
"3/8/2010",NA,2.01
"3/9/2010",NA,1.35
"3/10/2010",NA,1.34
"3/11/2010",NA,1.52
"3/12/2010",NA,1.64
"3/13/2010",NA,1.38
"3/14/2010",NA,1.21
"3/15/2010",NA,1.45
"3/16/2010",NA,1.33
"3/17/2010",NA,1.41
"3/18/2010",NA,1.35
"3/19/2010",NA,1.32
"3/20/2010",NA,1.26
"3/21/2010",NA,1.27
"3/22/2010",NA,1.63
"3/23/2010",NA,1.35
"3/24/2010",NA,1.59
"3/25/2010",NA,1.79
"3/26/2010",NA,1.61
"3/27/2010",NA,1.39
"3/28/2010",NA,1.59
"3/29/2010",NA,1.56
"3/30/2010",NA,1.51
"3/31/2010",NA,1.52
"4/1/2010",NA,1.49
"4/2/2010",NA,1.37
"4/3/2010",NA,1.53
"4/4/2010",NA,1.54
"4/5/2010",NA,1.66
"4/6/2010",21,1.66
"4/7/2010",NA,1.63
"4/8/2010",NA,1.69
"4/9/2010",NA,1.7
"4/10/2010",NA,1.65
"4/11/2010",NA,1.59
"4/12/2010",NA,1.75
"4/13/2010",NA,1.68
"4/14/2010",NA,1.49
"4/15/2010",NA,1.47
"4/16/2010",NA,1.4
"4/17/2010",NA,1.52
"4/18/2010",NA,1.5
"4/19/2010",NA,1.49
"4/20/2010",NA,1.75
"4/21/2010",NA,1.6
"4/22/2010",NA,1.43
"4/23/2010",NA,1.5
"4/24/2010",NA,1.43
"4/25/2010",NA,1.6
"4/26/2010",NA,1.68
"4/27/2010",NA,1.58
"4/28/2010",NA,1.8
"4/29/2010",NA,1.84
"4/30/2010",NA,1.68
"5/1/2010",NA,1.79
"5/2/2010",NA,1.73
"5/3/2010",NA,1.96
"5/4/2010",20,2.21
"5/5/2010",NA,2.1
"5/6/2010",NA,2.12
"5/7/2010",NA,1.81
"5/8/2010",NA,1.78
"5/9/2010",NA,2.27
"5/10/2010",NA,2.17
"5/11/2010",NA,1.98
"5/12/2010",NA,1.77
"5/13/2010",NA,2
"5/14/2010",NA,1.93
"5/15/2010",NA,1.65
"5/16/2010",NA,1.75
"5/17/2010",NA,1.95
"5/18/2010",NA,2.06
"5/19/2010",NA,1.83
"5/20/2010",NA,1.63
"5/21/2010",NA,1.85
"5/22/2010",NA,2.12
"5/23/2010",NA,2.04
"5/24/2010",NA,2.08
"5/25/2010",NA,2.28
"5/26/2010",NA,2.19
"5/27/2010",NA,2.56
"5/28/2010",NA,2.58
"5/29/2010",NA,2.35
"5/30/2010",NA,2.24
"5/31/2010",NA,2.34
"6/1/2010",23,2.48
"6/2/2010",NA,2.49
"6/3/2010",NA,2.46
"6/4/2010",NA,2.48
"6/5/2010",NA,2.37
"6/6/2010",NA,2.37
"6/7/2010",NA,2.58
"6/8/2010",NA,2.58
"6/9/2010",NA,2.8
"6/10/2010",NA,2.75
"6/11/2010",NA,2.32
"6/12/2010",NA,2.02
"6/13/2010",NA,1.96
"6/14/2010",NA,2.17
"6/15/2010",NA,2.07
"6/16/2010",NA,1.86
"6/17/2010",NA,2.07
"6/18/2010",NA,2.44
"6/19/2010",NA,2.46
"6/20/2010",NA,2.76
"6/21/2010",NA,2.67
"6/22/2010",NA,2.54
"6/23/2010",NA,2.57
"6/24/2010",NA,2.74
"6/25/2010",NA,2.18
"6/26/2010",NA,2.53
"6/27/2010",NA,2.5
"6/28/2010",NA,2.37
"6/29/2010",NA,2.64
"6/30/2010",NA,2.76
"7/1/2010",NA,2.84
"7/2/2010",NA,2.38
"7/3/2010",NA,2.72
"7/4/2010",NA,2.42
"7/5/2010",NA,2.58
"7/6/2010",22,2.54
"7/7/2010",NA,2.44
"7/8/2010",NA,1.89
"7/9/2010",NA,1.96
"7/10/2010",NA,2.33
"7/11/2010",NA,2.86
"7/12/2010",NA,2.65
"7/13/2010",NA,2.4
"7/14/2010",NA,2.47
"7/15/2010",NA,2.5
"7/16/2010",NA,2.47
"7/17/2010",NA,2.42
"7/18/2010",NA,2.55
"7/19/2010",NA,2.28
"7/20/2010",NA,2.32
"7/21/2010",NA,1.96
"7/22/2010",NA,1.98
"7/23/2010",NA,1.68
"7/24/2010",NA,2.03
"7/25/2010",NA,1.9
"7/26/2010",NA,2.2
"7/27/2010",NA,2.35
"7/28/2010",NA,2.37
"7/29/2010",NA,2.28
"7/30/2010",NA,2.41
"7/31/2010",NA,1.66
"8/1/2010",NA,2.24
"8/2/2010",NA,2.05
"8/3/2010",17,1.94
"8/4/2010",NA,2.03
"8/5/2010",NA,1.57
"8/6/2010",NA,1.75
"8/7/2010",NA,2.13
"8/8/2010",NA,2.04
"8/9/2010",NA,2.29
"8/10/2010",NA,2.17
"8/11/2010",NA,2.37
"8/12/2010",NA,2.45
"8/13/2010",NA,2.2
"8/14/2010",NA,2.43
"8/15/2010",NA,2.2
"8/16/2010",NA,2.31
"8/17/2010",NA,2.22
"8/18/2010",NA,2.49
"8/19/2010",NA,2.33
"8/20/2010",NA,2.58
"8/21/2010",NA,2.5
"8/22/2010",NA,2.54
"8/23/2010",NA,2.45
"8/24/2010",NA,2.39
"8/25/2010",NA,2.92
"8/26/2010",NA,2.49
"8/27/2010",NA,2.47
"8/28/2010",NA,2.18
"8/29/2010",NA,2.43
"8/30/2010",NA,2.48
"8/31/2010",NA,2.47
"9/1/2010",NA,2.38
"9/2/2010",NA,2.55
"9/3/2010",NA,2.57
"9/4/2010",NA,2.4
"9/5/2010",NA,2.23
"9/6/2010",NA,2.37
"9/7/2010",20,2.44
"9/8/2010",NA,2.31
"9/9/2010",NA,2.13
"9/10/2010",NA,2.28
"9/11/2010",NA,2.06
"9/12/2010",NA,2.15
"9/13/2010",NA,2.35
"9/14/2010",NA,2.31
"9/15/2010",NA,2.38
"9/16/2010",NA,2.33
"9/17/2010",NA,2.15
"9/18/2010",NA,2.05
"9/19/2010",NA,2.27
"9/20/2010",NA,2.33
"9/21/2010",NA,2.13
"9/22/2010",NA,2.42
"9/23/2010",NA,2.75
"9/24/2010",NA,2.07
"9/25/2010",NA,1.98
"9/26/2010",NA,2.17
"9/27/2010",NA,2.25
"9/28/2010",NA,2.31
"9/29/2010",NA,2.48
"9/30/2010",NA,2.18
"10/1/2010",NA,2.18
"10/2/2010",NA,1.82
"10/3/2010",NA,1.83
"10/4/2010",NA,1.9
"10/5/2010",20,2.3
"10/6/2010",NA,1.98
"10/7/2010",NA,2.06
"10/8/2010",NA,2.06
"10/9/2010",NA,2.07
"10/10/2010",NA,1.88
"10/11/2010",NA,1.61
"10/12/2010",NA,1.83
"10/13/2010",NA,1.67
"10/14/2010",NA,1.89
"10/15/2010",NA,1.78
"10/16/2010",NA,1.55
"10/17/2010",NA,1.83
"10/18/2010",NA,1.53
"10/19/2010",NA,1.79
"10/20/2010",NA,1.91
"10/21/2010",NA,2.09
"10/22/2010",NA,1.46
"10/23/2010",NA,1.8
"10/24/2010",NA,1.83
"10/25/2010",NA,1.87
"10/26/2010",NA,1.62
"10/27/2010",NA,1.39
"10/28/2010",NA,1.48
"10/29/2010",NA,1.62
"10/30/2010",NA,1.64
"10/31/2010",NA,1.42
"11/1/2010",NA,1.42
"11/2/2010",16,1.4
"11/3/2010",NA,1.51
"11/4/2010",NA,1.49
"11/5/2010",NA,1.52
"11/6/2010",NA,1.55
"11/7/2010",NA,1.7
"11/8/2010",NA,1.47
"11/9/2010",NA,1.4
"11/10/2010",NA,1.5
"11/11/2010",NA,1.21
"11/12/2010",NA,1.38
"11/13/2010",NA,1.39
"11/14/2010",NA,1.42
"11/15/2010",NA,1.49
"11/16/2010",NA,1.29
"11/17/2010",NA,1.3
"11/18/2010",NA,1.47
"11/19/2010",NA,1.39
"11/20/2010",NA,1.26
"11/21/2010",NA,1.35
"11/22/2010",NA,1.34
"11/23/2010",NA,1.33
"11/24/2010",NA,1.4
"11/25/2010",NA,1.24
"11/26/2010",NA,1.3
"11/27/2010",NA,1.34
"11/28/2010",NA,1.39
"11/29/2010",NA,1.36
"11/30/2010",NA,1.29
"12/1/2010",NA,1.42
"12/2/2010",NA,1.4
"12/3/2010",NA,1.51
"12/4/2010",NA,1.49
"12/5/2010",NA,1.52
"12/6/2010",NA,1.55
"12/7/2010",17,1.7
"12/8/2010",NA,1.47
"12/9/2010",NA,1.4
"12/10/2010",NA,1.5
"12/11/2010",NA,1.21
"12/12/2010",NA,1.38
"12/13/2010",NA,1.39
"12/14/2010",NA,1.42
"12/15/2010",NA,1.49
"12/16/2010",NA,1.29
"12/17/2010",NA,1.3
"12/18/2010",NA,1.47
"12/19/2010",NA,1.39
"12/20/2010",NA,1.26
"12/21/2010",NA,1.35
"12/22/2010",NA,1.34
"12/23/2010",NA,1.33
"12/24/2010",NA,1.4
"12/25/2010",NA,1.24
"12/26/2010",NA,1.3
"12/27/2010",NA,1.34
"12/28/2010",NA,1.39
"12/29/2010",NA,1.36
"12/30/2010",NA,1.29
"12/31/2010",NA,1.31
"1/1/2011",NA,1.31
"1/2/2011",NA,1.39
"1/3/2011",NA,1.51
"1/4/2011",15,1.35
"1/5/2011",NA,1.32
"1/6/2011",NA,1.34
"1/7/2011",NA,1.36
"1/8/2011",NA,1.23
"1/9/2011",NA,1.31
"1/10/2011",NA,1.32
"1/11/2011",NA,1.35
"1/12/2011",NA,1.47
"1/13/2011",NA,1.41
"1/14/2011",NA,1.35
"1/15/2011",NA,1.39
"1/16/2011",NA,1.39
"1/17/2011",NA,1.4
"1/18/2011",NA,1.33
"1/19/2011",NA,1.32
"1/20/2011",NA,1.34
"1/21/2011",NA,1.45
"1/22/2011",NA,1.36
"1/23/2011",NA,1.38
"1/24/2011",NA,1.45
"1/25/2011",NA,1.41
"1/26/2011",NA,1.33
"1/27/2011",NA,1.34
"1/28/2011",NA,1.19
"1/29/2011",NA,1.27
"1/30/2011",NA,1.31
"1/31/2011",NA,1.32
"2/1/2011",16,1.29
"2/2/2011",NA,1.32
"2/3/2011",NA,1.48
"2/4/2011",NA,1.37
"2/5/2011",NA,1.42
"2/6/2011",NA,1.44
"2/7/2011",NA,1.41
"2/8/2011",NA,1.57
"2/9/2011",NA,1.44
"2/10/2011",NA,1.6
"2/11/2011",NA,1.36
"2/12/2011",NA,1.38
"2/13/2011",NA,1.39
"2/14/2011",NA,1.39
"2/15/2011",NA,1.49
"2/16/2011",NA,1.37
"2/17/2011",NA,1.36
"2/18/2011",NA,1.34
"2/19/2011",NA,1.3
"2/20/2011",NA,1.27
"2/21/2011",NA,1.32
"2/22/2011",NA,1.34
"2/23/2011",NA,1.32
"2/24/2011",NA,1.32
"2/25/2011",NA,1.26
"2/26/2011",NA,1.34
"2/27/2011",NA,1.32
"2/28/2011",NA,1.4
"3/1/2011",17,1.39
"3/2/2011",NA,1.29
"3/3/2011",NA,1.42
"3/4/2011",NA,1.3
"3/5/2011",NA,1.29
"3/6/2011",NA,1.29
"3/7/2011",NA,1.42
"3/8/2011",NA,1.32
"3/9/2011",NA,0.44
"3/10/2011",NA,1.32
"3/11/2011",NA,1.51
"3/12/2011",NA,1.4
"3/13/2011",NA,1.43
"3/14/2011",NA,1.44
"3/15/2011",NA,1.67
"3/16/2011",NA,1.59
"3/17/2011",NA,1.65
"3/18/2011",NA,1.46
"3/19/2011",NA,1.46
"3/20/2011",NA,1.36
"3/21/2011",NA,1.87
"3/22/2011",NA,1.35
"3/23/2011",NA,1.64
"3/24/2011",NA,1.3
"3/25/2011",NA,1.62
"3/26/2011",NA,1.39
"3/27/2011",NA,1.51
"3/28/2011",NA,1.37
"3/29/2011",NA,1.29
"3/30/2011",NA,1.3
"3/31/2011",NA,1.46
"4/1/2011",NA,0.76
"4/2/2011",NA,1.53
"4/3/2011",NA,1.43
"4/4/2011",NA,1.4
"4/5/2011",15,1.51
"4/6/2011",NA,1.9
"4/7/2011",NA,1.79
"4/8/2011",NA,2.03
"4/9/2011",NA,1.51
"4/10/2011",NA,1.59
"4/11/2011",NA,1.84
"4/12/2011",NA,2.03
"4/13/2011",NA,1.77
"4/14/2011",NA,1.44
"4/15/2011",NA,1.5
"4/16/2011",NA,2.13
"4/17/2011",NA,2.06
"4/18/2011",NA,1.89
"4/19/2011",NA,2.12
"4/20/2011",NA,1.61
"4/21/2011",NA,2.15
"4/22/2011",NA,2.11
"4/23/2011",NA,1.89
"4/24/2011",NA,1.66
"4/25/2011",NA,2.13
"4/26/2011",NA,1.75
"4/27/2011",NA,1.49
"4/28/2011",NA,2.14
"4/29/2011",NA,1.8
"4/30/2011",NA,1.91
"5/1/2011",NA,1.64
"5/2/2011",NA,1.74
"5/3/2011",23,1.94
"5/4/2011",NA,2.04
"5/5/2011",NA,1.91
"5/6/2011",NA,2.05
"5/7/2011",NA,2.27
"5/8/2011",NA,2.2
"5/9/2011",NA,2.32
"5/10/2011",NA,2.49
"5/11/2011",NA,2.07
"5/12/2011",NA,1.43
"5/13/2011",NA,2.18
"5/14/2011",NA,1.83
"5/15/2011",NA,1.91
"5/16/2011",NA,2.45
"5/17/2011",NA,2.12
"5/18/2011",NA,2.04
"5/19/2011",NA,1.68
"5/20/2011",NA,1.69
"5/21/2011",NA,2.14
"5/22/2011",NA,2.2
"5/23/2011",NA,2.24
"5/24/2011",NA,2.1
"5/25/2011",NA,1.73
"5/26/2011",NA,2.22
"5/27/2011",NA,2.21
"5/28/2011",NA,2.05
"5/29/2011",NA,2.06
"5/30/2011",NA,2.14
"5/31/2011",NA,2.32
"6/1/2011",NA,2.24
"6/2/2011",NA,1.81
"6/3/2011",NA,2.38
"6/4/2011",NA,2.23
"6/5/2011",NA,2.28
"6/6/2011",NA,2.66
"6/7/2011",20,2.65
"6/8/2011",NA,2.55
"6/9/2011",NA,2.38
"6/10/2011",NA,2.61
"6/11/2011",NA,2.3
"6/12/2011",NA,2.35
"6/13/2011",NA,2.65
"6/14/2011",NA,2.54
"6/15/2011",NA,2.86
"6/16/2011",NA,2.72
"6/17/2011",NA,2.55
"6/18/2011",NA,2.43
"6/19/2011",NA,2.54
"6/20/2011",NA,1.92
"6/21/2011",NA,2.24
"6/22/2011",NA,2.15
"6/23/2011",NA,2.28
"6/24/2011",NA,2.49
"6/25/2011",NA,2.33
"6/26/2011",NA,1.5
"6/27/2011",NA,2.4
"6/28/2011",NA,2.82
"6/29/2011",NA,2.76
"6/30/2011",NA,2.8
"7/1/2011",NA,2.8
"7/2/2011",NA,2.56
"7/3/2011",NA,2.61
"7/4/2011",NA,2.58
"7/5/2011",NA,2.67
"7/6/2011",NA,2.68
"7/7/2011",NA,2.15
"7/8/2011",NA,2.25
"7/9/2011",NA,2.28
"7/10/2011",NA,2.49
"7/11/2011",NA,2.51
"7/12/2011",18,2.7
"7/13/2011",NA,2.19
"7/14/2011",NA,2.83
"7/15/2011",NA,2.74
"7/16/2011",NA,2.61
"7/17/2011",NA,2.65
"7/18/2011",NA,2.79
"7/19/2011",NA,2.88
"7/20/2011",NA,2.77
"7/21/2011",NA,2.6
"7/22/2011",NA,2.1
"7/23/2011",NA,2.51
"7/24/2011",NA,2.27
"7/25/2011",NA,2.63
"7/26/2011",NA,2.65
"7/27/2011",NA,2.64
"7/28/2011",NA,2.62
"7/29/2011",NA,2.29
"7/30/2011",NA,2.67
"7/31/2011",NA,2.53
"8/1/2011",NA,2.7
"8/2/2011",17,2.53
"8/3/2011",NA,2.01
"8/4/2011",NA,2.2
"8/5/2011",NA,2.69
"8/6/2011",NA,2.24
"8/7/2011",NA,2.43
"8/8/2011",NA,2.52
"8/9/2011",NA,2.53
"8/10/2011",NA,2.85
"8/11/2011",NA,2.59
"8/12/2011",NA,2.2
"8/13/2011",NA,2.14
"8/14/2011",NA,2.34
"8/15/2011",NA,2.7
"8/16/2011",NA,2.67
"8/17/2011",NA,2.27
"8/18/2011",NA,2.6
"8/19/2011",NA,2.56
"8/20/2011",NA,2.51
"8/21/2011",NA,2.34
"8/22/2011",NA,2.66
"8/23/2011",NA,2.56
"8/24/2011",NA,2.51
"8/25/2011",NA,2.76
"8/26/2011",NA,2.59
"8/27/2011",NA,2.49
"8/28/2011",NA,2.42
"8/29/2011",NA,2.48
"8/30/2011",NA,2.73
"8/31/2011",NA,2.72
"9/1/2011",NA,2.51
"9/2/2011",NA,2.55
"9/3/2011",NA,2.11
"9/4/2011",NA,1.99
"9/5/2011",NA,2.19
"9/6/2011",21,2.38
"9/7/2011",NA,2.21
"9/8/2011",NA,2.24
"9/9/2011",NA,2.21
"9/10/2011",NA,1.91
"9/11/2011",NA,2.23
"9/12/2011",NA,2.32
"9/13/2011",NA,2.09
"9/14/2011",NA,1.96
"9/15/2011",NA,1.87
"9/16/2011",NA,1.71
"9/17/2011",NA,1.66
"9/18/2011",NA,1.9
"9/19/2011",NA,1.95
"9/20/2011",NA,2.08
"9/21/2011",NA,2.12
"9/22/2011",NA,2.1
"9/23/2011",NA,2.19
"9/24/2011",NA,2.09
"9/25/2011",NA,2.11
"9/26/2011",NA,2.2
"9/27/2011",NA,2.13
"9/28/2011",NA,2.27
"9/29/2011",NA,1.96
"9/30/2011",NA,2.22
"10/1/2011",NA,1.29
"10/2/2011",NA,2.1
"10/3/2011",NA,2.18
"10/4/2011",22,2
"10/5/2011",NA,2.19
"10/6/2011",NA,1.95
"10/7/2011",NA,1.86
"10/8/2011",NA,1.77
"10/9/2011",NA,1.82
"10/10/2011",NA,2.06
"10/11/2011",NA,2.1
"10/12/2011",NA,1.88
"10/13/2011",NA,2.01
"10/14/2011",NA,2.01
"10/15/2011",NA,1.87
"10/16/2011",NA,1.79
"10/17/2011",NA,1.7
"10/18/2011",NA,1.85
"10/19/2011",NA,1.76
"10/20/2011",NA,1.68
"10/21/2011",NA,1.84
"10/22/2011",NA,1.66
"10/23/2011",NA,1.59
"10/24/2011",NA,1.56
"10/25/2011",NA,1.51
"10/26/2011",NA,1.38
"10/27/2011",NA,1.34
"10/28/2011",NA,1.44
"10/29/2011",NA,1.31
"10/30/2011",NA,1.41
"10/31/2011",NA,1.47
"11/1/2011",14,1.45
"11/2/2011",NA,1.23
"11/3/2011",NA,1.39
"11/4/2011",NA,1.15
"11/5/2011",NA,1.31
"11/6/2011",NA,1.38
"11/7/2011",NA,1.2
"11/8/2011",NA,1.14
"11/9/2011",NA,1.3
"11/10/2011",NA,1.32
"11/11/2011",NA,1.29
"11/12/2011",NA,1.19
"11/13/2011",NA,1.27
"11/14/2011",NA,1.62
"11/15/2011",NA,1.29
"11/16/2011",NA,1.48
"11/17/2011",NA,1.32
"11/18/2011",NA,1.17
"11/19/2011",NA,1.34
"11/20/2011",NA,1.24
"11/21/2011",NA,1.25
"11/22/2011",NA,1.52
"11/23/2011",NA,1.58
"11/24/2011",NA,1.25
"11/25/2011",NA,1.28
"11/26/2011",NA,1.24
"11/27/2011",NA,1.3
"11/28/2011",NA,1.48
"11/29/2011",NA,1.33
"11/30/2011",NA,1.47
"12/1/2011",NA,1.27
"12/2/2011",NA,1.29
"12/3/2011",NA,1.29
"12/4/2011",NA,1.38
"12/5/2011",NA,1.28
"12/6/2011",11,1.29
"12/7/2011",NA,1.46
"12/8/2011",NA,1.29
"12/9/2011",NA,1.28
"12/10/2011",NA,1.29
"12/11/2011",NA,1.3
"12/12/2011",NA,1.48
"12/13/2011",NA,1.23
"12/14/2011",NA,1.27
"12/15/2011",NA,1.35
"12/16/2011",NA,1.3
"12/17/2011",NA,1.25
"12/18/2011",NA,1.24
"12/19/2011",NA,1.49
"12/20/2011",NA,1.22
"12/21/2011",NA,1.29
"12/22/2011",NA,1.28
"12/23/2011",NA,1.27
"12/24/2011",NA,1.2
"12/25/2011",NA,1.2
"12/26/2011",NA,1.41
"12/27/2011",NA,1.22
"12/28/2011",NA,1.28
"12/29/2011",NA,1.28
"12/30/2011",NA,1.29
"12/31/2011",NA,1.37
