"","X","Section","H","Tw","SurveyXS"
"1",1,1,0.1524,29.51841696,1
"2",2,1,0.18288,56.40269136,1
"3",3,1,0.21336,64.32337656,1
"4",4,1,0.24384,65.9878284,1
"5",5,1,0.27432,67.09711752,1
"6",6,1,0.3048,67.83625752,1
"7",7,1,0.33528,68.575428,1
"8",8,1,0.36576,70.49030352,1
"9",9,1,0.39624,75.14856192,1
"10",10,1,0.42672,79.36635384,1
"11",11,1,0.4572,79.59818472,1
"12",12,1,0.48768,79.8300156,1
"13",13,1,0.51816,80.06187696,1
"14",14,1,0.54864,80.29370784,1
"15",15,1,0.57912,80.52553872,1
"16",16,1,0.6096,80.76373992,1
"17",17,1,0.64008,81.05875584,1
"18",18,1,0.67056,81.33624576,1
"19",19,1,0.70104,81.58249368,1
"20",20,1,0.73152,81.8287416,1
"21",21,1,0.762,82.07498952,1
"22",22,1,0.79248,82.32126792,1
"23",23,1,0.82296,82.56751584,1
"24",24,1,0.85344,82.81376376,1
"25",25,1,0.88392,83.06004216,1
"26",26,1,0.9144,83.30629008,1
"27",27,1,0.94488,83.552538,1
"28",28,1,0.97536,83.7988164,1
"29",29,1,1.00584,84.80301048,1
"30",30,1,1.03632,86.31253248,1
"31",31,1,1.0668,87.82205448,1
"32",32,1,1.09728,89.99957616,1
"33",33,1,1.12776,94.84894416,1
"34",34,1,1.15824,99.72830448,1
"35",35,1,1.18872,104.74378848,1
"36",36,1,1.2192,109.75933344,1
"37",37,1,1.24968,114.77484792,1
"38",38,1,1.28016,117.12226512,1
"39",39,1,1.31064,119.89731672,1
"40",40,1,1.34112,132.52393104,1
"41",41,1,1.3716,136.48925712,1
"42",42,1,1.40208,136.7425764,1
"43",43,1,1.43256,136.99589568,1
"44",44,1,1.46304,137.24921496,1
"45",45,1,1.49352,137.50253424,1
"46",46,1,1.524,137.75585352,1
"47",47,2,0.1524,59.59486176,2
"48",48,2,0.18288,59.7315036,2
"49",49,2,0.21336,59.85686784,2
"50",50,2,0.24384,59.96534616,2
"51",51,2,0.27432,60.07382448,2
"52",52,2,0.3048,60.1823028,2
"53",53,2,0.33528,60.27669936,2
"54",54,2,0.36576,60.36951096,2
"55",55,2,0.39624,60.46235304,2
"56",56,2,0.42672,60.5491296,2
"57",57,2,0.4572,60.62176344,2
"58",58,2,0.48768,60.69442776,2
"59",59,2,0.51816,60.7670616,2
"60",60,2,0.54864,60.83969544,2
"61",61,2,0.57912,60.91235976,2
"62",62,2,0.6096,60.9849936,2
"63",63,2,0.64008,61.05762744,2
"64",64,2,0.67056,61.13029176,2
"65",65,2,0.70104,61.2029256,2
"66",66,2,0.73152,61.27543752,2
"67",67,2,0.762,61.34767512,2
"68",68,2,0.79248,61.41991272,2
"69",69,2,0.82296,61.49215032,2
"70",70,2,0.85344,61.56438792,2
"71",71,2,0.88392,61.63662552,2
"72",72,2,0.9144,61.70886312,2
"73",73,2,0.94488,61.78110072,2
"74",74,2,0.97536,61.85333832,2
"75",75,2,1.00584,61.92557592,2
"76",76,2,1.03632,61.99781352,2
"77",77,2,1.0668,62.07005112,2
"78",78,2,1.09728,62.13293136,2
"79",79,2,1.12776,62.18648472,2
"80",80,2,1.15824,62.24003808,2
"81",81,2,1.18872,62.29359144,2
"82",82,2,1.2192,62.34711432,2
"83",83,2,1.24968,62.40054576,2
"84",84,2,1.28016,62.45284944,2
"85",85,2,1.31064,62.50512264,2
"86",86,2,1.34112,62.55742632,2
"87",87,2,1.3716,62.60973,2
"88",88,2,1.40208,62.6620032,2
"89",89,2,1.43256,62.71430688,2
"90",90,2,1.46304,62.76661056,2
"91",91,2,1.49352,62.81888376,2
"92",92,2,1.524,62.87118744,2
"93",93,3,0.1524,24.13442976,3
"94",94,3,0.18288,28.961334,3
"95",95,3,0.21336,41.76372648,3
"96",96,3,0.24384,62.21062488,3
"97",97,3,0.27432,73.66811784,3
"98",98,3,0.3048,74.13083472,3
"99",99,3,0.33528,74.40424032,3
"100",100,3,0.36576,74.60095824,3
"101",101,3,0.39624,74.79767616,3
"102",102,3,0.42672,74.9943636,3
"103",103,3,0.4572,75.19108152,3
"104",104,3,0.48768,75.37938696,3
"105",105,3,0.51816,75.49207152,3
"106",106,3,0.54864,75.60478656,3
"107",107,3,0.57912,75.71747112,3
"108",108,3,0.6096,75.83015568,3
"109",109,3,0.64008,75.94287072,3
"110",110,3,0.67056,76.05723168,3
"111",111,3,0.70104,76.171806,3
"112",112,3,0.73152,76.26696456,3
"113",113,3,0.762,76.31692128,3
"114",114,3,0.79248,76.36684752,3
"115",115,3,0.82296,76.41677376,3
"116",116,3,0.85344,76.4667,3
"117",117,3,0.88392,76.51662624,3
"118",118,3,0.9144,76.56655248,3
"119",119,3,0.94488,76.61647872,3
"120",120,3,0.97536,76.66640496,3
"121",121,3,1.00584,76.7163312,3
"122",122,3,1.03632,76.76625744,3
"123",123,3,1.0668,76.922376,3
"124",124,3,1.09728,77.12397072,3
"125",125,3,1.12776,77.32559592,3
"126",126,3,1.15824,77.52719064,3
"127",127,3,1.18872,77.64179544,3
"128",128,3,1.2192,77.71909272,3
"129",129,3,1.24968,77.79642048,3
"130",130,3,1.28016,77.87371776,3
"131",131,3,1.31064,77.95101504,3
"132",132,3,1.34112,78.02831232,3
"133",133,3,1.3716,78.1056096,3
"134",134,3,1.40208,78.18095616,3
"135",135,3,1.43256,78.23630784,3
"136",136,3,1.46304,78.31586064,3
"137",137,3,1.49352,78.38331288,3
"138",138,3,1.524,78.45076512,3
"139",139,4,0.1524,64.14293496,4
"140",140,4,0.18288,64.19929248,4
"141",141,4,0.21336,64.25565,4
"142",142,4,0.24384,64.31200752,4
"143",143,4,0.27432,64.36836504,4
"144",144,4,0.3048,64.42472256,4
"145",145,4,0.33528,64.48108008,4
"146",146,4,0.36576,64.5374376,4
"147",147,4,0.39624,64.59379512,4
"148",148,4,0.42672,64.65015264,4
"149",149,4,0.4572,64.87491216,4
"150",150,4,0.48768,65.19943272,4
"151",151,4,0.51816,65.52700128,4
"152",152,4,0.54864,65.85460032,4
"153",153,4,0.57912,66.18219936,4
"154",154,4,0.6096,66.50976792,4
"155",155,4,0.64008,66.83736696,4
"156",156,4,0.67056,67.16493552,4
"157",157,4,0.70104,67.49253456,4
"158",158,4,0.73152,67.82010312,4
"159",159,4,0.762,68.14770216,4
"160",160,4,0.79248,68.4753012,4
"161",161,4,0.82296,68.80286976,4
"162",162,4,0.85344,69.1304688,4
"163",163,4,0.88392,69.24867024,4
"164",164,4,0.9144,69.34361544,4
"165",165,4,0.94488,69.43856064,4
"166",166,4,0.97536,69.53353632,4
"167",167,4,1.00584,69.62848152,4
"168",168,4,1.03632,69.72342672,4
"169",169,4,1.0668,69.81837192,4
"170",170,4,1.09728,69.91331712,4
"171",171,4,1.12776,70.00826232,4
"172",172,4,1.15824,70.10320752,4
"173",173,4,1.18872,70.19815272,4
"174",174,4,1.2192,70.2931284,4
"175",175,4,1.24968,70.3880736,4
"176",176,4,1.28016,70.5256908,4
"177",177,4,1.31064,70.69177632,4
"178",178,4,1.34112,70.85783136,4
"179",179,4,1.3716,71.02391688,4
"180",180,4,1.40208,71.1900024,4
"181",181,4,1.43256,71.35605744,4
"182",182,4,1.46304,71.52214296,4
"183",183,4,1.49352,71.68822848,4
"184",184,4,1.524,71.85428352,4
"185",185,5,0.1524,9.07218912,5
"186",186,5,0.18288,10.88663304,5
"187",187,5,0.21336,12.70104648,5
"188",188,5,0.24384,14.5154904,5
"189",189,5,0.27432,16.32993432,5
"190",190,5,0.3048,18.14437824,5
"191",191,5,0.33528,19.95879168,5
"192",192,5,0.36576,21.7732356,5
"193",193,5,0.39624,23.58767952,5
"194",194,5,0.42672,25.40212344,5
"195",195,5,0.4572,26.57667024,5
"196",196,5,0.48768,27.591258,5
"197",197,5,0.51816,28.60584576,5
"198",198,5,0.54864,29.620464,5
"199",199,5,0.57912,30.63505176,5
"200",200,5,0.6096,31.64963952,5
"201",201,5,0.64008,32.66422728,5
"202",202,5,0.67056,33.67881504,5
"203",203,5,0.70104,34.6934028,5
"204",204,5,0.73152,35.82674064,5
"205",205,5,0.762,37.52828664,5
"206",206,5,0.79248,39.27978936,5
"207",207,5,0.82296,41.03129208,5
"208",208,5,0.85344,42.7827948,5
"209",209,5,0.88392,44.53429752,5
"210",210,5,0.9144,46.28576976,5
"211",211,5,0.94488,48.03727248,5
"212",212,5,0.97536,49.7887752,5
"213",213,5,1.00584,51.54027792,5
"214",214,5,1.03632,53.29175016,5
"215",215,5,1.0668,55.04325288,5
"216",216,5,1.09728,56.7947556,5
"217",217,5,1.12776,58.90784256,5
"218",218,5,1.15824,64.36196424,5
"219",219,5,1.18872,65.16526464,5
"220",220,5,1.2192,65.96859552,5
"221",221,5,1.24968,66.77189592,5
"222",222,5,1.28016,67.57519632,5
"223",223,5,1.31064,68.37849672,5
"224",224,5,1.34112,69.1818276,5
"225",225,5,1.3716,69.985128,5
"226",226,5,1.40208,70.7884284,5
"227",227,5,1.43256,71.59175928,5
"228",228,5,1.46304,72.07806768,5
"229",229,5,1.49352,72.48512808,5
"230",230,5,1.524,72.89221896,5
"231",231,6,0.1524,46.00069032,6
"232",232,6,0.18288,62.3177316,6
"233",233,6,0.21336,62.40965928,6
"234",234,6,0.24384,62.50155648,6
"235",235,6,0.27432,62.59348416,6
"236",236,6,0.3048,62.67029376,6
"237",237,6,0.33528,62.74335432,6
"238",238,6,0.36576,62.79669432,6
"239",239,6,0.39624,62.84156088,6
"240",240,6,0.42672,62.88642744,6
"241",241,6,0.4572,62.93132448,6
"242",242,6,0.48768,62.97619104,6
"243",243,6,0.51816,63.0210576,6
"244",244,6,0.54864,63.06592416,6
"245",245,6,0.57912,63.11079072,6
"246",246,6,0.6096,63.15565728,6
"247",247,6,0.64008,63.20052384,6
"248",248,6,0.67056,63.24542088,6
"249",249,6,0.70104,63.29028744,6
"250",250,6,0.73152,63.335154,6
"251",251,6,0.762,63.38002056,6
"252",252,6,0.79248,63.42488712,6
"253",253,6,0.82296,63.46975368,6
"254",254,6,0.85344,63.51462024,6
"255",255,6,0.88392,63.5594868,6
"256",256,6,0.9144,63.60438384,6
"257",257,6,0.94488,63.6492504,6
"258",258,6,0.97536,63.69411696,6
"259",259,6,1.00584,63.73898352,6
"260",260,6,1.03632,63.78385008,6
"261",261,6,1.0668,63.82871664,6
"262",262,6,1.09728,63.8735832,6
"263",263,6,1.12776,63.91848024,6
"264",264,6,1.15824,63.9633468,6
"265",265,6,1.18872,64.00821336,6
"266",266,6,1.2192,64.05307992,6
"267",267,6,1.24968,64.09794648,6
"268",268,6,1.28016,64.14491616,6
"269",269,6,1.31064,64.19670168,6
"270",270,6,1.34112,64.24851768,6
"271",271,6,1.3716,64.3003032,6
"272",272,6,1.40208,64.3521192,6
"273",273,6,1.43256,64.4039352,6
"274",274,6,1.46304,64.45572072,6
"275",275,6,1.49352,64.50753672,6
"276",276,6,1.524,64.55932224,6
"277",277,7,0.1524,7.9685388,7
"278",278,7,0.18288,9.56224656,7
"279",279,7,0.21336,11.15595432,7
"280",280,7,0.24384,12.74966208,7
"281",281,7,0.27432,14.34336984,7
"282",282,7,0.3048,15.92848224,7
"283",283,7,0.33528,17.5049688,7
"284",284,7,0.36576,19.37936688,7
"285",285,7,0.39624,21.81020784,7
"286",286,7,0.42672,25.46223,7
"287",287,7,0.4572,27.79340136,7
"288",288,7,0.48768,29.79441336,7
"289",289,7,0.51816,31.5655452,7
"290",290,7,0.54864,32.80035096,7
"291",291,7,0.57912,34.03515672,7
"292",292,7,0.6096,35.27002344,7
"293",293,7,0.64008,36.5048292,7
"294",294,7,0.67056,37.73963496,7
"295",295,7,0.70104,38.97444072,7
"296",296,7,0.73152,40.20924648,7
"297",297,7,0.762,41.50458552,7
"298",298,7,0.79248,42.84028008,7
"299",299,7,0.82296,44.17594416,7
"300",300,7,0.85344,45.51163872,7
"301",301,7,0.88392,46.95599448,7
"302",302,7,0.9144,48.50901144,7
"303",303,7,0.94488,50.06205888,7
"304",304,7,0.97536,51.61507584,7
"305",305,7,1.00584,53.16812328,7
"306",306,7,1.03632,54.70526016,7
"307",307,7,1.0668,56.2185312,7
"308",308,7,1.09728,57.62399448,7
"309",309,7,1.12776,58.26090456,7
"310",310,7,1.15824,58.75333944,7
"311",311,7,1.18872,59.24577432,7
"312",312,7,1.2192,59.7382092,7
"313",313,7,1.24968,60.23064408,7
"314",314,7,1.28016,60.72304848,7
"315",315,7,1.31064,61.21548336,7
"316",316,7,1.34112,61.70791824,7
"317",317,7,1.3716,62.20035312,7
"318",318,7,1.40208,62.69275752,7
"319",319,7,1.43256,63.1851924,7
"320",320,7,1.46304,63.67762728,7
"321",321,7,1.49352,64.17006216,7
"322",322,7,1.524,64.66246656,7
"323",323,8,0.1524,22.69894368,10
"324",324,8,0.18288,29.71016664,10
"325",325,8,0.21336,36.7213896,10
"326",326,8,0.24384,42.66136248,10
"327",327,8,0.27432,44.93206152,10
"328",328,8,0.3048,45.9261972,10
"329",329,8,0.33528,46.83319056,10
"330",330,8,0.36576,47.74018392,10
"331",331,8,0.39624,48.64720776,10
"332",332,8,0.42672,49.55420112,10
"333",333,8,0.4572,50.46119448,10
"334",334,8,0.48768,51.36818784,10
"335",335,8,0.51816,52.27521168,10
"336",336,8,0.54864,53.18220504,10
"337",337,8,0.57912,54.08922888,10
"338",338,8,0.6096,61.20768048,10
"339",339,8,0.64008,62.12811552,10
"340",340,8,0.67056,63.04852008,10
"341",341,8,0.70104,63.96895512,10
"342",342,8,0.73152,64.88935968,10
"343",343,8,0.762,65.80976424,10
"344",344,8,0.79248,66.7301688,10
"345",345,8,0.82296,67.65060384,10
"346",346,8,0.85344,68.5710084,10
"347",347,8,0.88392,69.49141296,10
"348",348,8,0.9144,70.41181752,10
"349",349,8,0.94488,71.33225256,10
"350",350,8,0.97536,72.22775496,10
"351",351,8,1.00584,73.10670672,10
"352",352,8,1.03632,73.985628,10
"353",353,8,1.0668,74.86457976,10
"354",354,8,1.09728,75.74350104,10
"355",355,8,1.12776,76.6224528,10
"356",356,8,1.15824,77.50137408,10
"357",357,8,1.18872,78.13529712,10
"358",358,8,1.2192,78.1975068,10
"359",359,8,1.24968,78.25974696,10
"360",360,8,1.28016,78.32195664,10
"361",361,8,1.31064,78.38416632,10
"362",362,8,1.34112,78.44640648,10
"363",363,8,1.3716,78.50861616,10
"364",364,8,1.40208,78.57082584,10
"365",365,8,1.43256,78.633066,10
"366",366,8,1.46304,78.69527568,10
"367",367,8,1.49352,78.75748536,10
"368",368,8,1.524,78.81972552,10
"369",369,9,0.1524,36.07298856,11
"370",370,9,0.18288,42.20394912,11
"371",371,9,0.21336,48.33494016,11
"372",372,9,0.24384,53.91902856,11
"373",373,9,0.27432,54.58117608,11
"374",374,9,0.3048,55.2433236,11
"375",375,9,0.33528,55.90547112,11
"376",376,9,0.36576,63.45344688,11
"377",377,9,0.39624,69.79761504,11
"378",378,9,0.42672,69.90941568,11
"379",379,9,0.4572,70.02121632,11
"380",380,9,0.48768,70.13301696,11
"381",381,9,0.51816,70.2448176,11
"382",382,9,0.54864,70.35658776,11
"383",383,9,0.57912,70.45686696,11
"384",384,9,0.6096,70.51096896,11
"385",385,9,0.64008,70.56507096,11
"386",386,9,0.67056,70.61917296,11
"387",387,9,0.70104,70.67327496,11
"388",388,9,0.73152,70.72737696,11
"389",389,9,0.762,70.78147896,11
"390",390,9,0.79248,70.83558096,11
"391",391,9,0.82296,70.88968296,11
"392",392,9,0.85344,70.94378496,11
"393",393,9,0.88392,71.01455952,11
"394",394,9,0.9144,71.11035816,11
"395",395,9,0.94488,71.20612632,11
"396",396,9,0.97536,71.30189448,11
"397",397,9,1.00584,71.39766264,11
"398",398,9,1.03632,71.4810864,11
"399",399,9,1.0668,71.55923712,11
"400",400,9,1.09728,71.63735736,11
"401",401,9,1.12776,71.71550808,11
"402",402,9,1.15824,71.79362832,11
"403",403,9,1.18872,71.87177904,11
"404",404,9,1.2192,71.94989928,11
"405",405,9,1.24968,72.02805,11
"406",406,9,1.28016,72.10617024,11
"407",407,9,1.31064,72.18432096,11
"408",408,9,1.34112,72.2624412,11
"409",409,9,1.3716,72.34059192,11
"410",410,9,1.40208,72.41871216,11
"411",411,9,1.43256,72.49686288,11
"412",412,9,1.46304,72.57498312,11
"413",413,9,1.49352,72.65313384,11
"414",414,9,1.524,72.73125408,11
"415",415,10,0.1524,83.775042,12
"416",416,10,0.18288,84.0345792,12
"417",417,10,0.21336,84.29414688,12
"418",418,10,0.24384,84.55371456,12
"419",419,10,0.27432,84.6895944,12
"420",420,10,0.3048,84.75982032,12
"421",421,10,0.33528,84.83004624,12
"422",422,10,0.36576,84.90027216,12
"423",423,10,0.39624,84.97052856,12
"424",424,10,0.42672,85.04075448,12
"425",425,10,0.4572,85.1109804,12
"426",426,10,0.48768,85.18120632,12
"427",427,10,0.51816,85.25143224,12
"428",428,10,0.54864,85.32165816,12
"429",429,10,0.57912,85.38719016,12
"430",430,10,0.6096,85.4496132,12
"431",431,10,0.64008,85.51200576,12
"432",432,10,0.67056,85.5744288,12
"433",433,10,0.70104,85.654896,12
"434",434,10,0.73152,85.76245992,12
"435",435,10,0.762,85.87002384,12
"436",436,10,0.79248,85.97758776,12
"437",437,10,0.82296,86.08515168,12
"438",438,10,0.85344,86.1927156,12
"439",439,10,0.88392,86.30027952,12
"440",440,10,0.9144,86.40784344,12
"441",441,10,0.94488,86.51540736,12
"442",442,10,0.97536,86.62297128,12
"443",443,10,1.00584,86.7305352,12
"444",444,10,1.03632,86.83809912,12
"445",445,10,1.0668,86.94566304,12
"446",446,10,1.09728,87.05322696,12
"447",447,10,1.12776,87.16079088,12
"448",448,10,1.15824,87.2683548,12
"449",449,10,1.18872,87.37591872,12
"450",450,10,1.2192,87.48348264,12
"451",451,10,1.24968,87.59107704,12
"452",452,10,1.28016,87.69864096,12
"453",453,10,1.31064,87.80620488,12
"454",454,10,1.34112,87.9137688,12
"455",455,10,1.3716,88.12075848,12
"456",456,10,1.40208,88.47691728,12
"457",457,10,1.43256,88.83307608,12
"458",458,10,1.46304,89.18923488,12
"459",459,10,1.49352,89.54539368,12
"460",460,10,1.524,89.90155248,12
"461",461,11,0.33528,28.26754824,13
"462",462,11,0.36576,57.17264664,13
"463",463,11,0.39624,60.2136972,13
"464",464,11,0.42672,60.38094096,13
"465",465,11,0.4572,60.54818472,13
"466",466,11,0.48768,60.71542848,13
"467",467,11,0.51816,60.88267224,13
"468",468,11,0.54864,61.0121208,13
"469",469,11,0.57912,61.05332976,13
"470",470,11,0.6096,61.09453872,13
"471",471,11,0.64008,61.13577816,13
"472",472,11,0.67056,61.17698712,13
"473",473,11,0.70104,61.21819608,13
"474",474,11,0.73152,61.25943552,13
"475",475,11,0.762,61.30390584,13
"476",476,11,0.79248,61.35054024,13
"477",477,11,0.82296,61.39717464,13
"478",478,11,0.85344,61.44377856,13
"479",479,11,0.88392,61.49041296,13
"480",480,11,0.9144,61.53704736,13
"481",481,11,0.94488,61.58368176,13
"482",482,11,0.97536,61.63031616,13
"483",483,11,1.00584,61.67695056,13
"484",484,11,1.03632,61.72358496,13
"485",485,11,1.0668,61.77021936,13
"486",486,11,1.09728,61.81685376,13
"487",487,11,1.12776,61.86348816,13
"488",488,11,1.15824,61.91009208,13
"489",489,11,1.18872,61.95672648,13
"490",490,11,1.2192,62.00336088,13
"491",491,11,1.24968,62.04999528,13
"492",492,11,1.28016,62.09662968,13
"493",493,11,1.31064,62.14326408,13
"494",494,11,1.34112,62.18989848,13
"495",495,11,1.3716,62.23653288,13
"496",496,11,1.40208,62.28316728,13
"497",497,11,1.43256,62.32980168,13
"498",498,11,1.46304,62.37643608,13
"499",499,11,1.49352,62.42304,13
"500",500,11,1.524,62.47781256,13
"501",501,12,0.1524,16.1028888,14
"502",502,12,0.18288,20.9144616,14
"503",503,12,0.21336,24.97055712,14
"504",504,12,0.24384,27.89343672,14
"505",505,12,0.27432,30.81628584,14
"506",506,12,0.3048,33.73916544,14
"507",507,12,0.33528,36.66204504,14
"508",508,12,0.36576,39.58489416,14
"509",509,12,0.39624,42.50777376,14
"510",510,12,0.42672,45.43065336,14
"511",511,12,0.4572,48.35353296,14
"512",512,12,0.48768,51.18881304,14
"513",513,12,0.51816,53.93655456,14
"514",514,12,0.54864,56.15559,14
"515",515,12,0.57912,57.38521416,14
"516",516,12,0.6096,58.61489928,14
"517",517,12,0.64008,59.84455392,14
"518",518,12,0.67056,61.07417808,14
"519",519,12,0.70104,62.3038632,14
"520",520,12,0.73152,63.53348736,14
"521",521,12,0.762,64.763142,14
"522",522,12,0.79248,65.99282712,14
"523",523,12,0.82296,67.22245128,14
"524",524,12,0.85344,68.45210592,14
"525",525,12,0.88392,69.68179104,14
"526",526,12,0.9144,70.9114152,14
"527",527,12,0.94488,72.14110032,14
"528",528,12,0.97536,73.37075496,14
"529",529,12,1.00584,74.60037912,14
"530",530,12,1.03632,75.83006424,14
"531",531,12,1.0668,77.0522208,14
"532",532,12,1.09728,78.28196688,14
"533",533,12,1.12776,79.54496664,14
"534",534,12,1.15824,80.80799688,14
"535",535,12,1.18872,82.0710576,14
"536",536,12,1.2192,83.33408784,14
"537",537,12,1.24968,84.00726912,14
"538",538,12,1.28016,84.09060144,14
"539",539,12,1.31064,84.17393376,14
"540",540,12,1.34112,84.2572356,14
"541",541,12,1.3716,84.34056792,14
"542",542,12,1.40208,84.42390024,14
"543",543,12,1.43256,84.50723256,14
"544",544,12,1.46304,84.5905344,14
"545",545,12,1.49352,84.67386672,14
"546",546,12,1.524,84.75719904,14
"547",547,13,0.1524,7.94473392,16
"548",548,13,0.18288,9.03966696,16
"549",549,13,0.21336,10.13463048,16
"550",550,13,0.24384,11.22956352,16
"551",551,13,0.27432,12.64871232,16
"552",552,13,0.3048,14.57349384,16
"553",553,13,0.33528,16.49830584,16
"554",554,13,0.36576,18.42311784,16
"555",555,13,0.39624,20.34789936,16
"556",556,13,0.42672,22.21644528,16
"557",557,13,0.4572,23.85992688,16
"558",558,13,0.48768,25.50340848,16
"559",559,13,0.51816,27.14689008,16
"560",560,13,0.54864,28.79037168,16
"561",561,13,0.57912,31.30079592,16
"562",562,13,0.6096,33.81122016,16
"563",563,13,0.64008,36.3216444,16
"564",564,13,0.67056,38.83206864,16
"565",565,13,0.70104,41.34249288,16
"566",566,13,0.73152,42.78864696,16
"567",567,13,0.762,44.11656912,16
"568",568,13,0.79248,45.44449128,16
"569",569,13,0.82296,46.77238296,16
"570",570,13,0.85344,48.10030512,16
"571",571,13,0.88392,49.42822728,16
"572",572,13,0.9144,49.77889968,16
"573",573,13,0.94488,50.12957208,16
"574",574,13,0.97536,50.48024448,16
"575",575,13,1.00584,50.8308864,16
"576",576,13,1.03632,51.1815588,16
"577",577,13,1.0668,51.39574176,16
"578",578,13,1.09728,51.59477616,16
"579",579,13,1.12776,51.79378008,16
"580",580,13,1.15824,51.992784,16
"581",581,13,1.18872,52.1918184,16
"582",582,13,1.2192,52.39082232,16
"583",583,13,1.24968,52.58985672,16
"584",584,13,1.28016,52.78886064,16
"585",585,13,1.31064,52.98786456,16
"586",586,13,1.34112,53.18689896,16
"587",587,13,1.3716,53.38590288,16
"588",588,13,1.40208,53.5849068,16
"589",589,13,1.43256,53.7839412,16
"590",590,13,1.46304,53.98294512,16
"591",591,13,1.49352,54.18197952,16
"592",592,13,1.524,54.38098344,16
"593",593,14,0.1524,8.05558968,17
"594",594,14,0.18288,9.66670152,17
"595",595,14,0.21336,11.27781336,17
"596",596,14,0.24384,12.88895568,17
"597",597,14,0.27432,14.8126704,17
"598",598,14,0.3048,17.2053504,17
"599",599,14,0.33528,19.5980304,17
"600",600,14,0.36576,21.9907104,17
"601",601,14,0.39624,24.3833904,17
"602",602,14,0.42672,27.31126872,17
"603",603,14,0.4572,30.23914704,17
"604",604,14,0.48768,32.95653048,17
"605",605,14,0.51816,33.8666328,17
"606",606,14,0.54864,34.90301376,17
"607",607,14,0.57912,35.93936424,17
"608",608,14,0.6096,36.97571472,17
"609",609,14,0.64008,38.01209568,17
"610",610,14,0.67056,39.04844616,17
"611",611,14,0.70104,40.08479664,17
"612",612,14,0.73152,41.11971456,17
"613",613,14,0.762,42.26140392,17
"614",614,14,0.79248,42.94284528,17
"615",615,14,0.82296,43.26977376,17
"616",616,14,0.85344,43.59667176,17
"617",617,14,0.88392,43.92360024,17
"618",618,14,0.9144,44.25052872,17
"619",619,14,0.94488,44.5774572,17
"620",620,14,0.97536,44.9043552,17
"621",621,14,1.00584,45.23128368,17
"622",622,14,1.03632,46.04385,17
"623",623,14,1.0668,46.85641632,17
"624",624,14,1.09728,47.66898264,17
"625",625,14,1.12776,48.6800652,17
"626",626,14,1.15824,49.889664,17
"627",627,14,1.18872,51.0992628,17
"628",628,14,1.2192,52.3088616,17
"629",629,14,1.24968,53.33417832,17
"630",630,14,1.28016,53.92945272,17
"631",631,14,1.31064,54.17426808,17
"632",632,14,1.34112,54.38016048,17
"633",633,14,1.3716,54.5860224,17
"634",634,14,1.40208,54.7919148,17
"635",635,14,1.43256,54.9978072,17
"636",636,14,1.46304,55.2036996,17
"637",637,14,1.49352,55.40956152,17
"638",638,14,1.524,55.61545392,17
"639",639,15,0.1524,15.93506592,18
"640",640,15,0.18288,19.1220852,18
"641",641,15,0.21336,37.66117944,18
"642",642,15,0.24384,37.96942368,18
"643",643,15,0.27432,38.2776984,18
"644",644,15,0.3048,38.58594264,18
"645",645,15,0.33528,38.89421736,18
"646",646,15,0.36576,39.2024616,18
"647",647,15,0.39624,39.43816344,18
"648",648,15,0.42672,39.59013672,18
"649",649,15,0.4572,39.74214048,18
"650",650,15,0.48768,39.89411376,18
"651",651,15,0.51816,42.90782376,18
"652",652,15,0.54864,45.92150328,18
"653",653,15,0.57912,48.9351828,18
"654",654,15,0.6096,51.94886232,18
"655",655,15,0.64008,54.96254184,18
"656",656,15,0.67056,57.4013076,18
"657",657,15,0.70104,57.54026592,18
"658",658,15,0.73152,57.67925472,18
"659",659,15,0.762,57.81824352,18
"660",660,15,0.79248,57.95720184,18
"661",661,15,0.82296,58.09619064,18
"662",662,15,0.85344,58.23517944,18
"663",663,15,0.88392,58.37413776,18
"664",664,15,0.9144,58.51312656,18
"665",665,15,0.94488,76.52741616,18
"666",666,15,0.97536,76.76107584,18
"667",667,15,1.00584,76.994766,18
"668",668,15,1.03632,77.22845616,18
"669",669,15,1.0668,77.46211584,18
"670",670,15,1.09728,77.695806,18
"671",671,15,1.12776,77.92946568,18
"672",672,15,1.15824,78.16315584,18
"673",673,15,1.18872,78.396846,18
"674",674,15,1.2192,78.63050568,18
"675",675,15,1.24968,78.86419584,18
"676",676,15,1.28016,79.097886,18
"677",677,15,1.31064,79.33154568,18
"678",678,15,1.34112,79.56523584,18
"679",679,15,1.3716,79.798926,18
"680",680,15,1.40208,80.03258568,18
"681",681,15,1.43256,80.42266872,18
"682",682,15,1.46304,80.8797468,18
"683",683,15,1.49352,81.33685536,18
"684",684,15,1.524,81.79396392,18
"685",685,16,0.1524,8.39550264,19
"686",686,16,0.18288,15.97468992,19
"687",687,16,0.21336,17.80812288,19
"688",688,16,0.24384,18.0412644,19
"689",689,16,0.27432,18.27437544,19
"690",690,16,0.3048,18.50751696,19
"691",691,16,0.33528,18.740628,19
"692",692,16,0.36576,18.97376952,19
"693",693,16,0.39624,19.20688056,19
"694",694,16,0.42672,19.44002208,19
"695",695,16,0.4572,19.65892944,19
"696",696,16,0.48768,19.71702432,19
"697",697,16,0.51816,19.75311264,19
"698",698,16,0.54864,19.78923144,19
"699",699,16,0.57912,19.82535024,19
"700",700,16,0.6096,19.86146904,19
"701",701,16,0.64008,19.89758784,19
"702",702,16,0.67056,19.93367616,19
"703",703,16,0.70104,19.96979496,19
"704",704,16,0.73152,20.01136968,19
"705",705,16,0.762,20.06562408,19
"706",706,16,0.79248,20.11987848,19
"707",707,16,0.82296,20.17413288,19
"708",708,16,0.85344,20.22841776,19
"709",709,16,0.88392,20.28267216,19
"710",710,16,0.9144,20.33692656,19
"711",711,16,0.94488,20.39118096,19
"712",712,16,0.97536,20.44546584,19
"713",713,16,1.00584,20.49972024,19
"714",714,16,1.03632,20.55839424,19
"715",715,16,1.0668,20.62734,19
"716",716,16,1.09728,20.69628576,19
"717",717,16,1.12776,20.76523152,19
"718",718,16,1.15824,20.83417728,19
"719",719,16,1.18872,20.90312304,19
"720",720,16,1.2192,20.9720688,19
"721",721,16,1.24968,21.04104504,19
"722",722,16,1.28016,21.1099908,19
"723",723,16,1.31064,21.17893656,19
"724",724,16,1.34112,21.24788232,19
"725",725,16,1.3716,21.31682808,19
"726",726,16,1.40208,21.39324144,19
"727",727,16,1.43256,21.48705888,19
"728",728,16,1.46304,21.5809068,19
"729",729,16,1.49352,21.67472424,19
"730",730,16,1.524,21.76854168,19
"731",731,17,0.1524,40.54483128,21
"732",732,17,0.18288,41.27717424,21
"733",733,17,0.21336,42.0095172,21
"734",734,17,0.24384,42.64356216,21
"735",735,17,0.27432,42.95098344,21
"736",736,17,0.3048,43.150536,21
"737",737,17,0.33528,43.35011904,21
"738",738,17,0.36576,43.54970208,21
"739",739,17,0.39624,43.70700936,21
"740",740,17,0.42672,43.8361836,21
"741",741,17,0.4572,43.96535784,21
"742",742,17,0.48768,44.09453208,21
"743",743,17,0.51816,44.22370632,21
"744",744,17,0.54864,44.35288056,21
"745",745,17,0.57912,44.56691112,21
"746",746,17,0.6096,44.79039048,21
"747",747,17,0.64008,45.01390032,21
"748",748,17,0.67056,45.23737968,21
"749",749,17,0.70104,45.46085904,21
"750",750,17,0.73152,45.6843384,21
"751",751,17,0.762,45.90781776,21
"752",752,17,0.79248,46.13129712,21
"753",753,17,0.82296,46.35861696,21
"754",754,17,0.85344,46.58980776,21
"755",755,17,0.88392,47.109126,21
"756",756,17,0.9144,48.0607116,21
"757",757,17,0.94488,49.01226672,21
"758",758,17,0.97536,49.96382184,21
"759",759,17,1.00584,50.95743936,21
"760",760,17,1.03632,52.11939792,21
"761",761,17,1.0668,52.65352944,21
"762",762,17,1.09728,53.11789224,21
"763",763,17,1.12776,53.58228552,21
"764",764,17,1.15824,54.0466788,21
"765",765,17,1.18872,54.5110416,21
"766",766,17,1.2192,54.97543488,21
"767",767,17,1.24968,55.43982816,21
"768",768,17,1.28016,55.90419096,21
"769",769,17,1.31064,56.36858424,21
"770",770,17,1.34112,56.83297752,21
"771",771,17,1.3716,57.2973708,21
"772",772,17,1.40208,57.7617336,21
"773",773,17,1.43256,58.22612688,21
"774",774,17,1.46304,58.69052016,21
"775",775,17,1.49352,59.15488296,21
"776",776,17,1.524,59.61927624,21
"777",777,18,0.1524,12.51850176,22
"778",778,18,0.18288,13.980414,22
"779",779,18,0.21336,15.44226528,22
"780",780,18,0.24384,16.90417752,22
"781",781,18,0.27432,18.36605928,22
"782",782,18,0.3048,19.82794104,22
"783",783,18,0.33528,21.22785696,22
"784",784,18,0.36576,22.0699584,22
"785",785,18,0.39624,22.91205984,22
"786",786,18,0.42672,23.75419176,22
"787",787,18,0.4572,24.21959088,22
"788",788,18,0.48768,24.39247344,22
"789",789,18,0.51816,24.51350952,22
"790",790,18,0.54864,24.6345456,22
"791",791,18,0.57912,24.75558168,22
"792",792,18,0.6096,24.87658728,22
"793",793,18,0.64008,24.99759288,22
"794",794,18,0.67056,25.11381312,22
"795",795,18,0.70104,25.21875576,22
"796",796,18,0.73152,25.31522496,22
"797",797,18,0.762,25.40959104,22
"798",798,18,0.79248,25.50395712,22
"799",799,18,0.82296,25.59829272,22
"800",800,18,0.85344,25.6926588,22
"801",801,18,0.88392,25.78702488,22
"802",802,18,0.9144,25.88139096,22
"803",803,18,0.94488,25.97575704,22
"804",804,18,0.97536,26.07009264,22
"805",805,18,1.00584,26.16445872,22
"806",806,18,1.03632,26.2588248,22
"807",807,18,1.0668,26.3597136,22
"808",808,18,1.09728,26.46130344,22
"809",809,18,1.12776,26.5736832,22
"810",810,18,1.15824,26.71117848,22
"811",811,18,1.18872,26.84867376,22
"812",812,18,1.2192,26.98619952,22
"813",813,18,1.24968,28.66266048,22
"814",814,18,1.28016,30.0081696,22
"815",815,18,1.31064,30.69332952,22
"816",816,18,1.34112,31.43926656,22
"817",817,18,1.3716,32.18517312,22
"818",818,18,1.40208,32.93107968,22
"819",819,18,1.43256,33.67698624,22
"820",820,18,1.46304,34.42292328,22
"821",821,18,1.49352,35.10494376,22
"822",822,18,1.524,35.21229432,22
"823",823,19,0.1524,31.5294264,23
"824",824,19,0.18288,31.96340064,23
"825",825,19,0.21336,32.39737488,23
"826",826,19,0.24384,32.8313796,23
"827",827,19,0.27432,33.24968712,23
"828",828,19,0.3048,33.6054192,23
"829",829,19,0.33528,33.71359272,23
"830",830,19,0.36576,33.82176624,23
"831",831,19,0.39624,33.92997024,23
"832",832,19,0.42672,34.03814376,23
"833",833,19,0.4572,34.14634776,23
"834",834,19,0.48768,34.25452128,23
"835",835,19,0.51816,34.3626948,23
"836",836,19,0.54864,34.4708988,23
"837",837,19,0.57912,34.57907232,23
"838",838,19,0.6096,34.7196156,23
"839",839,19,0.64008,34.86375552,23
"840",840,19,0.67056,35.00789544,23
"841",841,19,0.70104,35.15200488,23
"842",842,19,0.73152,35.2961448,23
"843",843,19,0.762,35.44028472,23
"844",844,19,0.79248,35.58442464,23
"845",845,19,0.82296,35.72856456,23
"846",846,19,0.85344,35.87270448,23
"847",847,19,0.88392,36.18942216,23
"848",848,19,0.9144,36.16098432,23
"849",849,19,0.94488,36.30512424,23
"850",850,19,0.97536,36.44923368,23
"851",851,19,1.00584,36.5933736,23
"852",852,19,1.03632,36.73751352,23
"853",853,20,0.1524,13.15657008,26
"854",854,20,0.18288,13.39836792,26
"855",855,20,0.21336,13.64019624,26
"856",856,20,0.24384,13.88199408,26
"857",857,20,0.27432,14.12379192,26
"858",858,20,0.3048,14.36558976,26
"859",859,20,0.33528,14.6073876,26
"860",860,20,0.36576,14.84921592,26
"861",861,20,0.39624,15.04465368,26
"862",862,20,0.42672,15.41760696,26
"863",863,20,0.4572,15.97322688,26
"864",864,20,0.48768,17.40630504,26
"865",865,20,0.51816,18.93685824,26
"866",866,20,0.54864,20.46744192,26
"867",867,20,0.57912,21.99799512,26
"868",868,20,0.6096,23.5285788,26
"869",869,20,0.64008,25.059132,26
"870",870,20,0.67056,26.58715536,26
"871",871,20,0.70104,27.28734192,26
"872",872,20,0.73152,27.43742544,26
"873",873,20,0.762,27.58750896,26
"874",874,20,0.79248,27.737562,26
"875",875,20,0.82296,27.88764552,26
"876",876,20,0.85344,28.03772904,26
"877",877,20,0.88392,29.43008592,26
"878",878,20,0.9144,33.32527752,26
"879",879,20,0.94488,33.6570828,26
"880",880,20,0.97536,33.9888576,26
"881",881,20,1.00584,34.3206324,26
"882",882,20,1.03632,34.65243768,26
"883",883,20,1.0668,34.98424296,26
"884",884,20,1.09728,35.31601776,26
"885",885,20,1.12776,35.64779256,26
"886",886,20,1.15824,35.97959784,26
"887",887,20,1.18872,36.31137264,26
"888",888,20,1.2192,36.64314744,26
"889",889,20,1.24968,37.3407432,26
"890",890,20,1.28016,38.40406848,26
"891",891,20,1.31064,39.46739376,26
"892",892,20,1.34112,40.53071904,26
"893",893,20,1.3716,41.59678752,26
"894",894,20,1.40208,42.67373736,26
"895",895,20,1.43256,43.45375104,26
"896",896,20,1.46304,43.54095432,26
"897",897,20,1.49352,43.62812712,26
"898",898,20,1.524,43.7153304,26
"899",899,21,0.1524,18.07451808,27
"900",900,21,0.18288,23.09116032,27
"901",901,21,0.21336,28.10777208,27
"902",902,21,0.24384,33.12441432,27
"903",903,21,0.27432,38.46195,27
"904",904,21,0.3048,42.09879312,27
"905",905,21,0.33528,45.96228552,27
"906",906,21,0.36576,49.79508456,27
"907",907,21,0.39624,53.29522488,27
"908",908,21,0.42672,58.43848104,27
"909",909,21,0.4572,64.84217664,27
"910",910,21,0.48768,71.24587224,27
"911",911,21,0.51816,77.64630648,27
"912",912,21,0.54864,84.03363432,27
"913",913,21,0.57912,90.4209012,27
"914",914,21,0.6096,96.80822904,27
"915",915,21,0.64008,103.19549592,27
"916",916,21,0.67056,109.58288472,27
"917",917,21,0.70104,115.9701516,27
"918",918,21,0.73152,123.7553532,27
"919",919,21,0.762,131.69588088,27
