"","Section","H","Tw","SurveyXS"
"1",1,0.5,96.8452,1
"2",1,0.6,185.0482,1
"3",1,0.7,211.0347,1
"4",1,0.8,216.4955,1
"5",1,0.9,220.1349,1
"6",1,1,222.5599,1
"7",1,1.1,224.985,1
"8",1,1.2,231.2674,1
"9",1,1.3,246.5504,1
"10",1,1.4,260.3883,1
"11",1,1.5,261.1489,1
"12",1,1.6,261.9095,1
"13",1,1.7,262.6702,1
"14",1,1.8,263.4308,1
"15",1,1.9,264.1914,1
"16",1,2,264.9729,1
"17",1,2.1,265.9408,1
"18",1,2.2,266.8512,1
"19",1,2.3,267.6591,1
"20",1,2.4,268.467,1
"21",1,2.5,269.2749,1
"22",1,2.6,270.0829,1
"23",1,2.7,270.8908,1
"24",1,2.8,271.6987,1
"25",1,2.9,272.5067,1
"26",1,3,273.3146,1
"27",1,3.1,274.1225,1
"28",1,3.2,274.9305,1
"29",1,3.3,278.2251,1
"30",1,3.4,283.1776,1
"31",1,3.5,288.1301,1
"32",1,3.6,295.2742,1
"33",1,3.7,311.1842,1
"34",1,3.8,327.1926,1
"35",1,3.9,343.6476,1
"36",1,4,360.1028,1
"37",1,4.1,376.5579,1
"38",1,4.2,384.2594,1
"39",1,4.3,393.3639,1
"40",1,4.4,434.7898,1
"41",1,4.5,447.7994,1
"42",1,4.6,448.6305,1
"43",1,4.7,449.4616,1
"44",1,4.8,450.2927,1
"45",1,4.9,451.1238,1
"46",1,5,451.9549,1
"47",2,0.5,195.5212,2
"48",2,0.6,195.9695,2
"49",2,0.7,196.3808,2
"50",2,0.8,196.7367,2
"51",2,0.9,197.0926,2
"52",2,1,197.4485,2
"53",2,1.1,197.7582,2
"54",2,1.2,198.0627,2
"55",2,1.3,198.3673,2
"56",2,1.4,198.652,2
"57",2,1.5,198.8903,2
"58",2,1.6,199.1287,2
"59",2,1.7,199.367,2
"60",2,1.8,199.6053,2
"61",2,1.9,199.8437,2
"62",2,2,200.082,2
"63",2,2.1,200.3203,2
"64",2,2.2,200.5587,2
"65",2,2.3,200.797,2
"66",2,2.4,201.0349,2
"67",2,2.5,201.2719,2
"68",2,2.6,201.5089,2
"69",2,2.7,201.7459,2
"70",2,2.8,201.9829,2
"71",2,2.9,202.2199,2
"72",2,3,202.4569,2
"73",2,3.1,202.6939,2
"74",2,3.2,202.9309,2
"75",2,3.3,203.1679,2
"76",2,3.4,203.4049,2
"77",2,3.5,203.6419,2
"78",2,3.6,203.8482,2
"79",2,3.7,204.0239,2
"80",2,3.8,204.1996,2
"81",2,3.9,204.3753,2
"82",2,4,204.5509,2
"83",2,4.1,204.7262,2
"84",2,4.2,204.8978,2
"85",2,4.3,205.0693,2
"86",2,4.4,205.2409,2
"87",2,4.5,205.4125,2
"88",2,4.6,205.584,2
"89",2,4.7,205.7556,2
"90",2,4.8,205.9272,2
"91",2,4.9,206.0987,2
"92",2,5,206.2703,2
"93",3,0.5,79.1812,3
"94",3,0.6,95.0175,3
"95",3,0.7,137.0201,3
"96",3,0.8,204.1031,3
"97",3,0.9,241.6933,3
"98",3,1,243.2114,3
"99",3,1.1,244.1084,3
"100",3,1.2,244.7538,3
"101",3,1.3,245.3992,3
"102",3,1.4,246.0445,3
"103",3,1.5,246.6899,3
"104",3,1.6,247.3077,3
"105",3,1.7,247.6774,3
"106",3,1.8,248.0472,3
"107",3,1.9,248.4169,3
"108",3,2,248.7866,3
"109",3,2.1,249.1564,3
"110",3,2.2,249.5316,3
"111",3,2.3,249.9075,3
"112",3,2.4,250.2197,3
"113",3,2.5,250.3836,3
"114",3,2.6,250.5474,3
"115",3,2.7,250.7112,3
"116",3,2.8,250.875,3
"117",3,2.9,251.0388,3
"118",3,3,251.2026,3
"119",3,3.1,251.3664,3
"120",3,3.2,251.5302,3
"121",3,3.3,251.694,3
"122",3,3.4,251.8578,3
"123",3,3.5,252.37,3
"124",3,3.6,253.0314,3
"125",3,3.7,253.6929,3
"126",3,3.8,254.3543,3
"127",3,3.9,254.7303,3
"128",3,4,254.9839,3
"129",3,4.1,255.2376,3
"130",3,4.2,255.4912,3
"131",3,4.3,255.7448,3
"132",3,4.4,255.9984,3
"133",3,4.5,256.252,3
"134",3,4.6,256.4992,3
"135",3,4.7,256.6808,3
"136",3,4.8,256.9418,3
"137",3,4.9,257.1631,3
"138",3,5,257.3844,3
"139",4,0.5,210.4427,4
"140",4,0.6,210.6276,4
"141",4,0.7,210.8125,4
"142",4,0.8,210.9974,4
"143",4,0.9,211.1823,4
"144",4,1,211.3672,4
"145",4,1.1,211.5521,4
"146",4,1.2,211.737,4
"147",4,1.3,211.9219,4
"148",4,1.4,212.1068,4
"149",4,1.5,212.8442,4
"150",4,1.6,213.9089,4
"151",4,1.7,214.9836,4
"152",4,1.8,216.0584,4
"153",4,1.9,217.1332,4
"154",4,2,218.2079,4
"155",4,2.1,219.2827,4
"156",4,2.2,220.3574,4
"157",4,2.3,221.4322,4
"158",4,2.4,222.5069,4
"159",4,2.5,223.5817,4
"160",4,2.6,224.6565,4
"161",4,2.7,225.7312,4
"162",4,2.8,226.806,4
"163",4,2.9,227.1938,4
"164",4,3,227.5053,4
"165",4,3.1,227.8168,4
"166",4,3.2,228.1284,4
"167",4,3.3,228.4399,4
"168",4,3.4,228.7514,4
"169",4,3.5,229.0629,4
"170",4,3.6,229.3744,4
"171",4,3.7,229.6859,4
"172",4,3.8,229.9974,4
"173",4,3.9,230.3089,4
"174",4,4,230.6205,4
"175",4,4.1,230.932,4
"176",4,4.2,231.3835,4
"177",4,4.3,231.9284,4
"178",4,4.4,232.4732,4
"179",4,4.5,233.0181,4
"180",4,4.6,233.563,4
"181",4,4.7,234.1078,4
"182",4,4.8,234.6527,4
"183",4,4.9,235.1976,4
"184",4,5,235.7424,4
"185",5,0.5,29.7644,5
"186",5,0.6,35.7173,5
"187",5,0.7,41.6701,5
"188",5,0.8,47.623,5
"189",5,0.9,53.5759,5
"190",5,1,59.5288,5
"191",5,1.1,65.4816,5
"192",5,1.2,71.4345,5
"193",5,1.3,77.3874,5
"194",5,1.4,83.3403,5
"195",5,1.5,87.1938,5
"196",5,1.6,90.5225,5
"197",5,1.7,93.8512,5
"198",5,1.8,97.18,5
"199",5,1.9,100.5087,5
"200",5,2,103.8374,5
"201",5,2.1,107.1661,5
"202",5,2.2,110.4948,5
"203",5,2.3,113.8235,5
"204",5,2.4,117.5418,5
"205",5,2.5,123.1243,5
"206",5,2.6,128.8707,5
"207",5,2.7,134.6171,5
"208",5,2.8,140.3635,5
"209",5,2.9,146.1099,5
"210",5,3,151.8562,5
"211",5,3.1,157.6026,5
"212",5,3.2,163.349,5
"213",5,3.3,169.0954,5
"214",5,3.4,174.8417,5
"215",5,3.5,180.5881,5
"216",5,3.6,186.3345,5
"217",5,3.7,193.2672,5
"218",5,3.8,211.1613,5
"219",5,3.9,213.7968,5
"220",5,4,216.4324,5
"221",5,4.1,219.0679,5
"222",5,4.2,221.7034,5
"223",5,4.3,224.3389,5
"224",5,4.4,226.9745,5
"225",5,4.5,229.61,5
"226",5,4.6,232.2455,5
"227",5,4.7,234.8811,5
"228",5,4.8,236.4766,5
"229",5,4.9,237.8121,5
"230",5,5,239.1477,5
"231",6,0.5,150.9209,6
"232",6,0.6,204.4545,6
"233",6,0.7,204.7561,6
"234",6,0.8,205.0576,6
"235",6,0.9,205.3592,6
"236",6,1,205.6112,6
"237",6,1.1,205.8509,6
"238",6,1.2,206.0259,6
"239",6,1.3,206.1731,6
"240",6,1.4,206.3203,6
"241",6,1.5,206.4676,6
"242",6,1.6,206.6148,6
"243",6,1.7,206.762,6
"244",6,1.8,206.9092,6
"245",6,1.9,207.0564,6
"246",6,2,207.2036,6
"247",6,2.1,207.3508,6
"248",6,2.2,207.4981,6
"249",6,2.3,207.6453,6
"250",6,2.4,207.7925,6
"251",6,2.5,207.9397,6
"252",6,2.6,208.0869,6
"253",6,2.7,208.2341,6
"254",6,2.8,208.3813,6
"255",6,2.9,208.5285,6
"256",6,3,208.6758,6
"257",6,3.1,208.823,6
"258",6,3.2,208.9702,6
"259",6,3.3,209.1174,6
"260",6,3.4,209.2646,6
"261",6,3.5,209.4118,6
"262",6,3.6,209.559,6
"263",6,3.7,209.7063,6
"264",6,3.8,209.8535,6
"265",6,3.9,210.0007,6
"266",6,4,210.1479,6
"267",6,4.1,210.2951,6
"268",6,4.2,210.4492,6
"269",6,4.3,210.6191,6
"270",6,4.4,210.7891,6
"271",6,4.5,210.959,6
"272",6,4.6,211.129,6
"273",6,4.7,211.299,6
"274",6,4.8,211.4689,6
"275",6,4.9,211.6389,6
"276",6,5,211.8088,6
"277",7,0.5,26.1435,7
"278",7,0.6,31.3722,7
"279",7,0.7,36.6009,7
"280",7,0.8,41.8296,7
"281",7,0.9,47.0583,7
"282",7,1,52.2588,7
"283",7,1.1,57.431,7
"284",7,1.2,63.5806,7
"285",7,1.3,71.5558,7
"286",7,1.4,83.5375,7
"287",7,1.5,91.1857,7
"288",7,1.6,97.7507,7
"289",7,1.7,103.5615,7
"290",7,1.8,107.6127,7
"291",7,1.9,111.6639,7
"292",7,2,115.7153,7
"293",7,2.1,119.7665,7
"294",7,2.2,123.8177,7
"295",7,2.3,127.8689,7
"296",7,2.4,131.9201,7
"297",7,2.5,136.1699,7
"298",7,2.6,140.5521,7
"299",7,2.7,144.9342,7
"300",7,2.8,149.3164,7
"301",7,2.9,154.0551,7
"302",7,3,159.1503,7
"303",7,3.1,164.2456,7
"304",7,3.2,169.3408,7
"305",7,3.3,174.4361,7
"306",7,3.4,179.4792,7
"307",7,3.5,184.444,7
"308",7,3.6,189.0551,7
"309",7,3.7,191.1447,7
"310",7,3.8,192.7603,7
"311",7,3.9,194.3759,7
"312",7,4,195.9915,7
"313",7,4.1,197.6071,7
"314",7,4.2,199.2226,7
"315",7,4.3,200.8382,7
"316",7,4.4,202.4538,7
"317",7,4.5,204.0694,7
"318",7,4.6,205.6849,7
"319",7,4.7,207.3005,7
"320",7,4.8,208.9161,7
"321",7,4.9,210.5317,7
"322",7,5,212.1472,7
"323",8,0.5,74.4716,10
"324",8,0.6,97.4743,10
"325",8,0.7,120.477,10
"326",8,0.8,139.9651,10
"327",8,0.9,147.4149,10
"328",8,1,150.6765,10
"329",8,1.1,153.6522,10
"330",8,1.2,156.6279,10
"331",8,1.3,159.6037,10
"332",8,1.4,162.5794,10
"333",8,1.5,165.5551,10
"334",8,1.6,168.5308,10
"335",8,1.7,171.5066,10
"336",8,1.8,174.4823,10
"337",8,1.9,177.4581,10
"338",8,2,200.8126,10
"339",8,2.1,203.8324,10
"340",8,2.2,206.8521,10
"341",8,2.3,209.8719,10
"342",8,2.4,212.8916,10
"343",8,2.5,215.9113,10
"344",8,2.6,218.931,10
"345",8,2.7,221.9508,10
"346",8,2.8,224.9705,10
"347",8,2.9,227.9902,10
"348",8,3,231.0099,10
"349",8,3.1,234.0297,10
"350",8,3.2,236.9677,10
"351",8,3.3,239.8514,10
"352",8,3.4,242.735,10
"353",8,3.5,245.6187,10
"354",8,3.6,248.5023,10
"355",8,3.7,251.386,10
"356",8,3.8,254.2696,10
"357",8,3.9,256.3494,10
"358",8,4,256.5535,10
"359",8,4.1,256.7577,10
"360",8,4.2,256.9618,10
"361",8,4.3,257.1659,10
"362",8,4.4,257.3701,10
"363",8,4.5,257.5742,10
"364",8,4.6,257.7783,10
"365",8,4.7,257.9825,10
"366",8,4.8,258.1866,10
"367",8,4.9,258.3907,10
"368",8,5,258.5949,10
"369",9,0.5,118.3497,11
"370",9,0.6,138.4644,11
"371",9,0.7,158.5792,11
"372",9,0.8,176.8997,11
"373",9,0.9,179.0721,11
"374",9,1,181.2445,11
"375",9,1.1,183.4169,11
"376",9,1.2,208.1806,11
"377",9,1.3,228.9948,11
"378",9,1.4,229.3616,11
"379",9,1.5,229.7284,11
"380",9,1.6,230.0952,11
"381",9,1.7,230.462,11
"382",9,1.8,230.8287,11
"383",9,1.9,231.1577,11
"384",9,2,231.3352,11
"385",9,2.1,231.5127,11
"386",9,2.2,231.6902,11
"387",9,2.3,231.8677,11
"388",9,2.4,232.0452,11
"389",9,2.5,232.2227,11
"390",9,2.6,232.4002,11
"391",9,2.7,232.5777,11
"392",9,2.8,232.7552,11
"393",9,2.9,232.9874,11
"394",9,3,233.3017,11
"395",9,3.1,233.6159,11
"396",9,3.2,233.9301,11
"397",9,3.3,234.2443,11
"398",9,3.4,234.518,11
"399",9,3.5,234.7744,11
"400",9,3.6,235.0307,11
"401",9,3.7,235.2871,11
"402",9,3.8,235.5434,11
"403",9,3.9,235.7998,11
"404",9,4,236.0561,11
"405",9,4.1,236.3125,11
"406",9,4.2,236.5688,11
"407",9,4.3,236.8252,11
"408",9,4.4,237.0815,11
"409",9,4.5,237.3379,11
"410",9,4.6,237.5942,11
"411",9,4.7,237.8506,11
"412",9,4.8,238.1069,11
"413",9,4.9,238.3633,11
"414",9,5,238.6196,11
"415",10,0.5,274.8525,12
"416",10,0.6,275.704,12
"417",10,0.7,276.5556,12
"418",10,0.8,277.4072,12
"419",10,0.9,277.853,12
"420",10,1,278.0834,12
"421",10,1.1,278.3138,12
"422",10,1.2,278.5442,12
"423",10,1.3,278.7747,12
"424",10,1.4,279.0051,12
"425",10,1.5,279.2355,12
"426",10,1.6,279.4659,12
"427",10,1.7,279.6963,12
"428",10,1.8,279.9267,12
"429",10,1.9,280.1417,12
"430",10,2,280.3465,12
"431",10,2.1,280.5512,12
"432",10,2.2,280.756,12
"433",10,2.3,281.02,12
"434",10,2.4,281.3729,12
"435",10,2.5,281.7258,12
"436",10,2.6,282.0787,12
"437",10,2.7,282.4316,12
"438",10,2.8,282.7845,12
"439",10,2.9,283.1374,12
"440",10,3,283.4903,12
"441",10,3.1,283.8432,12
"442",10,3.2,284.1961,12
"443",10,3.3,284.549,12
"444",10,3.4,284.9019,12
"445",10,3.5,285.2548,12
"446",10,3.6,285.6077,12
"447",10,3.7,285.9606,12
"448",10,3.8,286.3135,12
"449",10,3.9,286.6664,12
"450",10,4,287.0193,12
"451",10,4.1,287.3723,12
"452",10,4.2,287.7252,12
"453",10,4.3,288.0781,12
"454",10,4.4,288.431,12
"455",10,4.5,289.1101,12
"456",10,4.6,290.2786,12
"457",10,4.7,291.4471,12
"458",10,4.8,292.6156,12
"459",10,4.9,293.7841,12
"460",10,5,294.9526,12
"461",11,1.1,92.7413,13
"462",11,1.2,187.5743,13
"463",11,1.3,197.5515,13
"464",11,1.4,198.1002,13
"465",11,1.5,198.6489,13
"466",11,1.6,199.1976,13
"467",11,1.7,199.7463,13
"468",11,1.8,200.171,13
"469",11,1.9,200.3062,13
"470",11,2,200.4414,13
"471",11,2.1,200.5767,13
"472",11,2.2,200.7119,13
"473",11,2.3,200.8471,13
"474",11,2.4,200.9824,13
"475",11,2.5,201.1283,13
"476",11,2.6,201.2813,13
"477",11,2.7,201.4343,13
"478",11,2.8,201.5872,13
"479",11,2.9,201.7402,13
"480",11,3,201.8932,13
"481",11,3.1,202.0462,13
"482",11,3.2,202.1992,13
"483",11,3.3,202.3522,13
"484",11,3.4,202.5052,13
"485",11,3.5,202.6582,13
"486",11,3.6,202.8112,13
"487",11,3.7,202.9642,13
"488",11,3.8,203.1171,13
"489",11,3.9,203.2701,13
"490",11,4,203.4231,13
"491",11,4.1,203.5761,13
"492",11,4.2,203.7291,13
"493",11,4.3,203.8821,13
"494",11,4.4,204.0351,13
"495",11,4.5,204.1881,13
"496",11,4.6,204.3411,13
"497",11,4.7,204.4941,13
"498",11,4.8,204.6471,13
"499",11,4.9,204.8,13
"500",11,5,204.9797,13
"501",12,0.5,52.831,14
"502",12,0.6,68.617,14
"503",12,0.7,81.9244,14
"504",12,0.8,91.5139,14
"505",12,0.9,101.1033,14
"506",12,1,110.6928,14
"507",12,1.1,120.2823,14
"508",12,1.2,129.8717,14
"509",12,1.3,139.4612,14
"510",12,1.4,149.0507,14
"511",12,1.5,158.6402,14
"512",12,1.6,167.9423,14
"513",12,1.7,176.9572,14
"514",12,1.8,184.2375,14
"515",12,1.9,188.2717,14
"516",12,2,192.3061,14
"517",12,2.1,196.3404,14
"518",12,2.2,200.3746,14
"519",12,2.3,204.409,14
"520",12,2.4,208.4432,14
"521",12,2.5,212.4775,14
"522",12,2.6,216.5119,14
"523",12,2.7,220.5461,14
"524",12,2.8,224.5804,14
"525",12,2.9,228.6148,14
"526",12,3,232.649,14
"527",12,3.1,236.6834,14
"528",12,3.2,240.7177,14
"529",12,3.3,244.7519,14
"530",12,3.4,248.7863,14
"531",12,3.5,252.796,14
"532",12,3.6,256.8306,14
"533",12,3.7,260.9743,14
"534",12,3.8,265.1181,14
"535",12,3.9,269.262,14
"536",12,4,273.4058,14
"537",12,4.1,275.6144,14
"538",12,4.2,275.8878,14
"539",12,4.3,276.1612,14
"540",12,4.4,276.4345,14
"541",12,4.5,276.7079,14
"542",12,4.6,276.9813,14
"543",12,4.7,277.2547,14
"544",12,4.8,277.528,14
"545",12,4.9,277.8014,14
"546",12,5,278.0748,14
"547",13,0.5,26.0654,16
"548",13,0.6,29.6577,16
"549",13,0.7,33.2501,16
"550",13,0.8,36.8424,16
"551",13,0.9,41.4984,16
"552",13,1,47.8133,16
"553",13,1.1,54.1283,16
"554",13,1.2,60.4433,16
"555",13,1.3,66.7582,16
"556",13,1.4,72.8886,16
"557",13,1.5,78.2806,16
"558",13,1.6,83.6726,16
"559",13,1.7,89.0646,16
"560",13,1.8,94.4566,16
"561",13,1.9,102.6929,16
"562",13,2,110.9292,16
"563",13,2.1,119.1655,16
"564",13,2.2,127.4018,16
"565",13,2.3,135.6381,16
"566",13,2.4,140.3827,16
"567",13,2.5,144.7394,16
"568",13,2.6,149.0961,16
"569",13,2.7,153.4527,16
"570",13,2.8,157.8094,16
"571",13,2.9,162.1661,16
"572",13,3,163.3166,16
"573",13,3.1,164.4671,16
"574",13,3.2,165.6176,16
"575",13,3.3,166.768,16
"576",13,3.4,167.9185,16
"577",13,3.5,168.6212,16
"578",13,3.6,169.2742,16
"579",13,3.7,169.9271,16
"580",13,3.8,170.58,16
"581",13,3.9,171.233,16
"582",13,4,171.8859,16
"583",13,4.1,172.5389,16
"584",13,4.2,173.1918,16
"585",13,4.3,173.8447,16
"586",13,4.4,174.4977,16
"587",13,4.5,175.1506,16
"588",13,4.6,175.8035,16
"589",13,4.7,176.4565,16
"590",13,4.8,177.1094,16
"591",13,4.9,177.7624,16
"592",13,5,178.4153,16
"593",14,0.5,26.4291,17
"594",14,0.6,31.7149,17
"595",14,0.7,37.0007,17
"596",14,0.8,42.2866,17
"597",14,0.9,48.598,17
"598",14,1,56.448,17
"599",14,1.1,64.298,17
"600",14,1.2,72.148,17
"601",14,1.3,79.998,17
"602",14,1.4,89.6039,17
"603",14,1.5,99.2098,17
"604",14,1.6,108.1251,17
"605",14,1.7,111.111,17
"606",14,1.8,114.5112,17
"607",14,1.9,117.9113,17
"608",14,2,121.3114,17
"609",14,2.1,124.7116,17
"610",14,2.2,128.1117,17
"611",14,2.3,131.5118,17
"612",14,2.4,134.9072,17
"613",14,2.5,138.6529,17
"614",14,2.6,140.8886,17
"615",14,2.7,141.9612,17
"616",14,2.8,143.0337,17
"617",14,2.9,144.1063,17
"618",14,3,145.1789,17
"619",14,3.1,146.2515,17
"620",14,3.2,147.324,17
"621",14,3.3,148.3966,17
"622",14,3.4,151.0625,17
"623",14,3.5,153.7284,17
"624",14,3.6,156.3943,17
"625",14,3.7,159.7115,17
"626",14,3.8,163.68,17
"627",14,3.9,167.6485,17
"628",14,4,171.617,17
"629",14,4.1,174.9809,17
"630",14,4.2,176.9339,17
"631",14,4.3,177.7371,17
"632",14,4.4,178.4126,17
"633",14,4.5,179.088,17
"634",14,4.6,179.7635,17
"635",14,4.7,180.439,17
"636",14,4.8,181.1145,17
"637",14,4.9,181.7899,17
"638",14,5,182.4654,17
"639",15,0.5,52.2804,18
"640",15,0.6,62.7365,18
"641",15,0.7,123.5603,18
"642",15,0.8,124.5716,18
"643",15,0.9,125.583,18
"644",15,1,126.5943,18
"645",15,1.1,127.6057,18
"646",15,1.2,128.617,18
"647",15,1.3,129.3903,18
"648",15,1.4,129.8889,18
"649",15,1.5,130.3876,18
"650",15,1.6,130.8862,18
"651",15,1.7,140.7737,18
"652",15,1.8,150.6611,18
"653",15,1.9,160.5485,18
"654",15,2,170.4359,18
"655",15,2.1,180.3233,18
"656",15,2.2,188.3245,18
"657",15,2.3,188.7804,18
"658",15,2.4,189.2364,18
"659",15,2.5,189.6924,18
"660",15,2.6,190.1483,18
"661",15,2.7,190.6043,18
"662",15,2.8,191.0603,18
"663",15,2.9,191.5162,18
"664",15,3,191.9722,18
"665",15,3.1,251.0742,18
"666",15,3.2,251.8408,18
"667",15,3.3,252.6075,18
"668",15,3.4,253.3742,18
"669",15,3.5,254.1408,18
"670",15,3.6,254.9075,18
"671",15,3.7,255.6741,18
"672",15,3.8,256.4408,18
"673",15,3.9,257.2075,18
"674",15,4,257.9741,18
"675",15,4.1,258.7408,18
"676",15,4.2,259.5075,18
"677",15,4.3,260.2741,18
"678",15,4.4,261.0408,18
"679",15,4.5,261.8075,18
"680",15,4.6,262.5741,18
"681",15,4.7,263.8539,18
"682",15,4.8,265.3535,18
"683",15,4.9,266.8532,18
"684",15,5,268.3529,18
"685",16,0.5,27.5443,19
"686",16,0.6,52.4104,19
"687",16,0.7,58.4256,19
"688",16,0.8,59.1905,19
"689",16,0.9,59.9553,19
"690",16,1,60.7202,19
"691",16,1.1,61.485,19
"692",16,1.2,62.2499,19
"693",16,1.3,63.0147,19
"694",16,1.4,63.7796,19
"695",16,1.5,64.4978,19
"696",16,1.6,64.6884,19
"697",16,1.7,64.8068,19
"698",16,1.8,64.9253,19
"699",16,1.9,65.0438,19
"700",16,2,65.1623,19
"701",16,2.1,65.2808,19
"702",16,2.2,65.3992,19
"703",16,2.3,65.5177,19
"704",16,2.4,65.6541,19
"705",16,2.5,65.8321,19
"706",16,2.6,66.0101,19
"707",16,2.7,66.1881,19
"708",16,2.8,66.3662,19
"709",16,2.9,66.5442,19
"710",16,3,66.7222,19
"711",16,3.1,66.9002,19
"712",16,3.2,67.0783,19
"713",16,3.3,67.2563,19
"714",16,3.4,67.4488,19
"715",16,3.5,67.675,19
"716",16,3.6,67.9012,19
"717",16,3.7,68.1274,19
"718",16,3.8,68.3536,19
"719",16,3.9,68.5798,19
"720",16,4,68.806,19
"721",16,4.1,69.0323,19
"722",16,4.2,69.2585,19
"723",16,4.3,69.4847,19
"724",16,4.4,69.7109,19
"725",16,4.5,69.9371,19
"726",16,4.6,70.1878,19
"727",16,4.7,70.4956,19
"728",16,4.8,70.8035,19
"729",16,4.9,71.1113,19
"730",16,5,71.4191,19
"731",17,0.5,133.0211,21
"732",17,0.6,135.4238,21
"733",17,0.7,137.8265,21
"734",17,0.8,139.9067,21
"735",17,0.9,140.9153,21
"736",17,1,141.57,21
"737",17,1.1,142.2248,21
"738",17,1.2,142.8796,21
"739",17,1.3,143.3957,21
"740",17,1.4,143.8195,21
"741",17,1.5,144.2433,21
"742",17,1.6,144.6671,21
"743",17,1.7,145.0909,21
"744",17,1.8,145.5147,21
"745",17,1.9,146.2169,21
"746",17,2,146.9501,21
"747",17,2.1,147.6834,21
"748",17,2.2,148.4166,21
"749",17,2.3,149.1498,21
"750",17,2.4,149.883,21
"751",17,2.5,150.6162,21
"752",17,2.6,151.3494,21
"753",17,2.7,152.0952,21
"754",17,2.8,152.8537,21
"755",17,2.9,154.5575,21
"756",17,3,157.6795,21
"757",17,3.1,160.8014,21
"758",17,3.2,163.9233,21
"759",17,3.3,167.1832,21
"760",17,3.4,170.9954,21
"761",17,3.5,172.7478,21
"762",17,3.6,174.2713,21
"763",17,3.7,175.7949,21
"764",17,3.8,177.3185,21
"765",17,3.9,178.842,21
"766",17,4,180.3656,21
"767",17,4.1,181.8892,21
"768",17,4.2,183.4127,21
"769",17,4.3,184.9363,21
"770",17,4.4,186.4599,21
"771",17,4.5,187.9835,21
"772",17,4.6,189.507,21
"773",17,4.7,191.0306,21
"774",17,4.8,192.5542,21
"775",17,4.9,194.0777,21
"776",17,5,195.6013,21
"777",18,0.5,41.0712,22
"778",18,0.6,45.8675,22
"779",18,0.7,50.6636,22
"780",18,0.8,55.4599,22
"781",18,0.9,60.2561,22
"782",18,1,65.0523,22
"783",18,1.1,69.6452,22
"784",18,1.2,72.408,22
"785",18,1.3,75.1708,22
"786",18,1.4,77.9337,22
"787",18,1.5,79.4606,22
"788",18,1.6,80.0278,22
"789",18,1.7,80.4249,22
"790",18,1.8,80.822,22
"791",18,1.9,81.2191,22
"792",18,2,81.6161,22
"793",18,2.1,82.0131,22
"794",18,2.2,82.3944,22
"795",18,2.3,82.7387,22
"796",18,2.4,83.0552,22
"797",18,2.5,83.3648,22
"798",18,2.6,83.6744,22
"799",18,2.7,83.9839,22
"800",18,2.8,84.2935,22
"801",18,2.9,84.6031,22
"802",18,3,84.9127,22
"803",18,3.1,85.2223,22
"804",18,3.2,85.5318,22
"805",18,3.3,85.8414,22
"806",18,3.4,86.151,22
"807",18,3.5,86.482,22
"808",18,3.6,86.8153,22
"809",18,3.7,87.184,22
"810",18,3.8,87.6351,22
"811",18,3.9,88.0862,22
"812",18,4,88.5374,22
"813",18,4.1,94.0376,22
"814",18,4.2,98.452,22
"815",18,4.3,100.6999,22
"816",18,4.4,103.1472,22
"817",18,4.5,105.5944,22
"818",18,4.6,108.0416,22
"819",18,4.7,110.4888,22
"820",18,4.8,112.9361,22
"821",18,4.9,115.1737,22
"822",18,5,115.5259,22
"823",19,0.5,103.443,23
"824",19,0.6,104.8668,23
"825",19,0.7,106.2906,23
"826",19,0.8,107.7145,23
"827",19,0.9,109.0869,23
"828",19,1,110.254,23
"829",19,1.1,110.6089,23
"830",19,1.2,110.9638,23
"831",19,1.3,111.3188,23
"832",19,1.4,111.6737,23
"833",19,1.5,112.0287,23
"834",19,1.6,112.3836,23
"835",19,1.7,112.7385,23
"836",19,1.8,113.0935,23
"837",19,1.9,113.4484,23
"838",19,2,113.9095,23
"839",19,2.1,114.3824,23
"840",19,2.2,114.8553,23
"841",19,2.3,115.3281,23
"842",19,2.4,115.801,23
"843",19,2.5,116.2739,23
"844",19,2.6,116.7468,23
"845",19,2.7,117.2197,23
"846",19,2.8,117.6926,23
"847",19,2.9,118.7317,23
"848",19,3,118.6384,23
"849",19,3.1,119.1113,23
"850",19,3.2,119.5841,23
"851",19,3.3,120.057,23
"852",19,3.4,120.5299,23
"853",20,0.5,43.1646,26
"854",20,0.6,43.9579,26
"855",20,0.7,44.7513,26
"856",20,0.8,45.5446,26
"857",20,0.9,46.3379,26
"858",20,1,47.1312,26
"859",20,1.1,47.9245,26
"860",20,1.2,48.7179,26
"861",20,1.3,49.3591,26
"862",20,1.4,50.5827,26
"863",20,1.5,52.4056,26
"864",20,1.6,57.1073,26
"865",20,1.7,62.1288,26
"866",20,1.8,67.1504,26
"867",20,1.9,72.1719,26
"868",20,2,77.1935,26
"869",20,2.1,82.215,26
"870",20,2.2,87.2282,26
"871",20,2.3,89.5254,26
"872",20,2.4,90.0178,26
"873",20,2.5,90.5102,26
"874",20,2.6,91.0025,26
"875",20,2.7,91.4949,26
"876",20,2.8,91.9873,26
"877",20,2.9,96.5554,26
"878",20,3,109.3349,26
"879",20,3.1,110.4235,26
"880",20,3.2,111.512,26
"881",20,3.3,112.6005,26
"882",20,3.4,113.6891,26
"883",20,3.5,114.7777,26
"884",20,3.6,115.8662,26
"885",20,3.7,116.9547,26
"886",20,3.8,118.0433,26
"887",20,3.9,119.1318,26
"888",20,4,120.2203,26
"889",20,4.1,122.509,26
"890",20,4.2,125.9976,26
"891",20,4.3,129.4862,26
"892",20,4.4,132.9748,26
"893",20,4.5,136.4724,26
"894",20,4.6,140.0057,26
"895",20,4.7,142.5648,26
"896",20,4.8,142.8509,26
"897",20,4.9,143.1369,26
"898",20,5,143.423,26
"899",21,0.5,59.2996,27
"900",21,0.6,75.7584,27
"901",21,0.7,92.2171,27
"902",21,0.8,108.6759,27
"903",21,0.9,126.1875,27
"904",21,1,138.1194,27
"905",21,1.1,150.7949,27
"906",21,1.2,163.3697,27
"907",21,1.3,174.8531,27
"908",21,1.4,191.7273,27
"909",21,1.5,212.7368,27
"910",21,1.6,233.7463,27
"911",21,1.7,254.7451,27
"912",21,1.8,275.7009,27
"913",21,1.9,296.6565,27
"914",21,2,317.6123,27
"915",21,2.1,338.5679,27
"916",21,2.2,359.5239,27
"917",21,2.3,380.4795,27
"918",21,2.4,406.0215,27
"919",21,2.5,432.0731,27
